page_number,url,text
1,https://hymnary.org/page/fetch/SSSH1989/1/high,"Jesus, I My Cross Have Taken 1 HENRY F LYTE Ascribed to WOLFGANG A. MOZART Arr. by Hubert P. Main [NEWLINE] 1. Je sus, 1 my cross have tak en, All to leave, and fol low Thee; 2. Let the world de spise and leave me, They have left my Sav iour, too; 3. Man   may trouble and distress me, 'Twill but drive me t0 Thy breast; 4. Haste thee on from  grace to glo ry, Armed by faith, and winged by pray'r; [NEWLINE] 4 Des titute, de spised, forsak en, Thou from hence , my all shall be. Hu man hearts and looks deceive me, Thou art not, like man, un true. Life with tri als hard may press me, Heav 'n will bring me sweeter rest, Heav'n S eter nal day"" S before thee, God '$ own hand  shall guide thee there . [NEWLINE] #XVV| Per ish ev 'ry fond ambi tion, AlI [ve sought, and hoped, and known; And, while Thou shalt smile upon me, God of wis dom, love, and might, 0 tis not in grief to harm me, While Thy love is left to me; Soon   shall close thy earthly mis sion, Swift shall pass   thy pil grim days, [NEWLINE] Yet how rich is my condi tion, God and Heav'n are still my own! Foes may hate, and friends may shun me; Show Thy face, and all is bright. 0 twere not in joy to charm me, Were that joy un mixed with Thee. Hope shall change to glad fru tion, Faith to   sight, and pray r t0 praise. [NEWLINE] Favorite song of Dr. John R; Rice and Dr. Arthur DeMoss."
2,https://hymnary.org/page/fetch/SSSH1989/2/high,"Glory to His Name ELISHA A. HOFFMAN JOHN H. STOCKTON [NEWLINE] 1_ Down at the cross   where my Sav iour died, Down where  for cleansing from 2. 1 am So won drously saved from sin; Je sus SO sweet ly a 3_ 0 precious fountain that saves from sin; I am SO glad 1have 4. Cometo this foun tain SO rich and sweet; Cast thy poor soul at the [NEWLINE] BE sin [ cried, There to my heart was the   blood applied; Glo ry to His bides within, There at the cross where He took me in; Glo ry to His entered  in; There Je suS saves me and keeps  me clean; Glo ry t0 His Saviour'$ feet; Plunge in to day and be made complete; Glo Ty to His [NEWLINE] name [NEWLINE] Glo ry to His name, [NEWLINE] Glo ry to His name; [NEWLINE] There to my heart was the blood applied; Glo ry to His name."
3,https://hymnary.org/page/fetch/SSSH1989/3/high,"Jesus Paid It AlI ELVINA M HALL [NEWLINE] JOHN T. GRAPE [NEWLINE] hear the Saviour say, ""Thy strength indeed is small, Child of 2 Lord, now in deed [ find Thy pow'r, and Thine a lone, Can 3 For noth ing"" good have [ Whereby Thy grace to  claim FI 4. And when, before the   throne, [ stand in Him complete, ~Je suS [NEWLINE] weak ness, watch and pray, Find   in Me thine all in all:' change the leper' $ spots, And melt the   heart of stone wash my garments   white In the blood of Calv'ry'$ Lamb. died my soul to save, My lips shall still re peat: [NEWLINE] Je [NEWLINE] suS [NEWLINE] paid it all, [NEWLINE] All [NEWLINE] to Him [ owe; [NEWLINE] Sin had left a crim son stain, He washed it white as snow"
4,https://hymnary.org/page/fetch/SSSH1989/4/high,"The Way of the Cross Leads Home JESSIE B. POUNDS CHARLES H. GABRIEL [NEWLINE] 1. must needs go Home   by the way of the cross, There' $ no oth er 2. [ must needs go on in the bloodsprinkled way, The path that   the 3. Then [ bid fare well to the way of the world, To walk in it [NEWLINE] way but this; Sav iour trod, nev er more; [NEWLINE] shall ne'er get sight of the Gates of Light,  If the If 1 ev er climb to the heights sublime, Where the For my Lord says, ""Come;' and [ seek my Home, Where He [NEWLINE] way of the cross miss. soul is at Home with God. waits at the pen door: [NEWLINE] The way of the cross   leads [NEWLINE] Home, The way of the cross   leads Home; It is leads Home, leads Home;"
5,https://hymnary.org/page/fetch/SSSH1989/5/high,"ZlA3 sweet to know as on ward g0, The way of the cross leads   Home [NEWLINE] When I Survey the Wondrous Cross 5 ISAAC WATTS Arranged by Lowell Mason [NEWLINE] L. When 1 sur vey the 2_ For bid it, Lord! that 3. See, from His head, His 4. Were the whole realm of [NEWLINE] won [NEWLINE] drous crosS, On which the 1 should boast; Save in the hands, His feet, Sor row and na ture mine, That were a [NEWLINE] Prince of Glo ry died, death of Christ my God: love flow min gled down: pres ent far too small; [NEWLINE] My rich est gain AII the vain things that Did e'er such love and Love SO a maz ing; [NEWLINE] count but charm me [NEWLINE] loss, And pour con tempt on all my pride. most, 1 sac ri fice them to His blood . sor row meet, Or thorns compose So rich a crown? So di vine, Demands my soul, my life, my all. [NEWLINE] Favorite song of Dr. Bill Rice and composer John W. Peterson."
6,https://hymnary.org/page/fetch/SSSH1989/6/high,"Beneath the Cross 0f Jesus [NEWLINE] ELIZABETH C. CLEPHANE [NEWLINE] FREDERICK C MAKER [NEWLINE] 1. Beneath the cross of Je suS 1 fain would take my stand, The 2, Up _ on that cross of Je sus Mine eye at times can see The 3. [ take, 0 cross, thy  shad ow For my abid ing place; 1 [NEWLINE] shad Ow of a mighty Rock With in a wea ry land; A ver y dy ing form of One Who suf fered  there for me; And ask no oth er sunshine than  The sun shine of His face; Con [NEWLINE] pH [NEWLINE] home   within the wil derness, A rest up on the way, From the from my smitten heart with tears, Two won ders I confess: The tent to let the world go by, To know no gain nor loss, My [NEWLINE] burn ing of the noontide   heat, And the bur den of the day: won ders of His glorious love, And my own worthless ness. sin ful   self my on ly  shame, My glo ry all the cross!"
7,https://hymnary.org/page/fetch/SSSH1989/7/high,"I Gave My Life for Thee FRANCES R. HA VERGAL PHILIP P. BLISS [NEWLINE] 1,[ gave my   life for thee, 2 My Father's house of light, 3. [ suffered much for thee, 4_ And [ have brought to thee, [NEWLINE] My precious blood [ shed, That My glo Ty cir cled  throne I More than thy tongue can tell, Of Down from My Home a bove, Sal [NEWLINE] thou   might'st   ransomed be, left for earth ly night; bit t'rest ag ny, va tion full and free, [NEWLINE] And quickened from the dead; For wand rings sad and lone; To res cue thee from   Hell; Fve My par don and My love; 1 [NEWLINE] gave, gave My life for thee, What   hast thou giv'n for Me? left;, left it all for thee, Hast thou left aught for Me? borne, I've borne it all for thee, What   hast thou borne for Me? [ve bring, I bring rich gifts to thee, What  hast thou brought to Me? 1 [NEWLINE] gave, gave My life for thee, What hast thou giv 'n for Me? left, left it all for thee, Hast thou left aught for Me? borne, I 've borne it all for thee, What hast thou borne for Me? bring; 1 bring rich gifts to thee, What hast thou brought tO Me? [NEWLINE] JE"
8,https://hymnary.org/page/fetch/SSSH1989/8/high,[This image is under copyright]
9,https://hymnary.org/page/fetch/SSSH1989/9/high,[This image is under copyright]
10,https://hymnary.org/page/fetch/SSSH1989/10/high,"Near the Cross [NEWLINE] FANNY J. CROSBY [NEWLINE] WILLIAM H. DOANE [NEWLINE] 1. Je suS, keep me near the cross, There a pre cious foun tain 2 Near the cross, a trem bling soul; Love and mer cy found me; 3. Near the cross! 0 Lamb of God, Bring its scenes be fore me; 4. Near the cross PII watch and wait, Hop ing; trust ing ev er, [NEWLINE] Free to all a heal ing stream , Flows   from Cal v'ry'$ moun tain. There the Bright and Mom ing Star Sheds its beams a round me Help me walk from day to day, With its shad owS 0 er me_ Till reach the gold en strand Just beyond the riv er. [NEWLINE] In the cross, in the cross, Be my glo Ty ev er; [NEWLINE] EX [NEWLINE] Till my   rap tured   soul shall  find [NEWLINE] Rest be yond the riv er:"
11,https://hymnary.org/page/fetch/SSSH1989/11/high,"He Died for Me 11 EDWIN 0. EXCELL [NEWLINE] JOHN NEWTON [NEWLINE] L [ saw One hanging on a tree, In ag 0 ny and blood; He 2. Sure, nev er, till my lat est breath, Can 1 for get that look: It 3 My conscience felt and   owned the guilt, And plunged me in de spair; I 4. A las! 1 knew not what I did_ But now my tears are vain: Where 5. A sec ond look He gave, which said, ""I free ly all for give: This [NEWLINE] fixed His   lan guid eyes on me, As near His cross I stood. seemed to charge me with His death; Though not a word He   spoke. saw my sins His blood had spilt And  helped to nail Him  there. shall my trem bling soul be hid? For [ the Lord have slain: blood is for thy ran som paid, die that thou   may'st live: [NEWLINE] Oh, can it be, on a tree The Sav iour  died for me? up [NEWLINE] My soul is thrilled, my heart is filled, To think He   died for mel"
12,https://hymnary.org/page/fetch/SSSH1989/12/high,[This image is under copyright]
13,https://hymnary.org/page/fetch/SSSH1989/13/high,[This image is under copyright]
14,https://hymnary.org/page/fetch/SSSH1989/14/high,[This image is under copyright]
15,https://hymnary.org/page/fetch/SSSH1989/15/high,"Lead Me to Calvary 15 JENNIE E. HUSSEY WILLIAM J. KIRKPATRICK [NEWLINE] King of   my life, crown Thee now, Thine shall the glo Ty be; 2. Show me the tomb where Thou wast laid, Ten derly mourned andwept; 3. Let me like Ma ry, through the gloom, Come with a gift to Thee; 4 May I be will ing; Lord, to bear Dai ly my cross   for Thee; [NEWLINE] Lest [ for get Thy thorcrowned brow, Lead me to Cal va Ty. An gels in robes of light ar rayed Guarded Thee whilst Thou slept: Show to me now the emp ty tomb, Lead me to Cal va ry. E ven Thy "" cup of grief to share, Thou hast borne all for me. [NEWLINE] Lest forget Gethsem ane; Lest [ forget Thine ag 0-ny; [NEWLINE] Lest forget Thy love for me, Lead me to Cal va Ty [NEWLINE] Copyright 1921. Renewal 1949 by W. K. Woodruff. Assigned to Hope Publishing Company. All rights reserved. Used by permission."
16,https://hymnary.org/page/fetch/SSSH1989/16/high,"16 Majestic Sweetness Sits Enthroned SAMUEL STENNETT THOMAS HASTINGS [NEWLINE] 13 Ma jes tic sweet ness sits enthroned Up on the Sav iour' $ 2. No mor tal can with Him compare, A mong the sons of 3. He saw me plunged in deep dis tress , And flew to my re 4 To Him 1 owe my life and breath, And all the joys [NEWLINE] brow; [NEWLINE] His head with ra diant glo ries crowned, His Fair er is He than all the fair Who For me He bore the shame ful cross, And He makes me tri umph ver  death, And [NEWLINE] men; lief; have; [NEWLINE] lips with grace 0'er flow  fill the heav'nly train, car ried  all my grief, saves me   from the grave, [NEWLINE] His lips with grace 0'er flow. Who fill the heav'nly train, And car ried all my grief: And saves me from the grave. [NEWLINE] Favorite song of Dr. Robert G_ Lee. [NEWLINE] One Day! J WILBUR CHAPMAN [NEWLINE] CHARLES H. MARSH [NEWLINE] 1. One day ` when Heav en was   filled with His prais es, One day ` when 2. One day they led Him up Cal vaTy' $ moun tain, One day ` they 3. One day they left Him a lone in the gar den, One day He 4 One day the grave could con ceal Him no long er, One day the 5_ One day the trum pet will   sound for His   com ing, One day the [NEWLINE] Copyright 1910 by C H. Marsh: Copyright Renewed 1938 (extended) by C H. Marsh. Assigned to The Rodeheaver Co. Used by Permission."
17,https://hymnary.org/page/fetch/SSSH1989/17/high,"sin was as dark aS could be, nailed Him to die on the tree; rest ed, from suffer-ing free; stone rolled a way from the door; skies with His glories will shine; [NEWLINE] Jesus came forth to be Suffer-ing an guish, deAn-gels came down 0'er His Then He a rose , ver Wonder-ful day, my be [NEWLINE] pH [NEWLINE] born of a vir gin: Dwelt amongst men, my ex ample is Hel spised and reject ed: Bearing our sins, my Re deemer is Hel tomb to keepvig il; Hope of the hopeless, my Saviour is Hel death He had conquered; Now is ascend ed, my Lord ev ermorel loved ones bringing; Glori ous Sav iour, this Jesus is minel [NEWLINE] Tid [NEWLINE] TX Living, He loved me; dy ing, He saved me; Buried, He [NEWLINE] car [NEWLINE] ried my sins far away; [NEWLINE] Rising, He jus tified, [NEWLINE] cresc 6+ [NEWLINE] rit. [NEWLINE] freely forev er; One day He's com ing; 0 glori ouS day! 2 4 45+"
18,https://hymnary.org/page/fetch/SSSH1989/18/high,"18 Take the Name of Jesus With You LYDIA BAXTER WILLIAM H: DOANE [NEWLINE] # 1. Take the name of Je sus with you, Child of sorrow and of woe; 2. Take  the name of Je sus ev er, As a shield from ev ry snare; 3. 0 the   precious name of Je sus! How it thrills our souls with joy, 4 At the name of Je sus bow_ ing; Fall ing prostrate at His   feet; [NEWLINE] It will joy and comfort give you, Take it, then, where'er you go. If tempta-tions'round you gath er, Breathe that ho ly name in prayer: When His lov ing arms receive uS, And His songs Our tongues employ! King of kings in Heav'n we 'Il crown Him, When our jour ney is com ~plete. [NEWLINE] Precious name, [NEWLINE] 0 how sweet! [NEWLINE] Hope of earthand joy of Heav'n; [NEWLINE] Precious name, [NEWLINE] 0 how sweet! [NEWLINE] Precious name, [NEWLINE] how  sweet! [NEWLINE] Hope of   earth and joy of Heav'n. [NEWLINE] Precious name, 0 how sweet; how sweet!"
19,https://hymnary.org/page/fetch/SSSH1989/19/high,"There Is a Fountain 19 WILLIAM COWPER EARLY AMERICAN MELODY [NEWLINE] 1. There is a fountain filled with blood Drawn from Imman uel ' $ veins; 2 The dy ing thief re joiced to see That foun tain in his day; 3. Dear dy ing Lamb, Thy precious blood Shall nev er  lose its pow r, 4 E'er since, by faith, 1 saw the stream Thy flow ing wounds sup ply, 5. Then in no bler, sweet er song, IIL sing Thy pow' r to save, [NEWLINE] And sin ners, plunged beneath that flood, Lose all their guil ty stains: And there  may I, though vile as he, Wash all my sins a way: Till all the ran somed church of God Be saved, to sin no more: Re deeming love has been my theme , And shall be   till I die: When this poor lisp ~ ing, stamm ring tongue Lies Si lent   in the grave: [NEWLINE] Lose all their guil ty stains, Wash all my sins a way, Be saved, to sin no more , And shall be till die, Lies si lent in the grave, [NEWLINE] Lose all their guil ty stains; Wash all my sins a way; Be saved, to sin no more; And shall be till T die; Lies si lent in the grave; [NEWLINE] And sin ners, plunged beneath that flood, Lose all their guil ty stains. And there   may [, though vile as he, Wash all my sins a way: Till all the   ransomed church of God Be saved, t0 sin no more . Re deem ing love has been my theme, And shall be till 1 die. When this poor lisp ing; stamm ring ` tongue Lies si lent in the grave. [NEWLINE] Favorite song of Dr. Tom Malone and Dr. Harold Sightler ."
20,https://hymnary.org/page/fetch/SSSH1989/20/high,"When I See the Blood [NEWLINE] JOHN FOOTE [NEWLINE] J.G. FOOTE [NEWLINE] 1. Christ our Redeem er died on the cross, Died for the sin ner, 2, Chief est of  sin ners , Je sus can save, As He has prom ised, 3. Judg ment is com ing; all will be there, Who have reject ed, 4 0 what compas sion, 0 boundless lovel Je suS hath pow er, [NEWLINE] paid all his due; SO will He do; who have refused. Je suS is true; [NEWLINE] AII who receive Him need nev er  fear, sin ner, hear   Him, trust in His Word, sin ner, has ten;, let Je sus in, AlI who believe are safe from the storm, [NEWLINE] Yes, He will pass,  will pass Then He will pass,  will pass Then God will pass, will pass He will pass, will pass [NEWLINE] ver you. ver you: When ver you. ver you: [NEWLINE] see the [NEWLINE] When [NEWLINE] blood, [NEWLINE] When [NEWLINE] see the blood, [NEWLINE] When [NEWLINE] see the [NEWLINE] see the blood, [NEWLINE] When 1 [NEWLINE] see the blood, [NEWLINE] When ["
21,https://hymnary.org/page/fetch/SSSH1989/21/high,"rit [NEWLINE] blood, will pass, [ will pass 0 ver you: see the   blood, [NEWLINE] ver you. [NEWLINE] What a Wonderful Saviour! [NEWLINE] ELISHA A. HOFFMAN [NEWLINE] ELISHA A, HOFFMAN [NEWLINE] 1. Christ has for sin a tonement made, What a won der ful Sav iour! 2. 1 praise  Him for the cleansing blood, What a won der ful Sav iour! 3. He cleansed my heart from all its sin, What a won der ful Sav iour! 4 He gives me ver com ing` pow'r, What a won der ful Sav iour! 5 To Him [ ve giv en all my heart, What a won der ful Sav iour! [NEWLINE] We are redeemed! The price is paid! What a won der ful Sav iour! That rec on ciled my soul to God; What a won der ful Sav iour! And now He reigns and rules   there in; What a won der ful Sav iour! And tri umph in each try ing hour; What a won der ful Sav iour! The world shall nev er share a part; What a won der ful Sav iour! [NEWLINE] What a won der ful Sav iour is Je sus, my Je sus! [NEWLINE] What a won der ful Sav iour is Je suS, my Lord!"
22,https://hymnary.org/page/fetch/SSSH1989/22/high,"22 Are You Washed in the Blood? ELISHA A. HOFFMAN ELISHA A. HOFFMAN [NEWLINE] Have you been to Je suS for the cleansing pow'r? Are you washed in the 2. Are you walk ing dai ly by the Sav iour'$ side? Are you washed in the 3 When the Bridegroom cometh will your robes be   white? Are you washed in the 4 Lay a side the garments that are stained with sin, And be washed in the [NEWLINE] R8|NH [NEWLINE] blood of the Lamb? Are you ful ly trusting in His grace this hour? Are you blood of the Lamb? Do you rest each moment in the Cru ci fied? Are you blood of the Lamb? Will your soul be ready for the mansions bright; And be blood of the Lamb? There' $ a fountain  flowing for the soul un clean, 0 be [NEWLINE] washed in the blood of   the Lamb? washed in the blood of   the Lamb? Are you washed in the blood, washed in the blood of the Lamb? Are you washed in the blood, washed in the blood of the Lamb? [NEWLINE] B In the soulcleans-ing blood of the Lamb? Are your   garments of the Lamb? [NEWLINE] 3e}) 4V spotless? Are they white as snow? Are you washed in the blood   of the Lamb?"
23,https://hymnary.org/page/fetch/SSSH1989/23/high,"There Is Power in the Blood 23 LEWIS E. JONES LEWIS E. JONES [NEWLINE] 1. Would you be free from your bur den of sin? There'$ pow'r in the blood, 2. Would you be free from your pas sion and pride? There '$ pow in the blood, 3. Would you bewhit er,much whit er than snow? There'$ pow in the blood, 4. Would you do serv ice for Je sus your King? There'$ pow'r in the blood, [NEWLINE] pow r in the blood; Would  you 0'er e vil a vic tory win? There $ pow r in the blood; Come for a cleansing to Cal vary S tide; There ' $ pow' r in the blood; Sin stains are lost in its life giving flow; There ' $ pow r in the blood; Would you live dai ly His prais es to sing? There' $ [NEWLINE] won der ful pow'r in the   blood. won der ful pow'r in the   blood. There is pow'1, pow 1, Wonder-working pow r won derful pow'r in the   blood, there is won derful pow'r in the blood_ [NEWLINE] In the   blood [NEWLINE] of the Lamb; There is pow' I, pow 5, In the blood, of the Lamb; there is [NEWLINE] Wonder - working pow r In the pre cious blood of the Lamb."
24,https://hymnary.org/page/fetch/SSSH1989/24/high,"24 And Can It Be That I Should Gain? [NEWLINE] CHARLES WESLEY [NEWLINE] THOMAS CAMPBELL [NEWLINE] 1. And can it be that 1 should gain An in t'rest in the 2. He left His   Fa ther'$ throne a bove, So free, SO in fi 3. Long my impris oned spir Iay Fast bound  in sin and [NEWLINE] Sav iour's   blood? Died He for me, who caused His pain? For me, who nite His grace; Emptied Himself of all but love, And bled for na ture 's  night; Thine eyedif fused a quick- 'ning ray, 1 woke, the [NEWLINE] Him to death pur sued? A ~mazing lovel how can it be That A dam 's helpless race; 'Tis mercy all, im mense and free; For, dun geon flamed with light; My chains fell off, my heart was free; 1 [NEWLINE] Thou, my God, should'st  die for me? A maz ing lovel how 0 my God, it found out me. rose , went forth, and fol lowed Thee. A mazing lovel"
25,https://hymnary.org/page/fetch/SSSH1989/25/high,"can it be [NEWLINE] That Thou, my God, should'st die for me? How can it be That Thou, my God, [NEWLINE] Favorite song of Dr. Bob Jones III and Dr, Rod Bell, [NEWLINE] Wounded for Me W. G. OVENS and GLADYS W. ROBERTS [NEWLINE] W. G. OVENS [NEWLINE] 1. Wound ed for me; wounded for me_ There on the cross 2. Dy ing for me, dy ing for me, There on the crosS 3. Ris en for me, ris en for me, Up from the grave 4 Liv ing for me, liv ing for me, Up in the skies 5. Com ing for me, com ing for me, One day to earth [NEWLINE] He was wound ed for me; He was dy ing for me; He has ris en for me; He is liv ing for me; He is com ing for me; [NEWLINE] Gone my trans gres sions, and Now in His death my re Now ev er more from death '$ Dai ly He's plead ing and Then with what joy His dear [NEWLINE] dim [NEWLINE] now am free, demption [ see, sting [ am free, praying for me, face [ shall see, [NEWLINE] AII because Je sus was wounded for me. AlL because Je suS was dy ing for me AII because Je suS has ris en for me AII because Je suS is liv ing for me_ how [ praise Him! He '$ com-: ing for me"
26,https://hymnary.org/page/fetch/SSSH1989/26/high,"Hallelujah for the Cross! HORATIUS BONAR, arr. JAMES McGRANAHAN [NEWLINE] 1. The cross it stand eth fast, Halle lu jah, hal le lu jah! De- 2 It is the  old cross still; Hal le lu jah, hal le lu jah! Its 3. 'Twas there the debt was paid, Hal le lu jah,  hal le lu jah! Our [NEWLINE] fy ing ev ry blast, Halle lu jah, hal le lu jah! The tri umph let uS tell Halle lu jah, hal le lu jah! The sins on Je suS laid, Hal le lu jah, hal le lu jah! So [NEWLINE] winds of Hell have blown, The world its hate   hath shown, Yet it of God  here shone   Through Christ the bless ed Son, Who grace roundthe cross we sing Of Christ our of fer ing; Of [NEWLINE] is not ver thrown, Hal le lu jah for the cross! did for sin a tone, Hal le lu jah for the cross! Christ our liv ing King, Hal le lu jah for the cross!"
27,https://hymnary.org/page/fetch/SSSH1989/27/high,"Obligato Duet: Soprano (or Tenor) and Alto [NEWLINE] Hal le lu jah, hal le lu jah, Soprano and Alto (may omit middle, sing upper staff) [NEWLINE] Halle [NEWLINE] Hal le lujah, Tenor and Bass [NEWLINE] hal le lu jah; Hal le [NEWLINE] jah for the cross! [NEWLINE] Halle -lu jah, #A lu jah for the cross, hal le lujah for the cross! Hal lelu-jah, [NEWLINE] Halle lu jah, [NEWLINE] It shall nev er suf fer loss! # hal le lujah, It shall nev er suffer, nev er suf fer loss! Pf0 [NEWLINE] Halle_ lu jah, hal le lu jah, Halle lu jah for the cross! [NEWLINE] cresc [NEWLINE] Halle lu jah, hal le lujah, It shall never suffer loss! [NEWLINE] Af#2"
28,https://hymnary.org/page/fetch/SSSH1989/28/high,"The Old Rugged Cross GEORGE BENNARD GEORGE BENNARD [NEWLINE] 1. On a hill far   away stood an old rugged cross, The emblem of 2. 0, that old rugged cross So despised by the world, Has a wondrous at 3. In the old rugged cross, stained with blood SO divine, A won drous 4. To the old rugged cross [ will ev er be true, Its shame and re [NEWLINE] suff"" ring and shame; And I love that old cross where the Dear est and Best traction for me; For the dear Lamb of God left His  glo Ty above, beauty 1 see; For 'twas on that old cross   Jesus suf fered and died, proach gladly bear; Then He'Il call me someday to my Home far a way, [NEWLINE] For a world of lost   sinners was slain. To bear it to dark Calva ry To pardon and sancti fy me. Where His glo ry for ever FII share. [NEWLINE] So ['Il  cher ish the old rugged croSS, the [NEWLINE] cross, [NEWLINE] Till my trophies at last 1 Jay down; old rugged cross, [NEWLINE] will cling to the [NEWLINE] #FH p Copyright 1913 by George Bennard. Copyright Renewed [941 (extended), The Rodeheaver Co , Owner: Used by Permission: Favorite song of Dale Evans Rogers."
29,https://hymnary.org/page/fetch/SSSH1989/29/high,"old rugged cross, And exchange it someday for a crown: cross, the old  rugged cross, [NEWLINE] Alas! and Did My Saviour Bleed? 28 ISAAC WATTS HUGH WILSON [NEWLINE] 1. A las! and did my Sav iour bleed? And did my Sov-'reign die? 2. Was it for  crimes that have done He groaned up on the tree? 3. Well might the sun in dark ness hide, And shut His glo _ ries in, 4 But drops of grief can ne er re pay The debt of love 1 owe; [NEWLINE] Would He de vote that sa cred head For such a worm as I? A maz ing pit yl grace unknown! And   love be yond de greel When Christ;the might y Mak er, died For man the creature S sin. Here, Lord, 1 give my self t0   Thee__'Tis all that can do."
30,https://hymnary.org/page/fetch/SSSH1989/30/high,"At the Cross [NEWLINE] ISAAC WATTS Refrain: RALPH E. HUDSON [NEWLINE] RALPH E: HUDSON [NEWLINE] 1. A las, and did my Sav iour bleed? And did my Sov-'reign   die? 2 Was it for crimes that 1 have done, He groaned up on the tree? 3_ Well might the sun in dark ness hide, And shut His glo ries in, 4. But drops of grief can ne er re pay The debt of  love I owe; [NEWLINE] Would He devote   that sa cred head For such a worm as I? A maz ing pit yl grace   unknown! And love be yond de greel When Christ,  themight y Mak er; died For man the creature S sin. Here, Lord, 1 give my self away, 'Tis all that 1 can dol [NEWLINE] At the cross, at the cross where [ first saw the light; And the [NEWLINE] burden   of my heart rolled away, (rolled away,) It was there by faith [NEWLINE] received my sight; And now am happy all the day!"
31,https://hymnary.org/page/fetch/SSSH1989/31/high,"Nothing But the Blood 30 ROBERT LOWRY ROBERT LOWRY [NEWLINE] La What can wash a way my sin? Nothing but the blood of Je suS; 2. For my par don this see Nothing but the blood of Je sus; 3 Noth ing can for sin a tone Nothing but the blood of Je sus; 4. This is all my hope and peace Nothing but the blood of Je suS; [NEWLINE] What can make me whole a gain? Nothing but  the blood of Je sus; For my cleansing; this my   plea Nothing but the blood of Je sus; Naught of good that [ have done Nothing but the blood of Je sus; This is all my righteous-ness Nothing but the blood of Je suS; [NEWLINE] pre cious is the flow That makes me white as snow; [NEWLINE] E No oth er fount know, Nothing but the blood of Je sus."
32,https://hymnary.org/page/fetch/SSSH1989/32/high,[This image is under copyright]
33,https://hymnary.org/page/fetch/SSSH1989/33/high,[This image is under copyright]
34,https://hymnary.org/page/fetch/SSSH1989/34/high,"He Lives on High B. B. McKINNEY From a Hawaiian Folk Song Arranged by B. B. McKinney [NEWLINE] 1 Christ the Sav iour came from heaven'$ glo Ty , To redeem the 2. He a rose from death and all its sor row, To dwell in that 3_ Weary soul, t0 Je sus come confess ing; Re demption from [NEWLINE] lost from sin and shame; Land of   joy and love; sin He of fers thee; [NEWLINE] On His   brow He is com Look to Je [NEWLINE] He wore the thorncrown ing back some glad to sus and receive a [NEWLINE] g0 mor [NEWLINE] Ty, And up on Cal va ry He took my blame. row, And He'Il take all His children Home a ~bove. ing, There is life, there is joy and vic to Ty [NEWLINE] bless [NEWLINE] ## He lives on high, He lives on high, Tri um phant 0-ver sin and all its [NEWLINE] # stain; Helives on high, He lives on high , Someday  He'$ coming again. [NEWLINE] Copyright 1921. Renewal 1949, Broadman Press, owner: Used by permission:"
35,https://hymnary.org/page/fetch/SSSH1989/35/high,"Christ the Lord Is Risen Today 33 CHARLES WESLEY Arranged from Lyra Davidica [NEWLINE] 1. Christ the Lord is ris ' n to day, 2. Lives a gain our glorious King: 3. Love'$ redeem- ing work is done, 4 Soar we now, where Christ has led_ [NEWLINE] Al Al [NEWLINE] le lu ia! le lu ia! le lu ia! le lu ial [NEWLINE] Al Al [NEWLINE] Sons of men   and an gels say: Where, 0 death, is now thy   sting? Fought the fight, the bat tle won; FolI' wing our ex alt ed Head: [NEWLINE] Al Al [NEWLINE] le lu ial le lu ia! le lu ial le lu ia! [NEWLINE] Al [NEWLINE] Al [NEWLINE] Raise your joys and tri umphs high, Al Dy ing once, He all doth save: Al Death in vain for bids Him rise; Al Made like Him, like Him we rise; Al [NEWLINE] le lu le lu le lu le lu [NEWLINE] ia! ia! ial ia! [NEWLINE] Sing; ye heav'ns, and earth re ply. Al Where thy vic to TY , 0 grave? Al Christ has 0 pened Par 4 - dise Al Ours the cross, the grave, the skies: Al [NEWLINE] le lu le lu le lu le lu [NEWLINE] ia! ia! ia! ia!"
36,https://hymnary.org/page/fetch/SSSH1989/36/high,"34 I Know That My Redeemer Liveth JESSIE B. POUNDS JAMES H. FILLMORE [NEWLINE] know that   my Redeem-er liv 2 [ know His promise never fail 3. 1 know my mansion He   pre par [NEWLINE] eth, And on the eth, The word He eth, That where He [NEWLINE] earth speaks, is [NEWLINE] again shall stand; know e ternal life He it cannot die; Though cru el death my flesh asthere [ may be; wondrous thot: for me He 1. Andon the earth again shall stand; [NEWLINE] giv sail [NEWLINE] eth; That grace and pow T eth, Yet [shall see eth; And He at last [NEWLINE] are in His hand. Him by and by will come for me_ [NEWLINE] car [NEWLINE] That grace and pow'r are in His hand. [NEWLINE] know, [ know [NEWLINE] that   Jesus liv eth, And on the [ know, [ know 7 PPep [NEWLINE] earth [NEWLINE] again shall stand; 1 know, [ know that lifeHe And on the earth Iknow, [ know PI"
37,https://hymnary.org/page/fetch/SSSH1989/37/high,"FH [NEWLINE] giv eth, That grace and pow r are in His hand. That grace and pow'r [NEWLINE] When I See My Saviour 35 MAUD FRAZER ROBERT HARKNESS [NEWLINE] 1 When 1 see my Sav iour, hanging on Cal va ry 2 1 can see the blooddrops, red 'neath His thorn y crown; 3_ ~Why hast   thou for sak en?"" list to that sad, sad moan! [NEWLINE] Bear ing there for sin ners bit ter est ag ny. From the cru el nail wounds now they are fall ing down; His heart was bro ken, suf fer ~ing ` there a lone: [NEWLINE] Grat [ tude 0 'erwhelms me, makes mine eyes   grow dim, Lord, when 1 would wan der from Thy love a way, Bro ken   then that mor tals ne er need cry in vain [NEWLINE] AII my ransomed be ing cap tive is to Him. Let me see those blood drops shed for me that day. For God 's love and com fort, in the hour of pain. [NEWLINE] be [NEWLINE] Copyright 1911. Renewal 1939 by R. Harkness. Assigned to Hope Publishing Co AIl rights reserved. Used by permission."
38,https://hymnary.org/page/fetch/SSSH1989/38/high,"Christ Arose! [NEWLINE] ROBERT LOWRY [NEWLINE] ROBERT LOWRY [NEWLINE] 1. Low in the grave He lay Je suS my Sav iour! Wait ing the 2. Vain ly they watch His bed Je sus my Sav iour! Vain ly they 3. Death cannot keep   his prey Je sus my Sav iour! He tore the [NEWLINE] Faster [NEWLINE] com - [NEWLINE] Je suS my Lord! Je suS my Lord! Je sus my Lord! [NEWLINE] ing day seal the dead bars a way [NEWLINE] Up from the grave He a [NEWLINE] 6 rose, with a might y triumph 0'er His foes; He aHe arose , He arosel V4|AA4A| 4 [NEWLINE] rose [NEWLINE] Vic tor from the dark do main, And Helives for ev er with His [NEWLINE] #4 saints to reign. He arosel Hearosel Halle lujah! Christ arosel He arosel He arosel"
39,https://hymnary.org/page/fetch/SSSH1989/39/high,"There'Il Be No Dark Valley 37 WILLIAM 0. CUSHING IRA D. SANKEY [NEWLINE] 1. There 'Il be no dark val ley when Je suS comes, There 'Il be no dark 2. There 'Il be no more sor row when Je suS comes, There 'Il be no more 3_ There 'Il be no more weep-! ing when Je suS comes, There 'Il be no more 4 There 'Il be  songs of greeting when Je suS comes, There 'Il be songs of [NEWLINE] valley when Je suS comes; There 'Il be no dark   valley  when Je sus comes To SOrrow when Je SuS comes; But a glorious morrow when Je sus comes To weeping when  Je sus comes; But a bless ed reaping when Je sus comes To greeting when Je sus comes; And a joy ful meetingwhen Je sus comes To [NEWLINE] gather His loved ones Home. [NEWLINE] To gather His loved ones [NEWLINE] Home, (safe Home,) To [NEWLINE] gather His loved ones Home; (safe Home;) There 'Il be [NEWLINE] no dark val ley when Je sus   comes To gather His lovedones   Home."
40,https://hymnary.org/page/fetch/SSSH1989/40/high,"Hallelujah; We Shall Rise J.E. THOMAS J.E. THOMAS [NEWLINE] 1. In the res ur rec tion morn - ~ing; When the trump of God shall sound, 2 In the res ur rec tion morn ~ing; What a meeting it will be, 3. In the res ur rec tion morn - ~ing, Blessed  thought it is to me, 4 In the res ur rec tion momFing, We  shall meet   Him in the air, [NEWLINE] Then the saints will come rejoic- ing We shall rise, we shall   rise! When our fa ~thers and our mothers, Ishall see my blessed Saviour, Hal le lujah! And be carried up to Glo Ty , [NEWLINE] VL [NEWLINE] And no tears will e'er befound, And our loved ones we shall see, We shall rise, we   shall  rise. Who so freely died for me, Halle - lujah! in  that morning we shall rise. To our Home so bright and fair, [NEWLINE] Halle lujah! [NEWLINE] Amen! We shall rise! [NEWLINE] We shall risel [NEWLINE] we shall risel [NEWLINE] Halle - lu ~jah! [NEWLINE] the res ur rec tion morn ing; When death'$ pris on bars are"
41,https://hymnary.org/page/fetch/SSSH1989/41/high,"bro ken, We shall rise, [NEWLINE] we shall rise . [NEWLINE] Hal le _ lu jah! [NEWLINE] How Beautiful Heaven Must Be 39 [NEWLINE] Mrs. A. S. BRIDGEWATER [NEWLINE] A. P. BLAND [NEWLINE] 1. We read of a place that '$ called Heaven, It'$ made for the pure and the free; 2. In Heaven no droop-= ing nor pin ing; No wishing for elsewhere to be; 3. Pure wa ters of life there are flowing; And all who will drink may be free; 4 . The an gels So sweetly are singing; Up there by the beauti ful sea; [NEWLINE] These truths in God's Word He hath giv en, How beauti ful Heaven must be. God 's light is for cv er there shin ing; How beauti ful Heaven must be. Rare jewels   of  splendor are glow ing; How beauti ful Heaven must be. Sweet chords from their gold harps are ring ing; How beauti ful Heaven must be. [NEWLINE] F6 p How beauti ful Heaven must  be, (must be,) Sweet home of the hap py  and free; [NEWLINE] DNAAY Fair ha ven   of rest for   the wea ry, How beauti ful Heaven must be."
42,https://hymnary.org/page/fetch/SSSH1989/42/high,"No Disappointment in Heaven F: M LEHMAN F: M: LEHMAN [NEWLINE] L There'$ no disap-pointment in Heaven No wear ness, SOrrow Or 2. We'Il nev er pay rent for our   mansion; The tax es will never come 3_ There ' Il nev er be crepe o the doorknob, No funer al train   in the 18 MA [NEWLINE] pain; No hearts that are bleed-= -ing and broken, No song with a minor re due; Our garents will never grow threadbare, But al ways be   fadeless and sky; No graves on the hillsides of GloTY , For there we shall never-more [NEWLINE] frain; The clouds of our earthly ho rizon Will nev er appear in the new; We 'Il nev er be hungry nor thirstY, Nor   anguish   in pover ty die; The old will be young there forev-er, Transformed in a moment of [NEWLINE] sky, For all will be sunshine and gladness, With nev er a sob nor a there, For all the rich bounties of HeaVen His sancti-fied children will time; Immor tal we 'Il stand in His likeness, Thestars   and the sun to out"
43,https://hymnary.org/page/fetch/SSSH1989/43/high,"MTT  sigh. share. Im boundfor that beauti ful City My Lordhas prepared for His shine. [NEWLINE] TEh #CH own; Where all the   redeemed of all ages Sing glory' around the white [NEWLINE] #A4FIAA$ [NEWLINE] BXX4ER) throne; Sometimes I grow homesick for Heaven, And the   glories I there shall be- [NEWLINE] #V What a joy that will be when my Sav iour #)X6 [NEWLINE] hold; [NEWLINE] see, [NEWLINE] In that beau ti ful Ci ty of gold."
44,https://hymnary.org/page/fetch/SSSH1989/44/high,"Sweet By and By SANFORD F. BENNETT JOSEPH P. WEBSTER [NEWLINE] 1. There '$ a land that is fair er than day, 2 We shall sing on that beau ti ful shore 3. To our boun ti ful Fa ther 4 - bove, [NEWLINE] And by faith we can The mel di ous We will of fer our [NEWLINE] see it afar; songs of the blest, trib ute of praise, [NEWLINE] For the Fa ther waits 0 ver the way, And our   spir its shall sor row no more , For the glo ri ous gift of His love, [NEWLINE] To preNot a And the [NEWLINE] pare uS a dwell ingplace there. sigh for the bless ing of rest. bless ings ` that hal low our days. [NEWLINE] In the sweet [NEWLINE] by and In the sweet [NEWLINE] by We shall meet on that beau ful shore; by and by, In the by and by, 98 1 [NEWLINE] #N sweet by and by, In   the sweet We shall meet on that beauti ful   shore. by andby,"
45,https://hymnary.org/page/fetch/SSSH1989/45/high,"My Latest Sun Is Sinking Fast 42 J,HASCALL WILLIAM B. BRADBURY [NEWLINE] 1_ My lat est sun is sink ing fast, My race is near ly run; 2. [ know Im near the ho ly ranks Of   friends and kin dred dear; 3_ [ve al most reached my heav 'nly Home, My spir it loud ly sings; 4 0 bear my long ing heart to Him, Who bled and died for me [NEWLINE] My strong est tri als now are past, My tri umph is be gun. For [ hear thewaves on Jor dan 's banks, The cross ing must be near. Thy ho ly ones, be hold, they comel [ hear the noise of wings. Whose blood now cleanses from all  sin , And gives me vic t0 ry [NEWLINE] come, [NEWLINE] an [NEWLINE] gel band, Come and a round me stand; [NEWLINE] bear me away onyour snow y wings To my e ter nal Home; [NEWLINE] d8 bear me a way on  your snow y wings To my ter nal Home"
46,https://hymnary.org/page/fetch/SSSH1989/46/high,"We're Marching to Zion ISAAC WATTS ROBERT LOWRY [NEWLINE] L Come we that love the Lord, And let our joys be known; Join 2 Let those re fuse to sing Who nev er knew our God; But 3 The hill of Zi on yields A thousand sa cred sweets Be 4 Then   let our songs abound, And ev ry tear be dry; We 're [NEWLINE] in a song with sweet accord, Join in a song with sweet accord, And chil dren of the heav'nly King; But chil dren of the heav'n ly King; May fore we reach the heav'nly fields, Be fore we reach the heav'n ly fields, Or marching thru Im man uel'$ ground, We're marching thru Imman-uel S ground, To [NEWLINE] thus sur round the throne, And   thus surround the  throne. speak their joys abroad, May speak their joys abroad  walk the gold en streets, Or walk the gold en streets. fair er worlds on high, To fair er worlds on high: [NEWLINE] We ' re [NEWLINE] 85 march ing to Zi on, Beau tiful, beauti-ful Zi on; We ' re marching on t0 Zi on,"
47,https://hymnary.org/page/fetch/SSSH1989/47/high,"marching upward to Zi on, the beau ti ful Ci ty of God Zi on, Zion_ 03 T, [NEWLINE] WePIl Work Till Jesus Comes 44 ELIZABETH MILLS WILLIAM MILLER [NEWLINE] 1. 0 land   of rest, for thee 1 sigh! When will the moment come When 2. To Je sus Christ 1 fled for rest; He bade me cease t0 roam_ And 3_ 1 sought at once my Saviour's side, No more   my steps shall roam; With [NEWLINE] 1 shall  lay my ar mor by, And dwell in peace at Home? lean for SuC cor on His   breast Till He conduct me Home_ Him T l brave death '$ chilling   tide, And reach my heav 'nly Home. [NEWLINE] We'Il [NEWLINE] work [NEWLINE] till Je suS comes, We Il work till Je suS comes; We'Il We 'II work We 'II work [NEWLINE] work [NEWLINE] till Je sus   comes, And we 'Il be gath; -ered Home. We 'Il work"
48,https://hymnary.org/page/fetch/SSSH1989/48/high,"45 When I Can Read My Title Clear ISAAC WATTS J.C LOWRY [NEWLINE] 1 When [ can read my ti tle clear To mansions in the   skies, 2 Should earth against my soul engage, And fi ery darts behurled, 3. Let cares, like a wild deluge come, And storms of sorrow falll 4. There shall 1 bathe my weary soul In seas of heav'nly rest; [NEWLINE] 1I bid farewell to ev ry fear,And wipe my weeping eyes Then can smile at Satan '$ rage, And face a frowning world May but safely reach my Home, My God, my Heav 'n, my all; And not 4 wave of trouble roll, A cross my peaceful breast. [NEWLINE] And wipe my weep ing eyes, And wipe my weep- -ing eyes, And face a frown ing world, And face a frowning world, My God, my Heav 'n, my all, My God, my Heav'n, my all, A cross my peace ful breast, A cross my peaceful breast, [NEWLINE] TI bid farewell to ev ry fear, And  wipe my weep- -ing eyes: Then can smile at Satan '$ rage, And face a frowning world. May but   safe ly reach my Home, My God, my Heav'n, my all: And not a wave of trouble roll, A cross my peaceful breast,"
49,https://hymnary.org/page/fetch/SSSH1989/49/high,"My Saviour First of AlI 46 FANNY J. CROSBY JOHN R. SWENEY [NEWLINE] [ When my life work is ended, and cross the swelling tide, When the 2 the soul thrilling rapture when view His   blessed face, And the 3_ the dear ones in Glory, how they beckon me t0 come, And our 4. Through the gates to the Cit y in robe of   spotless white, He will [NEWLINE] #Vd [NEWLINE] bright and glorious moming [ shall see; [ shall know my Redeem-er when lus ter of His kindly beaming eye; How my full heart will praise Him for the parting at the riv er 1 re call; To the  sweet vales of E den they will lead me where no tears will ev er fall; In the glad song of ages I shall [NEWLINE] B} reach the oth er side, And His smile will be   the first to welcome me. mercy, love, and grace, That pre _ pare for me a mansion in the sky. singmywel-come Home; But long to meet my Saviour first of all. mingle with delight; But 1 long to meet my Saviour first   of all:. [NEWLINE] Aer: I shall know Him, [ shall know Him, And redeemed by His side 1 shall [NEWLINE] I shall know Him, [NEWLINE] PH [NEWLINE] stand; [ shall know Him, [ shall know Him By the print of the nails in His   hands. shall know"
50,https://hymnary.org/page/fetch/SSSH1989/50/high,[This image is under copyright]
51,https://hymnary.org/page/fetch/SSSH1989/51/high,[This image is under copyright]
52,https://hymnary.org/page/fetch/SSSH1989/52/high,"Meet Me There [NEWLINE] H.E. BLAIR [NEWLINE] WILLIAM J. KIRKPATRICK [NEWLINE] [ On the hap PY,_ gold en shore, Where the faith ful part nomore, When the 2 Here our fondest hopes are vain, Dear est links are rent in twain; But in 3_ Where theharps of an gels ring, And the   blest forev er sing; In the [NEWLINE] storms  of   life are 0 er, Meet  me there; Where  the night dissolves a way Heav 'n no throb of pain, Meet me there; By the riv er sparkling bright pal ace of the King; Meet me there; Where in sweet commun-ion blend [NEWLINE] In to pure   and perfect day, am going home to stay, Meet me  there; In the Ci ty of delight; Where our faith is lost in sight, Meet me   there; Heart with heartand friend with friend, In a world that ne'er shall end, Meet me   there; [NEWLINE] Meet me there, Meet me   there, Where the tree of  life is Meet me there, Meet me there, AW6 6"
53,https://hymnary.org/page/fetch/SSSH1989/53/high,"bloomi -ing; Meet me there; When the storms   of life are 0 er; On the Meet me there; 2144 #0+F6 [NEWLINE] happy, golden shore, Where the faithful part no more, Meet me there. Meet me there. [NEWLINE] Peace, Perfect Peace 50 EDWARD H: BICKERSTETH GEORGE T. CALDBECK Altered by Charles J . Vincent [NEWLINE] 1. Peace, per fect peace , in this   dark world of sin? 2 Peace, per fect peace, with SOrrows surg ing round? 3 Peace, per fect peace, our fu ture all un known? 4 Peace , per fect peace, death shadowing uS and ours? 5. It is nough: earth '$ struggles soon shall cease, [NEWLINE] The [NEWLINE] On Je Je And, [NEWLINE] blood of Je suS whis pers peace with in. Je sus bos om naught but calm is found. sus we know, and He is on the throne. sus has vanquished death and all its powers. Je suS, call uS to Heav 'n S per fect peace. [NEWLINE] men_"
54,https://hymnary.org/page/fetch/SSSH1989/54/high,"Where We?II Never Grow Old JAMES C. MOORE JAMES C. MOORE [NEWLINE] 1. have heard of a land on the far away strand, 'Tis a 2 In that beau ti ful Home where we'Il nev ermore roam; We shall 3_ When our work here is done and the life crown is won, And our [NEWLINE] beau ti ful Home of the soul; be in the sweet by and by; troubles and trials are 0 er; [NEWLINE] Built by Je sus on high,  there we Happy praise to the King; through eAll our sor rowwill end, and our [NEWLINE] nev [NEWLINE] er [NEWLINE] shall die , 'Tis a land where we nev er grow old. ter ni ty sing; 'Tis a land where we nev er shall die. voic es will blend With the loved ones who've gone on be fore. [NEWLINE] Never grow old, never grow old, In a land where we 'Il never grow old; Where we 'II F BAEAA [NEWLINE] Never grow old, never grow old, In a land where we' Il never grow old: Where we'I] [NEWLINE] JAen6eA"
55,https://hymnary.org/page/fetch/SSSH1989/55/high,"Zion ' s Hill 52 JAMES A. CRUTCHFIELD JAMES A, CRUTCHFIELD Arranged by Haldor Lillenas [NEWLINE] La There waits for me a glad tomor-row_ Where gates of pearl swing open wide, 2. Someday TII hear the angels sing-' ing; Be yond the shadOws of the tomb; 3 . Someday my labors will be ended, And all my wand rings will be 0'er; 4. Someday the dark clouds will be rifted, And all  the night of gloom be past, [NEWLINE] And when I ve passed this vale of SOrrOw, IIl dwell up on the oth er side. And all the bells of Heaven ringing,While saints are singing, Home sweet Home. And all earth 's broken ties be mended, And 1 shall sigh and weep no more. And all life 's burdens will be lifted, The day of rest shall dawn at last. [NEWLINE] Some day beyond the reach of mor tal ken: Some day, God [NEWLINE] J # only knows just where and when, The wheels of mortal life shall J [NEWLINE] all stand still, And 1 shall g0 to dwell on Zion '$ hill. [NEWLINE] Copyright 1923. Renewed 1951 by Lillenas Publishing Co. Used by permission."
56,https://hymnary.org/page/fetch/SSSH1989/56/high,"Beulah Land EDGAR PAGE STITES [NEWLINE] JOHN R. SWENEY [NEWLINE] 1. Tve reached the land of joy divine, And all its rich es free ly mine; 2 My Saviour comes and walks with me,And sweet commun-ion here have we; 3 A sweet perfume up on the breeze Is borne from ev er ver nal trees 4. The zephyrs seem to float to me Sweet sounds of Heaven '$ mel 0-dy, [NEWLINE] Here shines undimmed one   bliss ful day, For all my night has passed away. He gen tly leads me by His hand, For this is Heaven '$ bor derland. And  flow'rs that nev er fad ing grow, Where streams of life for ev er flow. As an gels with the   whiterobed throng Join in the sweet Re demption song: [NEWLINE] Beulah Land, sweet  Beulah Land! As on thy high est mount [ stand, [NEWLINE] look away a cross the sea, Where mansions are pre pared for me, [NEWLINE] And view the shin ing glo ry shore _ My Heav'n, my Home forev ermore."
57,https://hymnary.org/page/fetch/SSSH1989/57/high,"0 That Will Be Glory 54 CHARLES H. GABRIEL CHARLES H. GABRIEL [NEWLINE] 1. When all my Ia bors and tri als are 0'er, And 1 am safe on that 2 When, by the gift of His in fi nite grace I am ac corded in 3. Friends will be there 1 have loved long a g0; Joy like a river a [NEWLINE] beau ti ful shore, Just to be near the dear Lord 1 adore, Heaven a place, Just to be there and to look on His   face , round me will flow; Yet, just a smile from my Saviour, 1 know, [NEWLINE] rit. [NEWLINE] Will through the ages be glo Ty for me. [NEWLINE] that   will be [NEWLINE] that will [NEWLINE] glory for me, Glory for me, glory for me; When by His grace [ shall be glory for me, Glory for me, glory for me; [NEWLINE] J3) look on His face, That   will be   glo ry , be glo ry for me."
58,https://hymnary.org/page/fetch/SSSH1989/58/high,"55 When the Roll Is Called Up Yonder JAMES M BLACK JAMES M. BLACK [NEWLINE] 1. When the trum pet of the Lord shall sound, and time shall be no more, And the 2 On that bright and cloudless moming when thedead in Christ shall rise, And the 3 Let uS la bor for the Mas ter from the   dawn till set ting sun, Let uS [NEWLINE] AW 44 [NEWLINE] morning breaks, eter nal, bright and fair; When the saved of earth shall gather glo ry of His res ur rec tion share; When His cho sen ones shall gather talk of all His wondrous love and care; Then when all of life is 0 ver; [NEWLINE] 0 - ver on the oth er shore, And the roll is calledupyonder, III be   there. to their Home beyond the skies,And the roll is calledupyonder,TII be   there. and our work o earth is done,And the roll is calledupyonder, IIL be  there. EEAVA # [NEWLINE] When the roll is called up yon der; When the When the roll is called up yon der, IIl bethere, F)BRXER)' 944 [NEWLINE] 6 roll is called up yon der; When the roll is called up When the roll is called up yonder; IIl be there, When the roll is called up 3824 446645 6"
59,https://hymnary.org/page/fetch/SSSH1989/59/high,"yon der; When the roll is called up yon der, I'IL be there [NEWLINE] When We All Get to Heaven 56 [NEWLINE] ELIZA E. HEWITT [NEWLINE] EMILY D. WILSON [NEWLINE] Sing the wondrous love of Je suS, Sing His mer cy, and His grace; 2 While we walk the pil grim pathway, Clouds will 0 ver spread the sky; 3. Let us   then be true and faithful, Trusting, serv ing ev Ty day; 4 Onward t0 the   prize be fore us! Soon His beau ty we 'Il behold; [NEWLINE] FB [NEWLINE] In the   mansions bright and bless ed, He'Il prepare for US a place. But when trav- 'ling days are ver, Not a shadOw, not sigh. Just one glimpse of Him in Glo Ty, Will the toils of life re pay_ Soon the pearly gates will pen, We shall tread the streets of gold, 1. pare for uS place. [NEWLINE] 2HE [NEWLINE] DWp pf When we all get to Heaven, what a day of rejoic-ing that will bel When we all What a day of rejoic-ing that will bel [NEWLINE] WH [NEWLINE] VWp Pf When we all see Je sus,We 'Il sing and shout the victo-ry. When we all and shout the victo-ry."
60,https://hymnary.org/page/fetch/SSSH1989/60/high,"57 When They Ring the Golden Bells DION DE MARBELLE DION DE MARBELLE [NEWLINE] 1. There' $ a land beyondthe   river, That we call the sweet forev-er, And we 2. We shall know no sin nor sorTOw, In that ha ven of tomor-rOw, When our 3. When our days shall know their number, When in death we sweetly slumber; When the 6 [NEWLINE] on ly reach that shore by faith '$ decree; One by one we'Il gain the portals, There to barque shall sail be-= yond the silver sea; We shall on ly know the blessing Of our King commands the spir it to be free; Never-more with anguish Iaden; We shall [NEWLINE] dwell with the immortals, When theyring the golden bells for you and me. Father' $ sweet caressing, When they ring the golden bells for you and me reach that lovely Aiden; When they ring the golden bells for youand me. you and me [NEWLINE] Don 't you hear the bells now ringing? Don 't you hear  the angels singing? 'Tis the [NEWLINE] glory  halle-lu jah Ju bi lee (Jubi lee). In that far off sweet forev-er; Just be- [NEWLINE] 0 AN #pppp"
61,https://hymnary.org/page/fetch/SSSH1989/61/high,"yond the shining river; When they ring the golden bells for youand me. you and me_ T 944 He the Pearly Gates Will Open 58 FRED BLOM Translated by Nathaniel Carlson ELSIE AHLWEN [NEWLINE] 1. Love Divine, SO great and wondrous, Deep and   mightY, pure   sublime! 2 Like a dove when hunted, frightened, As a wounded fawn was I; 3. Love Divine, so great and wondrous, AlI my   sins He then for gavel 4. In life' $ e ventide, at twilight, At His door IIl knock and wait; [NEWLINE]  Com ing from the heart of Je suS, Just  the same through tests of time Bro kenheart ed, yet He healed me, He will heed  the sinner' s cry. 1 will sing His praise for _ ev er, For His blood, His pow'r to save. By the pre cious love of Je suS [ shall en ter   Heaven '$ gate. [NEWLINE] 4NXXXII He the pear ly gates will 0 pen, So that may en ter in; [NEWLINE] 44 For He purchased my re demption And forgave me all my sin."
62,https://hymnary.org/page/fetch/SSSH1989/62/high,"Caught Up Together JOHN R RICE JOHN R. RICE [NEWLINE] ER 1.[ sing hal lelu jah that Jesus is coming, And what a 2 We wait for the com - -ing of Je sus our Savjour, Ex pecting the 3. We'Il rise in corrupt 1 ble   when sounds the trumpet; 0 Grave, where the 4. Come up, all ye saints of the past   to that meeting, From A bel to [NEWLINE] #| rais ing of life from the dead; The graves burst ing 0 pen to rap ture, caught up in the clouds; The world has its sor rOws,we'I[ vic to ry long you have known?AII changed then the   liv ing; and Mo ses, from Dav id to Paul; Come up, all ye mar tyrs,  soul [NEWLINE] give up God '$ children, Those bodies long moldered in  grave'sdust y bed. leave them so gladIy, We'Il wipe all our tears when the trum pet calls loud: all g0 to gether, And 0 what a gath- 'ring` to Christ of His own_ winners, Christ lovers, AlI under the blood of our Sav iour, come all: [NEWLINE] #NHENNEK| Caught up to greet   Him to geth er, to geth er, Caught up with [NEWLINE] R# Je suS and nev er to part; [NEWLINE] Changed in a moment to"
63,https://hymnary.org/page/fetch/SSSH1989/63/high,"WA #ERA be with my   Sav iour, Caught up togeth er and nev er to part. [NEWLINE] Face to Face [NEWLINE] CARRIE E. BRECK [NEWLINE] GRANT C. TULLAR [NEWLINE] 1. Face to face with Christ, my Saviour, Face to face ~ what will it be? 2 On ly faintly now 1 see Him, With the darkling veil between, 3 What re joicing in His   pres ence, When are banished griefand pain; 4 Face to facel 0 blissful mo ment! Face to faceto see   and know; [NEWLINE] When with rapture I behold Him, Je sus Christ who died for me. But a blessed day is coming; When His glo ry shall be seen. When the crooked ways are straightened, And the dark things shall be plain: Face to face with my Redeem - er, Je sus Christ who loves me SO_ [NEWLINE] Face (o face 1 shall behold Him, Far beyond the starry sky; [NEWLINE] Face to face   in all   His glo ry , [NEWLINE] shall see Him by and by!"
64,https://hymnary.org/page/fetch/SSSH1989/64/high,"We?II Never Say Goodbye JOHN R RICE JOHN R RICE [NEWLINE] 1. We say goodbye in parting With loved ones here below; We 2. Our children leavethe home nest For school or wed ding bells; Or 3, We greet and part with dear ones; We say hel lo, goodbye; And 4 0 happy,   glad Homecom-Eing With Jesus in the sky_ For PH [NEWLINE] al ways hope to meet a gain, As on our way we go But coun try'$ call or mis sion field May take them far as well: Now let ters bind our fel lowship, We miss them, though we try To sometimes He seems far a way, Though al ways if we  trY, We [NEWLINE] oft our hearts are grieving For those we nev er meet _ wedding bells are hapPY, And God '$ way al ways right: feel them al ways near uS, And fol _ low them with prayer: find Him near t0 help uS, His Spir it dwells within. [NEWLINE] We'Il And But But [NEWLINE] say good bye in SOr row Till we meet at Je suS feet. ab sent  ones, we 'Il greet  them In the Cit y al ways bright: parting days are end ed When we meet them in the air. on ly per fect un ion When we Heav en en ter in. [NEWLINE] We 'Il nev er say goodbye in Glory, In the morn-= -ing; 0-ver yonder; B"
65,https://hymnary.org/page/fetch/SSSH1989/65/high,"We 'Il nev er say goodbye in Glory; We 'Il never say goodbye up there. [NEWLINE] Saved by Grace 62 FANNY J. CROSBY GEORGE C. STEBBINS Altered by Seymour Swets [NEWLINE] L. Someday the sil ver cord will break, And [ no more as now shall 2. Someday  my earth ly house will   fall, I cannot tell how soon twill 3. Someday, when fades the golden sun Beneath the ro sy tint ed 4. Someday:   till then IIl watch and wait, My lamp all trimmed and burn ing [NEWLINE] sing; But 0 the joy when [ shall wake Within the pal ace of the be; But this [ know my All in AII Has now a place in Heav' n for west, My blessed Lord will say, ""Well done' ""And [ shall en ter in to bright; And when my Sav iour opes the gate , My soul t0 Him will take its [NEWLINE] King! me And [ shall see Him face t0 face, And tell the story Saved by rest. shall see to face, flight 60 L [NEWLINE] grace; And I shall see Him face t0 face, And tell the story Saved by grace. shall see to face,"
66,https://hymnary.org/page/fetch/SSSH1989/66/high,[This image is under copyright]
67,https://hymnary.org/page/fetch/SSSH1989/67/high,[This image is under copyright]
68,https://hymnary.org/page/fetch/SSSH1989/68/high,"Just Over in the Glory Land JAMES W. ACUFF EMMETT S. DEAN [NEWLINE] 1_ ve a Home pre pared where the   saints a bide, Just 2 I am on my way to those man sions fair , Just 3_ What a joy ful thought that my Lord [II see, Just 4 With the bloodwashed throng will shout and sing, Just p3 [NEWLINE] 0-ver in the glo ry land; 0-ver in the glo ry land; 0-ver in the glo ry land; 0-ver in the glo ry land; [NEWLINE] And 1 long to be by my There to sing "" God ' s praise and His And with kin dred saved, there forGlad hosan nas to Christ, the [NEWLINE] Sav iour' $ side, Just 0 -ver in theglo ry land. glo ry share, Just 0 -ver in the  glo ry land. ev er be Just 0 -ver in the   glo Ty land. Lord and King, Just 0 -ver in the   glo Ty land. [NEWLINE] Just [NEWLINE] ver in the   glo ry land, DI join the hap ~ -py ver, 0 ver join, yes, join [NEWLINE] an [NEWLINE] gel band, Just 0 -ver in  the glo Ty land; [NEWLINE] Just [NEWLINE] R. E: Winselt, Dayton, Tennessee, owner."
69,https://hymnary.org/page/fetch/SSSH1989/69/high,"ver in the glo ry land, There with the mighty ver, ver with, yes, with [NEWLINE] host I stand, Just [NEWLINE] ver in the glo ry land. [NEWLINE] At Calvary 66 WILLIAM R NEWELL DANIEL B. TOWNER [NEWLINE] 1 Years 1 spent in van ty and pride, Car ing not my Lord was 2. By God's Word at last   my sin 1 learned; Then [ trembled at the 3. 0 the   love that drew Sal va tion '$ plan! 0 the grace that brought it 4 Now Ive giv 'n to Je suS ev ry thing; Now gladly own Him [NEWLINE] cruci- fied, Know ing not it was for me He died On Cal va law Id spurned, Till my guil ty   soul im ploringturned To Cal va %y: down to man! the might y gulf that God did span At Cal va ry. as my King; Now my raptured soul can on ly sing Of Cal va ry! [NEWLINE] T Mer cy there was great,and grace was free; Par don there was mul ti AAP| [NEWLINE] plied to me; There my burdened soul found liber ty, At Cal va Ty."
70,https://hymnary.org/page/fetch/SSSH1989/70/high,"The Pearly White City ARTHUR F INGLER ARTHUR F INGLER Moderato [NEWLINE] . There s a ho ly and beau ti ful Cit Y, 2 No sin is al lowed in that Cit y, 3, No heartaches are known in that Cit Y, 4 My loved ones are gath er ing yon der, [NEWLINE] Whose builder and And   nothing de No tears ev er My  friends to0 are [NEWLINE] rul er is God; John saw it descend-ing from Heaven, When fil ing Or mean; No pain and no sickness can en ter, No moisten the eye; There ' $ no dis appoint-ment in Heaven, No passing a way; And soon 1 shall join their bright num ber, And [NEWLINE] Pat mos, in ex ile, he trod; crepe on the doorknob is seen; en vy and strife in the sky; dwell in ter ni ty' $ day; [NEWLINE] Its high, massive  wall is of Earth '$ SOrrows and cares are for The saints are all sanc ti fied They"" re safe  now in Glory with [NEWLINE] jas per, got ten, whol ly, Je suS, [NEWLINE] The Cit y it self is pure gold; No tempt er is there t0 an noy; They live in sweet har mo ny there; Their tri als and bat tles are past; [NEWLINE] And No [NEWLINE] My They [NEWLINE] 0 Copyright 1902 by A. F Ingler: All rights reserved."
71,https://hymnary.org/page/fetch/SSSH1989/71/high,"when my frail tent here is folded, Mine eyes shall its glo ry behold. parting words ever are spoken, There ' $ nothing to hurt Or destroy. heart is now set on that Cit Y, And someday its blessings IIl share. 0-vercame sin   and the  tempter, They""' ve reached that fair CitY at last. [NEWLINE] Slowly RH [NEWLINE] In   that bright CitY, [NEWLINE] pear ly white CitY, [NEWLINE] have a [NEWLINE] Bh [NEWLINE] mansion, a harp, and a crown; Now I am watching; waiting and [NEWLINE] rit. A [NEWLINE] For the white Cit y [NEWLINE] that'$ soon com- -ing down: [NEWLINE] long ing;"
72,https://hymnary.org/page/fetch/SSSH1989/72/high,"Remembering in Heaven JOHN R. RICE JOHN R RICE [NEWLINE] 1. Should 1, up in Heav en, Re member the heartache, AII the 2 Or if , on the gold streets 1 think of earth treas ures, Of the 3 Should 1 in the Glo ry Re member 4 loved one, One who 4 0 then, spread the message, The work He has giv en, Nev er [NEWLINE] pain and the cross, All the shame and the loss, The reproach of the things [ had bought, Of the   fame   dear  ly sought; Td smile in my walked by my side, But is lost and out side; If Td never mind the world'$ praise, Nor pOS ses sions men crave_ But 0l for the [NEWLINE] Saviour Td borne in earth ' $ conflicts; In Heaven Td laugh at the mansion, my gem studded man sion, In Heaven Fd   smile, ""They are begged him to trust in the Sav iour, In Heaven Fd sit down and Saviour, bring   souls in to Heav en, And joy through E ter ni ty' $ [NEWLINE] cost! [NEWLINE] naught! cry. day! [NEWLINE] Jesus' blood paid my ransom, and Im bound for Heaven: But [NEWLINE] what will [NEWLINE] think when re memb 'ring in Heav en?"
73,https://hymnary.org/page/fetch/SSSH1989/73/high,"We Shall Shine as the Stars 69 J W. VAN DeVENTER J; W.VAN DeVENTER [NEWLINE] 1. We may tar ry a while here as strangers, Unno-ticed by those who pass by; 2 We may never be rich in earth'$ treasures, Nor rise on the  ladder of fame; 3 . We may   live in a tent or a cottage, And  die   in se clusion a lone; [NEWLINE] But the Saviour will crown uS in Glo Ty, To shine as the  stars   in the sky_ But the   saints will at last be re ward ed, Made rich in   Imman u el's name. But the Father who seeeth in se cret, Remem-bers each one of His own_ [NEWLINE] We shall shine as the stars of the morning; With Je sus the Cruci -fied One; [NEWLINE] We shall rise t0 be like Him for ev er, E ternal ly shine as the sun"
74,https://hymnary.org/page/fetch/SSSH1989/74/high,"Will Jesus Find Us Watching? FANNY J. CROSBY W.H: DOANE [NEWLINE] When Je suS comes t0 re ward His servants, Wheth er it be 2. If, at the dawn of the ear ly moming;, He shall call uS 3. Have we been true to the trust He left us? Do we seek to 4. Bless ed are those whom the Lord finds watching, In His glo Ty [NEWLINE] noon Or night, one by one, do our best? they shall share; [NEWLINE] Faith ful to Him will He find uS watching; When to the Lord we re store our talents , If we 0-bey all the Lord commands uS, If He shall come at the dawn or midnight; [NEWLINE] UR With our lamps all trimmed and   bright? Will He ans wer thee  Well done"" ? We   shall   then be tru ly blest: Will He find uS watch ing there? [NEWLINE] can we say we are [NEWLINE] readY, brother? Ready for the soul's bright Home? Say,` will Hefind you and [NEWLINE] # me still  watching, Waiting, waiting when the Lord shall come?"
75,https://hymnary.org/page/fetch/SSSH1989/75/high,"There  s a Great Day Coming 71 WILL L. THOMPSON WILL L: THOMPSON [NEWLINE] 1. There '$ a great day coming, A great day com- -ing; There'$ a great day 2. There ' $ a bright day coming; A bright day coming; There '$ a bright day 3 There ' $ a sad day coming; sad day com- -ing; There ' $ a sad day [NEWLINE] # #MAN com- -ing by and by; When the saints and the   sinners shall be parted right  and coming by and by; But its   brightness shall only come to them that love the coming by and by; When the sin ner shall hear his doom; Depart, I know ye [NEWLINE] H left, Lord, Are you   ready for that day to come? not; [NEWLINE] Are you  ready? [NEWLINE] + E Are you ready? Are you read y for the judg ment   day? [NEWLINE] 5+ # #A Are you ready? Are you ready for the judgment   day?"
76,https://hymnary.org/page/fetch/SSSH1989/76/high,"Is It the [NEWLINE] Crowning Day? GEORGE WALKER WHITCOMB CHARLES H. MARSH [NEWLINE] 1 Je sus may come t0 day, Glad day! Glad day! And [ would 2 [ may g0 Home t0 day, Glad day! Glad day? Seemeth 1 3. Why should [ anx ious be? Glad day! Glad day Lights appear 4 Faithful   IIl be t0 day, Glad day! Glad day! And 1 will [NEWLINE] see my Friend; hear their song; on the shore, free ly tell [NEWLINE] Dan gers   and trou bles would   end Hail to the ra di ant throng! Storms will af fright nev er more , Why 1 should love Him SO well, [NEWLINE] If [NEWLINE] If [NEWLINE] For For [NEWLINE] 3 Jesus should come to day. I should go Home today. Glad day! Glad day! Is it the crown He is ""at hand"" ing to day. He   is my all to day: [NEWLINE] day? FI live for to_ -day, nor anxious be, Je sus, my Lord, [ [NEWLINE] rit. [NEWLINE] Hd [NEWLINE] soon shall see; Glad   day! Glad  day! Is it   the crown ing day? [NEWLINE] Copyright 1910 by Praise Publishing Co. Renewed 1938 (extended), The Rodeheaver Co , owner: Used by permission."
77,https://hymnary.org/page/fetch/SSSH1989/77/high,[This image is under copyright]
78,https://hymnary.org/page/fetch/SSSH1989/78/high,"Christ Returneth [NEWLINE] H: L: TURNER [NEWLINE] JAMES McGRANAHAN [NEWLINE] 1 It may be at mor, when the day is a waking; When 2 It may be at mid day, it may be at twilight, It 3. 0 joy! 0 de light! should we g0 without dy ing; No 923 [NEWLINE] sun light through dark ness and shad Ow is break ing, That may be per chance, that the black ness of mid night Will sickness, no sad ness, no dread and no cry ing; Caught [NEWLINE] Je sus will come in the full ness of glo ry, To receive from the burst in to light in the blaze of His glo ry, When Je suS re up through the clouds with our Lord in to glo Ty, When Je suS re [NEWLINE] world His own_ ceives ""His own: ceives ""His own [NEWLINE] Lord Je suS, how long; how [NEWLINE] long Ere we   shout the glad song; Christ re turn eth! Hal le"
79,https://hymnary.org/page/fetch/SSSH1989/79/high,"rit. [NEWLINE] lujah! halle lu jah! A men, Hal le lu jah! A men. [NEWLINE] On Jordan's Stormy Banks 75 SAMUEL STENNETT AMERICAN FOLK HYMN Arranged by Rigdon M. McIntosh [NEWLINE] 1. On Jordan '$ storm y banks [ stand, And cast a   wish ful eye 2. All 0'er those wide, ex tended  plains Shines one ter nal day; 3. No chilling winds, nor poisnous breath; Can reach that health ful shore; 4 When shall [ reach that hap py place, And be for ev er blest? [NEWLINE] To Canaan '$ fair   and hap ~ py land, Where my pos sessions lie. There God, the Son, for ev er reigns, And scatters night a way_ Sick ness and SOrTOW , pain and death, Are felt   and feared no more _ When shall see my Father's face, And in His bos om rest? [NEWLINE] am bound for the Promised Land, Iam bound for the Promised Land; Promised Land, [NEWLINE] who will come and g0 with me? I am bound for the Promised Land:"
80,https://hymnary.org/page/fetch/SSSH1989/80/high,[This image is under copyright]
81,https://hymnary.org/page/fetch/SSSH1989/81/high,[This image is under copyright]
82,https://hymnary.org/page/fetch/SSSH1989/82/high,[This image is under copyright]
83,https://hymnary.org/page/fetch/SSSH1989/83/high,[This image is under copyright]
84,https://hymnary.org/page/fetch/SSSH1989/84/high,[This image is under copyright]
85,https://hymnary.org/page/fetch/SSSH1989/85/high,[This image is under copyright]
86,https://hymnary.org/page/fetch/SSSH1989/86/high,[This image is under copyright]
87,https://hymnary.org/page/fetch/SSSH1989/87/high,[This image is under copyright]
88,https://hymnary.org/page/fetch/SSSH1989/88/high,"Fm Going Higher HERBERT BUFFUM HERBERT BUFFUM [NEWLINE] 1. 0f ten I've watched the clouds up in the sky, 2 Men sail the cean; Or soar through the air, 3 Mos es went up in a mountain   and prayed, 4 Of ten my soul has been lift ed a bove, 5. Soon will the Sav iour ap pear, bless His name! [NEWLINE] Al ways [ ve Scarce can the Glo ry came Lost in the Some-= day this [NEWLINE] heard they were many miles high; Then as they sailed out of   sight far a way, nat-'ral eye see them up there; Some seek for fame which so soon will decay, down while alone there he stayed; But He came back, He just went there t0 pray, 0 cean of God's mighty love; Though [ am higher than once, still [ say, earth will be all wrapped in flame; Then as see the fire mounting so high, 4 [NEWLINE] 04416 said, ""Tm go _ ~ing far higher someday. Tm g0 - ing higher, yes, higher someday. Im going higher;, yes, higher someday. Tm g0 - ing higher,  yes, Tm going higher, yes, higher someday. Tm going higher, be yond the blue sky 444"
89,https://hymnary.org/page/fetch/SSSH1989/89/high,"F] higher someday, Fm going higher to   stay; [NEWLINE] ver the clouds and be- [NEWLINE] yond the blue sky, Go ing where none ev er sick en Or die [NEWLINE] Loved ones to meet [NEWLINE] in the ""Sweet by and by' [NEWLINE] day. Tm g0 ing high er some high er some day. high er some day:"
90,https://hymnary.org/page/fetch/SSSH1989/90/high,[EXTRACTION FAILED]
91,https://hymnary.org/page/fetch/SSSH1989/91/high,[EXTRACTION FAILED]
92,https://hymnary.org/page/fetch/SSSH1989/92/high,"In the Garden [NEWLINE] C. AUSTIN MILES Duet [NEWLINE] C. AUSTIN MILES [NEWLINE] L[ come t0 the  gar den a lone, While the dew is still on the 2. He speaks, and the sound of His voice Is SO sweet the birds hush their 3 Id  stay in the  gar den with Him Though the night around me be [NEWLINE] 45 ros es, And the voice 1 hear, Falling on my ear, The sing ing, And the mel 0 dy That He gave to me, Withfall ing; But He bids me go; Through the voice of woe His [NEWLINE] Parts [NEWLINE] 4 Son of God dis clos es in my heart is ring ing: And He walks with me, and He voice to me is call ing: [NEWLINE] talks with me, And He tells me am His own; [NEWLINE] And the [NEWLINE] HV] [NEWLINE] joy we   share aS we tar ry there, None oth er has ev er [NEWLINE] known [NEWLINE] Copyright 1912 by HallMack Co. Renewed 1940 (extended), The Rodeheaver Co , owner. All rights reserved. Used by permission."
93,https://hymnary.org/page/fetch/SSSH1989/93/high,"Just When [ Need Him Most 87 [NEWLINE] WILLIAM POOLE [NEWLINE] CHARLES H. GABRIEL [NEWLINE] 1. Just when I need   Him, Je sus is near, Just when [ fal ter, 2. Just when I need Him, Je sus is true, Never forsak ing 3. Just when I need Him,_ Je sus is strong; Bearing my bur dens 4. Just when I need Him, He is   my all, Answer-ing when up [NEWLINE] Hi [NEWLINE] just when I fear; Ready to help me, ready to cheer; all the way through; Giving   for bur dens pleasures a new all the day long; For  all my sor row giving a song, on Him 1 call; Tender- ly watch ing lest [ should fall, [NEWLINE] #XN Just when 1 need Him most; [NEWLINE] Just when [ need Him most. [NEWLINE] Just when 1 need Him most; [NEWLINE] Je sus is near to [NEWLINE] 28 com fort and cheer, Just when need Him most. [NEWLINE] Copyright 1908 by Charles H: Gabriel. Renewed 936 (extended) , The Rodeheaver Co,, owner: Used by Permission. [NEWLINE] Favorite song of Dr. Lee Roberson."
94,https://hymnary.org/page/fetch/SSSH1989/94/high,"88 Some Time We?II Understand MAXWELL N. CORNELIUS JAMES McGRANAHAN [NEWLINE] 1. Not now but in the com- -ing years, It may be in the better 2 We 'Il catch the broken thread a gain, And fin ish what we here be- 3 We 'Il know why clouds instead of sun Were ver man y cherished 4 God knows the way, He holds the key, He guides uS with un eIT ing [NEWLINE] Land, We'Il read the mean-; -ing of our   tears, And there, some time, we'Il under- gan; Heav'n will the myster ies explain, And then, ah, then, we 'Il under- plans; Why song has ceased when scarce begun; Tis there, some time, we 'Il under- hand; Some time with tearless eyes we'Il see;  Yes, there, up there, we 'Il under- [NEWLINE] little faster [NEWLINE] stand. [NEWLINE] Then trust in [NEWLINE] God through all the days; Fear not, for 4 [NEWLINE] tempo [NEWLINE] BV# [NEWLINE] He doth hold thy hand; [NEWLINE] Though dark thy way, still sing and doth hold thy hand; [NEWLINE] cresc Bb [NEWLINE] ad lib. [NEWLINE] praise, [NEWLINE] Some   time, some time, we'IL un der stand_"
95,https://hymnary.org/page/fetch/SSSH1989/95/high,"Does Jesus Care? 89 J, LINCOLN HALL [NEWLINE] FRANK E. GRAEFF [NEWLINE] 1. Does Je suS care when my heart is pained Too deep ly for 2. Does Je suS care when my way is dark With a name less 3. Does Je suS care when ['ve tried, and failed To re sist some temp- 4 Does Je suS care when I ve said""goodbye' To the dear est on [NEWLINE] mirth and song; dread and fear? ta tion strong; earth to me, [NEWLINE] As the bur dens press, and the cares distress, And the As the day light fades into deep night shades, Does He When for my   deep grief [find no relief, Though my And my sad heart aches till it near ly breaks As it [NEWLINE] way grows wea ry and long? care enough to be near? 0 yes, He cares; [ know He cares, His tears   flow all the night long? aught to Him? Does   He see? [NEWLINE] ad lib. [NEWLINE] heart is touched with my grief; [NEWLINE] When the   days are weary, the [NEWLINE] rit [NEWLINE] long nights   drear y, [NEWLINE] know my Sav iour cares. cares, He cares_"
96,https://hymnary.org/page/fetch/SSSH1989/96/high,"Jesus, Lover of My Soul CHARLES WESLEY SIMEON B. MARSH [NEWLINE] 1. Je sus, Lov er of my soul, Let me to Thy bosom fly, 2 Oth er ref uge have none, Hangs my help less soul on Thee; 3. Thou, 0 Christ, art all want; More than all in Thee [ find; 4 Plen ~teous grace with Thee is found, Grace to cov er all my sin; [NEWLINE] While the near er wa ters   roll; While the tem pest  still is high; Leave, ah,leave me not a ~lone , Still support and com fort me_ Raise the fall en, cheer the faint, Heal the sick and lead the blind. Let the healing streams abound; Make and keep me pure with in. [NEWLINE] Hide me, 0 my Saviour, hide, AlI my trust on Thee  is stayed, Just and Ho ly is Thy name, Thou of life the fountain art, [NEWLINE] Till the storm   of life is past; AII my   help from Thee 1 bring; am all unright-eous ness; Free ly let me take of Thee; [NEWLINE] Safe in to the haven guide, receive my soul at last. Cover my de fenseless head With the   shadOw of Thy wing: Vile and full of sin 1 am, Thou art full of truth and grace. Spring Thou upwith in my heart, Rise to all ter ni ty. Amen:"
97,https://hymnary.org/page/fetch/SSSH1989/97/high,"Hiding in Thee 91 WILLIAM 0. CUSHING IRA D. SANKEY [NEWLINE] 1. 0 safe to the Rock   that is high er than I My soul in its 2. In the calm of the noontide, in sor row'$ lone hour; In times when temp 3. How oft in the conflict, when pressed by the foe, 1 have fled to my [NEWLINE] con flicts and sor rows would fly; So sin ful, SO wea ry, Thine, ta tion casts 0 'er me its pow 5; In the tem pests of life, on its Ref uge  and breathed out my woe; How oft en, when tri als  like [NEWLINE] Thine would [ be; Thou blest ""Rock of A ges,' Tm hid ing in wide, heaving sea, Thou blest ""Rock of A ges, Tm hid ing in sea billows roll; Have [ hid den in Thee, 0 Thou Rock of my [NEWLINE] Thee Thee. soul. [NEWLINE] Hid ing in Thee, [NEWLINE] Hid ing in Thee, Thou [NEWLINE] blest Rock of [NEWLINE] ges, Tm [NEWLINE] hid ing in Thee."
98,https://hymnary.org/page/fetch/SSSH1989/98/high,"How Can I Be Lonely? HALDOR LILLENAS HALDOR LILLENAS [NEWLINE] 1. One is walk ing with me ver life' $ un ven way, 2 Days may bring their bur dens and their tri als as g0, 3 In the hour of sad be reavement Or of bit ter loss, 4 In life'$ ros morn ~ing when   the skies a bove are clear;, [NEWLINE] Constant ly sup port ing me each mo ment of the day; But my Lord is near and   helps to make them light er grow. 1 can find sup port and con So la tion at the cross; In its noontide hours   with man y cares and prob lems near, [NEWLINE] How can be lone ly when such fel low ship is mine, Life may have its cross es, Or its loss es, Or increase, Want or woe r suf f'ring all seem glo ri fied when He Or when ev 'ning shad owS fall at clos ing of my day [NEWLINE] With my blessed Lord di vinel Je sus meets them all with peace. Dai ly walks and  talks with me. Je sus will be there al way: [NEWLINE] How can [NEWLINE] be lone ly"
99,https://hymnary.org/page/fetch/SSSH1989/99/high,"When [ 've Je suS on ly To be my compan-ion and unfail - ~ing guide; [NEWLINE] ## #1 Why should be wea Ty Or my path seem 1 [NEWLINE] drea Ty [NEWLINE] When He's walk ing by my side? [NEWLINE] Art Thou Weary Art Thou Languid? 93 JOHN M. NEALE HENRY W. BAKER Based on an early Greek hymn [NEWLINE] 1. Art thou wea ry , art thou lan guid, Art thou sore distressed? 2_ Hath He marks to lead me to Him, If He be my   guide? 3_ Is there di a dem, as Monarch, That His brow a dorns? 4. If  ask Him to re ceive me, Will He say me nay? 5_ Finding; fol-['wing, keeping, struggling; Is He sure to bless? [NEWLINE] 4 ""Come to Me;' saith One, and coming; Be at rest. In His feet and hands are woundprints, And His side_ Yea, crown, in ver y sure ty, But of thorns Not till earth and not till Heav _ en Pass a way. Saints, 4 pos tles, prophets, mar tyrs, Answer, ""Yes_ [NEWLINE] A men_"
100,https://hymnary.org/page/fetch/SSSH1989/100/high,"Stand by Me [NEWLINE] C.A. TINDLEY [NEWLINE] C: A. TINDLEY Arranged by F. A. Clark [NEWLINE] 1.. When the storms of life are raging, Stand by me; (stand by me;) When the 2. In the midst of trib u lation, Stand by me; In the 3_ In the midst of faults and failures, Stand by me; In the 4 When I m growing old and feeble, Stand by me; (by me;) When [ m [NEWLINE] #LHV [NEWLINE] #d storms of life are raging, Stand by me; (stand by me;) When the midst of  trib u lation, Stand by me; When the midst of   faults and failures, Stand by me; When grow ing old and  feeble, Stand by me; When my [NEWLINE] world is tosS ing me Like a ship upon the sea; Thou who hosts of Hell assail, And my   strength begins to fail, Thou who do the best [ can, And my friends misun derstand, Thou who life becomes a burden, And Fm near ing chill y Jordan, 0 Thou [NEWLINE] rul est wind and wa ter, Stand by me. (stand by me.) nev er lost a bat tle Stand by me. know est all a bout me, Stand by me. ""Lil ly of the Val ley; Stand by me_ (by me. )"
101,https://hymnary.org/page/fetch/SSSH1989/101/high,"The Lord Is My Shepherd 95 JAMES MONTGOMERY THOMAS KOSCHAT [NEWLINE] 1_ The Lord is my shepherd, no want shall 2. Thro' the val know; ley and shad Ow of death though 3. In stray, Since the midst of af fliction my ta ble is 4. Let spread; With goodness   and mer cy my boun ful God, Still 8 [NEWLINE] feed in green pastures, safefold ed rest; Thou art my Guardian, no vil fear; bless ings un measured my cup run neth 0'er; fol low my steps till 1 meet Thee a bove; [NEWLINE] He leadeth my Thy rod shall de With perfume and 1 seek by the [NEWLINE] soul where the still wa ters flow, Re stores me when wand' 'ring; re fend me, Thy staff be my stay: No harm can be fall, with oil  Thou my anoint-est my head; what shall ask of Thy path which my fore fa thers   trod, Through the land of their SO journ ,   Thy [NEWLINE] deems when   oppressed; Re stores me when  wand'_ 'ring, redeems when oppressed. Comfort er near; No harm can be fall, with my Com fort er near prov 1 dence more? what shall ask of Thy prov idence more? kingdom of love; Through the land of their SO journ, Thy kingdom of love."
102,https://hymnary.org/page/fetch/SSSH1989/102/high,"God Leads Us Along G. A. YOUNG G.A. YOUNG [NEWLINE] 1. In shad Y, green pas ~tures, SO rich and so sweet, God leads His dear 2. Sometimes on   the mount where the sun shines so bright, God leads His dear 3. Though SOrrows be fall uS, and Sa tan op pose , God leads His dear 4_ A way   from the mire, and a way   from the clay, God   leads His dear 25 2646 [NEWLINE] children a long; Where the water S cold flow bathes the wea ry one'$ feet, children a long; Some times in the val ley, in dark est of night, children a long; Through grace we can con quer, de feat all our   foes, children a long; A way up in Glo ry , ter nity' $ day, [NEWLINE] God  leads  His dear children a long: [NEWLINE] Some through the waters, [NEWLINE] Some through the flood, Some through the fire , but all through the blood; 25!#66 [NEWLINE] Some through great sor row, but God gives [NEWLINE] song,"
103,https://hymnary.org/page/fetch/SSSH1989/103/high,"rit. [NEWLINE] In the night sea son and all the day long: [NEWLINE] I Need Thee Every Hour 97 ANNIE S_ HAWKS ROBERT LOWRY [NEWLINE] 1. 1 need Thee ev ry hour; Most gra cious Lord; No 2. [ need Thee ev _ 'ry hour; Stay Thou near by; Temp 3. 1 need Thee ev - 'ry hour; In joy Or pain; Come 4, [ need Thee ev ry hour; Most Ho ly One; [NEWLINE] ten der voice like Thine Can peace ta tions lose their pow r When Thou quick ly and a bide, Or life make me Thine in deed, Thou bless [NEWLINE] af [NEWLINE] ford, art nigh. is vain: Son! [NEWLINE] need Thee, 0 need Thee; Ev ry hour 1 need Theel 0 55| JJ+ [NEWLINE] bless me now, my Sav iour, [NEWLINE] come [NEWLINE] to [NEWLINE] Theel"
104,https://hymnary.org/page/fetch/SSSH1989/104/high,"The Name of Jesus EDMUND $. LORENZ [NEWLINE] W.C. MARTIN [NEWLINE] 1. The name of Je sus is SO sweet; love its mu sic 2. [ love the name of Him whose heart Knows all my griefs and 3. That name 1 fond ly love to hear, It nev er fails my 4 No word of man can ev er tell How sweet the name [NEWLINE] to re peat; It makes my   joys bears a part; Who bids all anx heart to cheer, Its mu sic  dries love SO well; 0 let its   prais [NEWLINE] full and complete, The   precious ious fears depart 1 love the the fall ing tear; Ex alt the es ev er swell, 0 praise the The [NEWLINE] name of Je suS. precious name [NEWLINE] ""Je suS, 0 how sweet the namel [NEWLINE] ""Je suS, [NEWLINE] ev ry day the same; [NEWLINE] ""Je suS, [NEWLINE] let all [NEWLINE] saints pro claim Its wor thy praise for ev er. Its wor thy praise"
105,https://hymnary.org/page/fetch/SSSH1989/105/high,"Come; Ye Disconsolate 99 THOMAS MOORE SAMUEL WEBBE Altered by Thomas Hastings [NEWLINE] 1, Come, ye dis con solate , wher e er ye lan guish; 2. Joy of the des 0 - late, Light of the stray ing; 3. Here see the Bread of   life, see wa ters flow ing [NEWLINE] 1SbL [NEWLINE] Come to the mer cy seat, fer vent ly kneel; Hope of the pen 1 tent; fade less and pure, Forth   from the   throne   of God, pure from a bove; [NEWLINE] Here bring your Here   speaks the Come to the [NEWLINE] wounded hearts, here tell your an guish; Earth has no Com fort er, ten der ly say ing; ""Earth has no feast of love; come, ev er know ing Earth has no [NEWLINE] sor row [NEWLINE] that Heav'n can not heal: sor row that Heav 'n can not cure. sor row but Heav 'n can re move. [NEWLINE] men [NEWLINE] Favorite song of Dr_ Bob Jones_ Jr ,"
106,https://hymnary.org/page/fetch/SSSH1989/106/high,"Day by Day LINA SANDELL BERG OSCAR AHNFELT Translated by Andrew L. Skoog [NEWLINE] Day by day and with each passing mo ment, Strength [ find to 2. Ev ry day the  Lord Himself is near me With a spe cial 3 Help me then in ev ry trib u la tion, So t0 trust Thy [NEWLINE] 3 #FX meet   my tri als here; Trusting in my Father'$ wise bestow -ment, mercy for each hour; All my cares He fain would bear, and cheer me, promis es, 0 Lord, That 1 lose not faith 's sweet conSO la tion [NEWLINE] Fve no cause for worry or for fear. He whose heart is kind beHe whose name is Counsel-lor and Pow r. The pro tec tion of His Of fered me with in   Thy ho ly Word. Help me, Lord, when toil and [NEWLINE] yond all measure Gives un to each day what He deems best Loving child and treas ure Is a charge that on  Himself He laid; ""As thy trouble meet .ing; E'er to take, as from a father' s hand, One by"
107,https://hymnary.org/page/fetch/SSSH1989/107/high,"ly, its part of pain and pleasure, Mingling toil with peace and rest. days; thy strength shall be in measure, This the pledge to me He made. one, the days, the moments fleeting,  Till reach the Prom ised Land [NEWLINE] Jesus Never Fails [NEWLINE] A. A. LUTHER [NEWLINE] A. A. LUTHER [NEWLINE] 1. Earth ly friends may   prove untrue, Doubts and fears as sail; 2. Though the sky be dark and drear, Fierce and strong the gale, 3. In life's dark and bit ter  hour; Love will still pre vail; [NEWLINE] One still loves and cares for you: One who will not fail. Just remem ~ber He is near, And He will not fail. Trust His ev er last ing pow' 5, Je suS will not fail;, [NEWLINE] Je suS nev er fails, [NEWLINE] Je suS nev er fails, [NEWLINE] Heav'n and earth may pass a way, But [NEWLINE] JesuS nev er fails [NEWLINE] Copyright 1927. Renewal 1955 by A. A. Luther: Assigned to Singspiration; Inc. All rights reserved. Used by permission."
108,https://hymnary.org/page/fetch/SSSH1989/108/high,"He Hideth My Soul FANNY J. CROSBY WILLIAM J. KIRKPATRICK [NEWLINE] L.A won derful Sav iour IS Je sus my Lord, A won derful 2 A won derful Sav iour is Je suS my Lord, He tak eth my 3. With num berless blessings each mo ment Hecrowns, And filled   with His 4. When clothed in His brightness, transport ed, rise To meet Him in [NEWLINE] Savjour to me, bur den a way, fullness divine, clouds of the sky, [NEWLINE] He hideth my soul in the cleft of the rock, Where He holdeth me up, and 1 shall not be moved, He 1 sing in my rapture, 0 glo ry t0 God For His per fect salva-tion, His wonder-ful love, IIl [NEWLINE] riv ers of   pleasure [ see. giveth me strength as my day. He hideth my soul in the cleft   of the  rock such a Redeem-er as minel shout with the millions on high: 65| [NEWLINE] #p5 That  shadOWS a dry, thirsty land; He hideth my life in the depths 'of His love, [NEWLINE] And covers methere with His hand. And cOvers me there with His hand."
109,https://hymnary.org/page/fetch/SSSH1989/109/high,"Under His Wings 103 WILLIAM 0. CUSHING IRA D SANKEY [NEWLINE] 1. Un_ der His wings am safeIy a bid _ ing; Though the night 2 Un der His wings, what a refuge in sor ~row! How the heart 3 Un der His wings, 0 what  precious en joyment! There will [NEWLINE] deepens   and tempests are wild, yearning ly tums to His rest! hide till  life' $ tri als are 0'er; [NEWLINE] Still can trust Him; 1 Oft en when earth has no Sheltered, pro tect ed, no [NEWLINE] know He  will keep me; He has redeemed me, and am His child. balm   for my heal ing; There [ find comfort, and there 1 am blest. vil can harm me; Resting in Je sus   ['m safe ev ermore. [NEWLINE] Under His wings, under His wings, Who from His love can sever? [NEWLINE] Under His wingsmy soul shall abide, Safely a bide for ev er."
110,https://hymnary.org/page/fetch/SSSH1989/110/high,"Lean on His Arms [NEWLINE] EDGAR LEWIS [NEWLINE] L. E. JONES [NEWLINE] 1. Just lean upon the arms of Je 2. Just lean upon the arms of Je 3. Just lean upon the arms of Je 4 Just lean upon the arms of Je [NEWLINE] sus, He'Il help you a long; sus, He'Il brighten the way, suS, 0 bring ev ry care, sus, Then leave all to Him, [NEWLINE] help you 4 - long; If you will trust   His love un fail brighten the way; Just fol low glad ly where He lead bring ev ry care! The bur den that has seemed so heav leave all to Him; His heart is full of love and mer [NEWLINE] ing; He'Il eth, His Y, Take cy, His [NEWLINE] Fpp# fill your heart with song gen tle voice 0 bey. Lean on His arms, trusting in His love; to the Lord in pray r. Lean upon His arms, fully eyes are nev . er dim. [NEWLINE] Lean on His arms, all His mercies prove: Lean up on His arms , and [NEWLINE] on [NEWLINE] Lean His Lean up on His [NEWLINE] 3 arms, looking Home above, Just lean on the Sav iour's ars! arms, ev er"
111,https://hymnary.org/page/fetch/SSSH1989/111/high,"AII That Thrills My Soul 105 THORO HARRIS THORO HARRIS [NEWLINE] 1. Who can cheer the heart like Je suS, By His  presence all divine? 2, Love   of Christ s0 freely giv en, Grace of God beyond degree, 3. What a   wonder-ful redemp-tion! Nev er can a mortal know 4 Ev 'ry need His hand supply ing; Ev ry good in Him 1 see; 5. By the crystal flow-= ing riv er With the ransomed [ will sing, [NEWLINE] True and tender, pure and pre cious, 0 how blest to call Him mine! Mer cy, higher than the heav ens, Deep er than the deepest sea: How my sin, though red like crimson, Can be whiter than the snow. On His strength divine re ly ing; He is all in all to me. And for ev er and for ev er Praise and glori fy the King: [NEWLINE] AlI that thrills my soul is Je suS, [NEWLINE] He is more than life to me (t0 me); [NEWLINE] And the fairest   of  ten thou sand [NEWLINE] In my blessed Lord [ see. [NEWLINE] Copyright 1931. Renewed 1959 by Mrs: Thoro Harris, Nazarene Publishing House, owner: Used by Permission."
112,https://hymnary.org/page/fetch/SSSH1989/112/high,"Abide With Me [NEWLINE] HENRY F LYTE [NEWLINE] WILLIAM H: MONK [NEWLINE] L.A bide with me: fast falls the e ven tide; The darkness 2.0 Swift to its close   ebbs out life's lit tle day; Earth '$ joys grow 3 1 need Thy pres ence ev ry passing hour: What but Thy 4 Hold Thou Thy cross be fore my clos - -ing eyes; Shine through the [NEWLINE] 3 deepens;  Lord, with me a bide: When other help ers fail, and dim, its glories pass a way; Change and de cay in all a grace can foil the tempter'$ pow' r? Who like Thyself my guide, and gloom, and point me t0 the skies: Heav'n'$ moming breaks, and earth '$ vain [NEWLINE] comforts flee; Help of the helpless, 0 a bide with mel round [ see; 0 Thou who changest not, a bide with mel stay can be? Through cloud and sunshine, 0 a bide with mel shadows flee: In life, indeath, 0 Lord,a bide with mel [NEWLINE] Amen_ [NEWLINE] Praise the Saviour [NEWLINE] THOMAS KELLY [NEWLINE] From the German [NEWLINE] [ Praise the Saviour, ye who know Him! Who can tell how much we owe Him? 2. Je suS is the name that charms uS; He for conflict   fits and arms us; 3 Trust in Him, ye saints, forev er; He is  faithful, chang ing nev er; 4. Then we shall be where we would be, Then we shall be what we should be;"
113,https://hymnary.org/page/fetch/SSSH1989/113/high,"Glad ly let uS ren der to Him AlI we are and have. Noth ing moves and noth ing harms uS While we trust in Him_ Nei ther force nor guile can sev er Those He loves from Him. Things ` that   are not now nor could be, Soon shall be our own_ [NEWLINE] Sun of My Soul [NEWLINE] JOHN KEBLE [NEWLINE] Adapted from Katholisches Gesangbuch [NEWLINE] 1. Sun of my soull Thou Sav iour  dear, It is not night if 2. When the soft  dews of kind ly sleep My weary eye lids 3_ A bide with me from mom till eve, For   without   Thee 1 4 Be near t0 bless uS when we wake, Ere through the world our [NEWLINE] Thou be near; gen tly steep, can not live; way we take; [NEWLINE] 0 may no earth born cloud a rise Be my last thought, how sweet to rest A bide with me when  night is nigh, Till, in the cean of Thy love, [NEWLINE] To hide Thee from Thy ser vant'$ eyes. For ev er on my Sav iour'$ breast. For with out Thee dare not die. We lose our selves in Heav'n a bove [NEWLINE] men."
114,https://hymnary.org/page/fetch/SSSH1989/114/high,"109 Saviour, Like a Shepherd Lead Us DOROTHY A. THRUPP WILLIAM B. BRADBURY [NEWLINE] 1. Sav-- iour, like a shepherd lead uS, Much we need Thy tender care; 2 We are Thine; do Thou befriend uS, Be the Guardian of our way; 3 Thou hast promised to receive uS, Poor  and sinful though we be; 4 Ear ly let us seek Thy fa vor; Ear ly let uS do Thy will; [NEWLINE] In Thy pleasant pastures feed uS, For our use Thy folds prepare: Keep Thy flock, from sin de fend uS, Seek uS when we g0 a stray: Thou hast mer cy to re lieve uS, Grace to cleanse, and pow'r to free: Bless ed Lord and on ly Sav iour, With   Thy  love our bosoms  fill: [NEWLINE] BA [NEWLINE] Blessed Je suS, Blessed Je suS, Thou hast bought us, Thine we are; Blessed Je suS, Blessed Je suS, Hear, 0 hear uS when we pray; Blessed Je suS, Blessed Je suS, Early let uS tum to Thee; Blessed Je sus, Blessed Je suS, Thou hast loved uS, love uS still; [NEWLINE] B4 DH [NEWLINE] Blessed Je suS, Blessed Je sus, Thou hast bought us, Thine we are . Blessed Je suS, Blessed Je suS, Hear, 0 hear uS when we  pray_ Blessed Je suS, Blessed Je suS, Early let uS turn to Thee. Blessed Je sus, Blessed Je sus, Thou hast   loved uS, love uS still. [NEWLINE] Pp |E"
115,https://hymnary.org/page/fetch/SSSH1989/115/high,"All the Way My Saviour Leads Me 110 FANNY J. CROSBY ROBERT LOWRY [NEWLINE] 1. All the way my  Saviour leads me; What have to ask be side? 2. All the way my Saviour leads me, Cheers each winding path 1 tread, 3 All the way my Saviour leads me; 0 the full ness of His lovel [NEWLINE] Can 1 doubt His tender mer cy, Who through life has been my Guide? Gives me grace for ev ry tri al, Feeds me with the liv ing bread, Perfect rest to me is promised In my Fa ther's House above. [NEWLINE] #| Heav'nly peace, di vin _ est com fort,  Here by faith in Him to dwelll Though my wea ry steps may fal ter, And my soul athirst may be, When my spir it,clothed immor tal;, Wings its flight t0 realms of day, [NEWLINE] For 1 know, whate'er befall me, Je suS do eth all things well; Gushing from the Rock be fore me, Lol a spring of joy [ see; This my song through endless a ges: Je suS led me all the way; [NEWLINE] For I know, whate'er be fall me; Je sus do eth all things well: Gushingfrom the Rock be fore me, Lol a spring of   joy see This my song through endless a ges: Je sus led me all the way."
116,https://hymnary.org/page/fetch/SSSH1989/116/high,"Il1 Sweet Peace; the Gift of God's Love P.P. BILHORN P. P. BILHORN [NEWLINE] [. There comes to my heart one sweet   strain; (sweet   strain,) A 2 Through Christ on the cross   peace was made, (was made,) My 3 When Je sus as Lord had crowned (had crowned,) My 4 In Je sus for peace a bide, (a bide,) And [NEWLINE] pxa: [NEWLINE] glad and joy ous re frain; (refrain;) sing it a debl by His death was all   paid; (all   paid;) No oth er founheart with this peace did abound; (a bound;) In Him the rich as 1 keep close to His   side; (His side;) There' $ noth ing but [NEWLINE] #M gain and a gain , Sweet peace, the gift of God ' $ love. da tion is laid For   peace, the gift of God $ love blessing 1 found, Sweet peace, the gift of God '$ love peace   doth be tide, Sweet peace, the gift of God $ love. [NEWLINE] HA) [NEWLINE] Peace, peace, sweet peacel Wonder-ful   gift   from a bovel (abovel) 0 [NEWLINE] cresc . [NEWLINE] won derful, won der ful peace! Sweet peace , the gift of God'$ lovel"
117,https://hymnary.org/page/fetch/SSSH1989/117/high,[This image is under copyright]
118,https://hymnary.org/page/fetch/SSSH1989/118/high,"Wonderful Peace W. D. CORNELL, altered w.G. COOPER [NEWLINE] 1 Far a way in  the   depths of my spir it t0 night Rolls a 2. What a treas ure 1 have in this wonder ful peace, Buried 3. [ am rest ing to night in this wonder ful peace, Rest-; ing 4, And methinks when [ rise to that Cit y of peace , Where the 5_ Ah! soul, are you here without com fort or rest, Marching [NEWLINE] mel 0 dy sweeter than   psalm; In ce les tiallike strains   it un deep in the heart of my soul; So se cure that  no pow er can sweet ly in Jesus con trol; For Im kept from all  dan ger by Au thor of peace I shall see, That one strain of the song which the down the rough pathway of time? Make Je sus your Friend ere the [NEWLINE] #J 4NN ceasing ly falls O'er my soul like an in fi nite calm: mine it a way, While the years of ter ni ty roll: night and by day, And His glo ry is flooding my soul. ransomed will sing, In that heav enly kingdom shall be: shad ows grow dark; 0 ac cept this sweet peace sO sub lime. [NEWLINE] # Peace! peacel wonder-ful peace, Coming down from the Father a bove; Sweep"
119,https://hymnary.org/page/fetch/SSSH1989/119/high,"0 - ver my spirit for ever, [pray, In fathom-less billows of  love. [NEWLINE] The Great Physician 114 WILLIAM HUNTER J.H. STOCKTON [NEWLINE] 1. The great Physi cian now is near, The sym pathiz ing Je suS; 2. Your man y sins are all forgiv'n, 0 hear the voice  of Je sus; 3. AlI glo ry to the dy ing Lambl [ now believe in Je sus; 4. And when to that bright world a bove We rise to be with Je suS, [NEWLINE] He speaks   the droopi -ing heart t0 cheer; 0 hear the voice  of Je suS. Go on your way in peace to Heav 'n, And wear a crown with Je sus. [ love the blessed Saviour'$ name, [ love the name of Je suS. We 'II sing around the throne of love, His name, the name of Je suS. [NEWLINE] Sweet est note in ser aph song; Sweet est name on mor tal tongue; 1 Ex6 [NEWLINE] Sweet est car 0l ev er sung: [NEWLINE] Je sus, bless ed Je sus."
120,https://hymnary.org/page/fetch/SSSH1989/120/high,[This image is under copyright]
121,https://hymnary.org/page/fetch/SSSH1989/121/high,[This image is under copyright]
122,https://hymnary.org/page/fetch/SSSH1989/122/high,"Safe in the Arms of Jesus [NEWLINE] FANNY J. CROSBY [NEWLINE] WILLIAM H: DOANE [NEWLINE] 1. Safe in the arms of Je suS, Safe on His gen tle breast, 2. Safe in the arms of Je sus, Safe from   corrod- ing care , 3. Je sus, my heart'$ dear Ref uge, Je suS has   died for me; [NEWLINE] There by His love 0'ershad ed, Sweet ly my soul   shall rest Safe from the world '$ tempta tions, Sin cannot har me there. Firm on the Rock of A ges, Ev er my trust shall be. [NEWLINE] Hark! 'tis the voice of an gels, Borne in a song to me, Free from the blight of sor row, Free from my doubts and fears; Here let me wait with pa tience, Wait till the night is 0'er; [NEWLINE] ver the fields  of Glo ry , 0 ver the   jas per sea. On ly a few more tri als, On ly a few more tears! Wait till [ see the morn ing Break on the gold ~en shore_ [NEWLINE] 9|N Safe in the arms of Je suS, Safe on His gen tle breast,"
123,https://hymnary.org/page/fetch/SSSH1989/123/high,"There by His love 0 'ershad ed, Sweet ly   my soul   shall rest. [NEWLINE] Near to the Heart of God 118 CLELAND B. McAFEE CLELAND B. McAFEE [NEWLINE] There is a place of qui et  rest, Near to the heart of God, 2 There is a place of com fort sweet,  Near to the heart of  God, 3. There is a place of full release, Near to the heart of God, [NEWLINE] A place where sin can not mo- ~lest; Near to the heart of God. A place where we our Sav iour meet; Near to the heart of God. A place where all is joy and peace, Near to the heart of God [NEWLINE] 4V Je sus, blest Re deem er, Sent from the heart of God; [NEWLINE] Hold uS who wait be fore   Thee, Near to theheart of God."
124,https://hymnary.org/page/fetch/SSSH1989/124/high,[This image is under copyright]
125,https://hymnary.org/page/fetch/SSSH1989/125/high,[This image is under copyright]
126,https://hymnary.org/page/fetch/SSSH1989/126/high,"Like a River Glorious FRANCES R HA VERGAL JAMES MOUNTAIN [NEWLINE] 1. Like a riv er glo rious Is God'$ perfect peace, 0 ver all vic torious 2. Hidden in the hol low Of His blessed hand, Never foe can fol low, 3_ Ev ry joy or tri al Falleth from a bove, Traced upon our di al [NEWLINE] In its bright 'in crease; Perfect; yet it floweth Full er ev ry day, Nev er trai tor stand; Not a   surge of wor Ty, Not a shade of care, By the  Son of Love. We may trust Him ful ly AlI for uS to do; [NEWLINE] Perfect, yet it   grow eth Deeper all the way_ Not a blast   of hur Ty Touch the spir it there. Stayed upon Je ho vah, They who trust Him whol ly Find Him wholly true. [NEWLINE] 3 To [NEWLINE] Hearts are ful Iy   blest; Finding, as He prom ised, Perfect peace and rest: [NEWLINE] 0 God; Our Help ISAAC WATTS WILLIAM CROFT [NEWLINE] 1. 0 God, our Help in a ges past, Our Hope for years to come, 2. Un der the   shadOw of Thy throne Thy saints have dwelt se cure; 3 Be fore  the hills in or der   stood, Or earth received her frame, 4. A thousand a ges in Thy sight Are like an ev ning gone, 5 0 God, our Help in a ges past, Our Hope for years to come,"
127,https://hymnary.org/page/fetch/SSSH1989/127/high,"Our shel ter   from the storm y blast, And our ter nal Homel Suf fi cient is Thine arm a lone, And our defense is sure. From ev er last ing Thou art God, To end less  years the same_ Short as the watch that ends the night Be fore the ris ing sun: Be Thou our Guide while life   shall Jast, And our ter nal Home. [NEWLINE] The Christian's GoodNight 123 SARAH DOUDNEY IRA D SANKEY [NEWLINE] 1. Sleep on, be lov ed, sleep; and take thy rest; Lay down thy 2 Calm is thy slum ber as an infant' $ sleep; But thou   shalt 3. Un til ter nal glo ry   lights the skies, Un til the 4, On ly ""Goodnight; be loved _ not 'Farewelll"" A lit tle 5 Un til we meet gain beforeHis throne, Clothed in the [NEWLINE] + head up on thy Saviour' $ breast; We love thee well, but wake no more t0 toil and weep: Thine is a per fect dead in Je _ sus shall a rise, And He shall come, but while, and all His saints shall dwell In hal lowed un ion spot less robe He gives His own, Un til we know [NEWLINE] Je sus loves thee best Goodnight! Goodnight! Goodnight! rest, se cure and deep Goodnight! Goodnight! Goodnight! not in lowly guise Goodnight! Goodnight! Goodnight! in di vis ble Goodnight! Goodnight! Goodnight! ven as we are known Goodnight! Goodnight! Goodnight!"
128,https://hymnary.org/page/fetch/SSSH1989/128/high,"124 God Will Take Care of You CIVILLA D. MARTIN W.STILLMAN MARTIN [NEWLINE] 1. Be not dismayed whate'er betide, God will take care of you; 2. Through days of toil when heart doth fail, God will take care of you; 3 AIL you may need He will provide, God will take care of you; 4 No mat ter what may be the test, God will take care of you; [NEWLINE] Beneath His wings of love abide, God will take care of you; When dan gers fierce your path as sail, God will take care of you; Noth-= -ing you ask will be denied, God will take care of you; Lean, wea Ty one, up on His breast; God will take care of you; [NEWLINE] God will take care of   you, Through ev ry day, O'er all the way; [NEWLINE] He will take care of you, God will take care of you. take care ofyou:"
129,https://hymnary.org/page/fetch/SSSH1989/129/high,"The Solid Rock [NEWLINE] EDWARD MOTE [NEWLINE] WILLIAM B. BRADBURY [NEWLINE] 1. My hope is built on nothing less than Je sus blood and righteous-ness; 2. When   darkness veils His lovely  face, 1 rest   on His un changing grace; 3. His oath, His coV e nant; His blood, Support me in the whelming flood; 4. When He shall come with  trumpet sound, 0 may 1 then in Him be found; [NEWLINE] dare not trust the sweetest frame, But whol ly lean on Je suS name In ev ry high and storm y gale, My an chor holds with in the  veil. When all around my soul gives way, He then is all my hope and stay. Dressed in His right eous ness a lone, Fault less  to stand be fore the throne. [NEWLINE] On Christ, the sol id Rock stand; AlI oth er ground [NEWLINE] is [NEWLINE] sinking sand, AII oth er ground is sink ing sand: [NEWLINE] Favorite song of Dr. Curtis Hutson ."
130,https://hymnary.org/page/fetch/SSSH1989/130/high,[This image is under copyright]
131,https://hymnary.org/page/fetch/SSSH1989/131/high,[This image is under copyright]
132,https://hymnary.org/page/fetch/SSSH1989/132/high,[This image is under copyright]
133,https://hymnary.org/page/fetch/SSSH1989/133/high,[This image is under copyright]
134,https://hymnary.org/page/fetch/SSSH1989/134/high,[This image is under copyright]
135,https://hymnary.org/page/fetch/SSSH1989/135/high,[This image is under copyright]
136,https://hymnary.org/page/fetch/SSSH1989/136/high,[This image is under copyright]
137,https://hymnary.org/page/fetch/SSSH1989/137/high,[This image is under copyright]
138,https://hymnary.org/page/fetch/SSSH1989/138/high,[This image is under copyright]
139,https://hymnary.org/page/fetch/SSSH1989/139/high,[This image is under copyright]
140,https://hymnary.org/page/fetch/SSSH1989/140/high,"136 Master , the Tempest Is Raging MARY A. BAKER H.R PALMER [NEWLINE] 1. Mas ter, the tempest IS rag ing! The billows are tOSS ing high? 2. Mas ter, with anguish of spir it bow in my grief to day; 3  Mas ter, the ter ror is ver, The el ements sweel ly rest; [NEWLINE] The sky is 0'ershad-owed with blackness, No shelter or   help is nigh: The depths of my sad heart are trou bled; waken and save, I pray! Earth 's sun in the calm lake is mir rored, And Heaven 's within my breast. [NEWLINE] ""Car est Thou not that we per ish?"" How canst Thou lie a sleep, Torrents of sin   and of an guish Sweep 0'er my sink ing soul! Lin ger, 0 bless ed Re deem er, Leave me 4 - lone no more; [NEWLINE] When each   moment S0 madly is threat ""ning A grave in the an gry deep? And 1 per ish! 1 per ish, dear Mas ter; 0 has ten, and take con trol! And with joy L shall make the blest   har bor, And rest on the bliss ful shore."
141,https://hymnary.org/page/fetch/SSSH1989/141/high,"Pp [NEWLINE] ""The winds and the waves shall 0-bey My will, Peace, be stilll"" Peace, be   still! peace , be stilll [NEWLINE] #KNA Wheth er the wrath of the stormtossed sea, Or demons, or men; Or what [NEWLINE] grad. cresc. 3 [NEWLINE] 36 ev er it be, No water can swallow the ship where lies The Mas ter of [NEWLINE] 0-cean and earth   and skies; They all   shall sweetly 0 bey My will; Peace, be stilll [NEWLINE] pp [NEWLINE] Peace, be  still! They all  shall sweetly 0 bey My will; Peace, peace, be still!"
142,https://hymnary.org/page/fetch/SSSH1989/142/high,[This image is under copyright]
143,https://hymnary.org/page/fetch/SSSH1989/143/high,"The Haven of Rest 138 HENRY L. GILMOUR GEORGE D. MOORE [NEWLINE] 1. My soul in sad ex ile was out on life'$ sea, So 2. [ yield ed my self to His ten der em brace, And 3. The song of my soul, since the Lord made me   whole, Has 4 0 come to the Sav iour, He pa tiently waits To [NEWLINE] burdened with sin  and dis tressed, Till 1 heard a sweet voice saying; faith taking hold of the Word, My fetters fell off;, and been the old story SO blessed, Of Je sus who'Il save whoSO save by His pow er di vine; Come, anchor your soul in the [NEWLINE] DS:: The tempest may sweep 0'er the Fine [NEWLINE] ""'Make Me your choice"" ; And  entered the ""Ha ven of Rest anchored my soul; The 'Haven of Rest' is my Lord_ ev er will   have home in the ""Ha ven of Rest' ""Ha ven of Rest; ' And say, ""My Belov ed is mine. [NEWLINE] wild, stormy deep, In Je SuS Fm safe ev er more [NEWLINE] Fve an chored my soul [NEWLINE] in the ""Ha ven of Rest, [NEWLINE] D.S. al Fine [NEWLINE] 5 TI sail the wide seas [NEWLINE] no more; [NEWLINE] Favorite song of singer Ray Hart,"
144,https://hymnary.org/page/fetch/SSSH1989/144/high,"139 [ Know Whom [ Have Believed [NEWLINE] DANIEL W WHITTLE [NEWLINE] JAMES McGRANAHAN [NEWLINE] know not  why God'$ wondrous grace To me He hath made known; 2 1 know not how this sav ing faith To me He did im part, 3 1 know not how the Spir it moves, Convinc-ing men of sin , 4 1 know not what of good Or ill May be reserved for me, 5. 1 know not when my Lord may come, At night or noon day fair, [NEWLINE] Nor why unwor thy Christ in love Redeemed me for His own_ Nor how believ ing in His Word Wrought peace within my heart. Re veal ing Je sus through the Word, Cre at ing faith in Him. Of weary ways Or gold en days, Be fore His   face I see. Nor if [ walk the vale with Him, Or ""meet Him in the air,' [NEWLINE] But `I know whom have be lieved, andam per suaded that He is AeAR #| [NEWLINE] able To keep that which ['ve commit-ted Unto Him   against  that day: 25 AAAA [NEWLINE] Favorite song of Dr. Dwight Gustafson"
145,https://hymnary.org/page/fetch/SSSH1989/145/high,"We Have an Anchor 140 PRISCILLA J. OWENS WILLIAM J. KIRKPATRICK [NEWLINE] La Will your an chor hold in the storms of life, When the 2. It is safe ly moored twill the storm with stand. For tis 3_ When our eyes be hold through the gath 'ring night The [NEWLINE] clouds un fold their wings of strife? When the strong tides lift and the well se cured by the Sav iour's hand; Though the tem pest rage and the cit of gold, our har bor   bright, We shall an chor fast by the [NEWLINE] ca bles  strain, Will your an chor   drift, or fir re main? wild winds blow, Not an an gry wave shall our bark 0 er flow. heav n ly shore, With the  storms all past for ev er more. [NEWLINE] We have an anchor that keeps the soul Steadfast and sure while the billows roll, [NEWLINE] Fastened to the Rock which cannot move,Grounded firm and deep in the Saviour's love."
146,https://hymnary.org/page/fetch/SSSH1989/146/high,[This image is under copyright]
147,https://hymnary.org/page/fetch/SSSH1989/147/high,[This image is under copyright]
148,https://hymnary.org/page/fetch/SSSH1989/148/high,"Blessed Assurance FANNY J. CROSBY PHOEBE P. KNAPP [NEWLINE] L Blessed as sur ance Jesus is mine, 0 what a fore taste of 2 Per fect sub mis sion, perfect de light, Visions   of   rap ture now 3 Per fect sub mis sion, all is al rest 1 in my Sav iour am 3 [NEWLINE] #JH [NEWLINE] glo Ty di vinel Heir of sal va tion, purchase of God, burst on my sight; Angels de scend ing; bring from a bove happy and blest; Watching and wait ing; looking a bove, [NEWLINE] Born of His Spir it, washed in His  blood. Echoes   of mer cy, whispers  of love: This is my sto Ty , this  is my Filled with His good ness, lost   in His love: [NEWLINE] V#E song, Praising my Sav iour all the day long; This is my sto ry, 95 AH [NEWLINE] this is my song; [NEWLINE] Praising my Sav iour all the day long: [NEWLINE] Favorite song of Dr. Jack Hyles, singer Jerome Hines , Dr. Clarence Sexton and Dr. Bruce Cummons."
149,https://hymnary.org/page/fetch/SSSH1989/149/high,"Mighty Fortress Is Our God 144 MARTIN LUTHER MARTIN LUTHER Translated by Frederick H. Hedge [NEWLINE] 1. A mighty For tress is our God, A Bulwark nev er fail 2. Did we in our own strength confide, Our strivingwould be los 3. And though this world, with dev ils filled, Should threaten to un do 4 That Word a bove all   earth Iy pow'rs__No thanks to them abid [NEWLINE] ing; ing; uS; eth; [NEWLINE] Our Helper He a mid the flood Of mortal ills   pre vail ing Were  not the right Man on our side, The Man of God'$ own choos ing: We will not fear , for God hath willed His Truth to triumph through uS . The Spir it and the gifts are ours Thro' Him who with uS sid eth_ [NEWLINE] For still our an cient   foe Doth seek to work uS woe; His craft   and pow'r are Dost ask who that may be? Christ  Jesus, it is He; Lord Sab 4 oth His The prince of dark ness grim We tremble not for   him; His rage we can en Let   goods and kin dred g0, This mortal life al so; The bod y they may [NEWLINE] great, And, armed with cru el hate, On earth is not his name, From age to age the same, And He must win the bat dure, For lo! his   doom is sure, One lit tle word shall fell kill: God s truth a bid eth still, His king dom is for ev [NEWLINE] qual: tle. him_ [NEWLINE] er."
150,https://hymnary.org/page/fetch/SSSH1989/150/high,"It Is Well With My Soul H. G. SPAFFORD PHILIP P. BLISS [NEWLINE] 1. When peace, like a riv er, at tend eth my way, When sorrows like 2 Though Sa tan should buf fet, tho tri als should come, Let this blest as 3_ My sin 0 the bliss of this   glo ri ouS thought My sin not in 4 And, Lord, haste the day when my faith shall be   sight, The clouds be rolled [NEWLINE] sea bil lows roll; What ev er my lot, Thou hast taught me to sur ance con trol, That Christ has re gard ed my helpless es part, but the whole Is nailed to the cross and bear it no back as a scroll; The trump shall re sound and the Lord   shall de [NEWLINE] say, It is well; it is well with my   soul: tate , And hath shed His own blood for my soul; It is well more , Praise the Lord, praise the Lord, my soull It is scend, ""E ven SO it is well with my soul, [NEWLINE] with my soul, It is well, it is well with my soul. well with my soul,"
151,https://hymnary.org/page/fetch/SSSH1989/151/high,"Shelter in the Time of Storm 146 [NEWLINE] IRA D. SANKEY, altered [NEWLINE] IRA D. SANKEY [NEWLINE] 1. The    Lord'$ our Rock, in Him we hide, A Shelter in the time   of stor; 2. A Shade by day, De fense by night, A Shelter in the time   of stom; 3. The rag ing storms may round us beat, A Shelter in the time   of stor; 4 0 Rock divine, 0 Refuge dear, A Shelter in the time  of storm; 24 Ap66F] [NEWLINE] Se cure what ev er ill be tide, A Shelter in the time of stor  No fears alarm, no foes af _ fright; A Shelter in  the time of storm We'II nev er leave our safe re treat, A Shelter in the time of stor: Be Thou our Help er ev er near, Shelter in the time of storm_ [NEWLINE] Je suS is a Rock in a weary  land, a wea ry land, a weary  land; [NEWLINE] Vl # [NEWLINE] Je sus   is 4 Rock in a wea ry land, A Shelter in the time of storm_ [NEWLINE] #VVFI|"
152,https://hymnary.org/page/fetch/SSSH1989/152/high,"147 Leaning on the Everlasting Arms ELISHA A. HOFFMAN ANTHONY J. SHOWALTER [NEWLINE] What a fellow-ship, what a joy divine, Leaning on the ev er last-5 ing arms; 2. 0 how sweet t0 walk in this pilgrim way,Leaning on the ev er lasting arms; 3 What have [ to dread, what have 1 to fear, Leaning o the ev er lasting arms? [NEWLINE] What a blessed-ness, what a peace is mine, Lean-= -ing on the ev er ~lasting arms. Ohow bright the path grows from day to day, Lean- -ing on the ev er '~lasting arms. 1 have blessed peacewith my Lord s0 near; Leaning on the ev erlast-ing arms. [NEWLINE] dLean ing; lean ing; Safe and secure from all a larms; Lean-= ing on JesuS, lean - -ing on Je suS, [NEWLINE] AHXE,4 Lean ing; lean ing; Leaning on the ev er lasting arms. Leaningon JesuS , lean - ~ingon Jesus,"
153,https://hymnary.org/page/fetch/SSSH1989/153/high,[This image is under copyright]
154,https://hymnary.org/page/fetch/SSSH1989/154/high,"Trusting Jesus EDGAR P. STITES [NEWLINE] IRA D. SANKEY [NEWLINE] 1. Sim ply trust ~ing ev ry day, Trust ~ing through a stor y way; 2. Brightly doth His Spir it shine In to this   poOr heart of mine; 3 Sing ~ing if my way is clear; Pray ing if the path be drear; 4 Trust ing Him while life shall last, Trust ~ing Him till earth be past; [NEWLINE] E ven when my faith is small, Trust ing Je sus, that is all: While He   leads can not fall; Trust ing Je sus, that is all: If in dan ger, for Him call; Trust ing Je suS, that is all. Till with in the jas per wall: Trust ing Je suS, that is all: [NEWLINE] Trust ing as the mo ments fly, Trust ing as the days go by; [NEWLINE] 3F Trust ing Him what e'er be fall, Trust ing Je suS, that is all:"
155,https://hymnary.org/page/fetch/SSSH1989/155/high,"My Faith Has Found a Resting Place 150 LIDIE H. EDMUNDS Anonymous Arranged by William J. Kirkpatrick [NEWLINE] 1_ My faith has   found a resting place, Not in device nor creed; 2 E nough for me that JesuS saves, This   ends my fear and doubt; 3 My heart  is lean ing on the Word, The written Word of God, 4 My great Physi cian heals the sick, The lost He came to save; [NEWLINE] Pi64 [NEWLINE] trust the Ev er living One, His wounds for me shall plead , A sin ful  soul come to Him, He'Il nev er cast me out: Sal vation   by my Saviour'$ name, Sal va tion through His blood. For me His pre cious blood He shed, For me His   life He gave: [NEWLINE] dW 3 [NEWLINE] need no oth er ar gument, [NEWLINE] need no oth er plea, [NEWLINE] It [NEWLINE] is enough that Je sus died, And that He died for me."
156,https://hymnary.org/page/fetch/SSSH1989/156/high,"IDo Believe [NEWLINE] CHARLES WESLEY [NEWLINE] Unknown [NEWLINE] 1. Fa ther, stretch my hands   to Thee, No oth er help know; 2. What did Thine on ly Son endure, Be fore [ drew my breath; 3. 0 JeSuS, could T this believe, 1 now should feel Thy pow'r; 4 Au thor of faith, to Thee 1 lift My wea Ty, long ing eyes; [NEWLINE] Chorus: 7 do  believe , [NEWLINE] now believe That Je SUS died for me ; [NEWLINE] If Thou withdraw Thy self from me, Ah! whither shall g02 What pain, what la bor to secure My soul from endless death! And all my wants Thou wouldst receive, In this accept-ed hour. 0 let me now re ceive   that gift; My soul without it dies. [NEWLINE] And thro' His blood, His precious blood, [ shall from sin be free . [NEWLINE] Security Swedish Folk Tune [NEWLINE] LINA SANDELL Translated by various writers [NEWLINE] L. More se cure is no one ev er Than tae loved ones  of the Sav iour; 2 God His own doth tend and nour ish, In His ho ly courts they flourish; 3 Nei ther life nor death can ev er From the Lord His children sev er; 4_ Lit tle flock, to joy then yield theel Jacob's God will ev er shield thee; 5.. What He takes or what He gives uS Shows the Father'$ love so pre cious;"
157,https://hymnary.org/page/fetch/SSSH1989/157/high,"Not yon star on high a bid ing; Nor the bird in homenest hid ing: Like a Fa ther kind He spares them; In His lov ing ars He bears them_ For His love and deep compas sion Comfort  them in trib u la tion. Rest  secure with   this  De fender; At His will all foes sur ren der. We may  trust His purpose whol ly_'Tis His children 's welfare solely [NEWLINE] How Firm a Foundation [NEWLINE] GEORGE KEITH [NEWLINE] ANNE STEELE [NEWLINE] 1. How fir a   foun dation, ye saints   of the Lord, Is laid for your 2 ""In ev ry con di tion, in sickness, in health, In pov er ~ty' $ 3. ""When through fiery tri als thy path way shall lie, My grace, all suf 4, ""E'en down to old age, all My peo ple shall prove My SOVreign, e 5. ""The soul that on Je sus hath   leaned for repose, will not, [ [NEWLINE] faith in His ex cellent  Wordl What more can He say than to vale, Or a bound ing in wealth; At home and a broad, on the fi cient, shall be thy sup ply; The flame shall not hurt thee = [ ter nal, un chang a ble love; And when hoar y hairs shall their will not de sert to its foes; That soul, though all Hell should en [NEWLINE] you He hath said, To you who for ref uge to Je sus have fled? land, on the sea, As your days may demand, shall your strength ever be on ly de sign Thy dross to consume, and thy gold to re fine. tem ples a dor, Like lambs they shall still in My bos om be bore. deav Or to shake, I'IL nev er, nO, nev er, nO, nev er for sakel [NEWLINE] Favorite song of Dr. G. Archer Weniger and Dr . Noel Smith."
158,https://hymnary.org/page/fetch/SSSH1989/158/high,"154 Blest Be the Tie That Binds JOHN FA WCETT HANS G. NAGELI Arranged by Lowell Mason [NEWLINE] 1 Blest   be the tie that binds Our hearts in Chris tian  love; The   fel low - 2 Be fore our Fa ther'$ throne, We pour our ar dent prayers; Our fears, our 3 We share our mu tual woes, Our mu tual bur dens   bear; And oft en 4. When we a sun der part, It gives uS in ward pain; But we shall [NEWLINE] ship of kin dred  minds Is like to that a bove. hopes, our aims are one, Our com forts and our cares. for each oth er flows The sym pa thiz ing tear. still be joined in heart, And hope to meet a gain. A men: [NEWLINE] Doxology LOUIS BOURGEOIS [NEWLINE] THOMAS KEN [NEWLINE] J Praise God from whom all   blessings flow; Praise Him, all   creatures here be low; [NEWLINE] ~ Praise Him above, ye heav 'nly host; Praise Father; Son and Ho ly Ghost;"
159,https://hymnary.org/page/fetch/SSSH1989/159/high,"Jesus Is the Sweetest Name [ Know 156 LELA LONG LELA LONG [NEWLINE] 1. There have been names that [ have loved to hear, But nev er has   there 2. There is no name in   earth Or Heav'n a bove, That we should give such 3 And someday [ shall see Him face to face To thank and  praise Him [NEWLINE] been a name SO dear honor  and such love for His wondrous grace, [NEWLINE] To this heart of mine, as the name divine, The As the blessed name, let uS all acclaim That Which He gave to me, when He made me free, The [NEWLINE] precious, precious name of Je sus. wondrous,glorious name of Je suS. bless ed Son of God   called Je suS. [NEWLINE] Je suS is the sweetest name [ [NEWLINE] know, And He's just the same as His love ly name, And that' $ the rea son [NEWLINE] J424 rall. [NEWLINE] why [ love Him So; [NEWLINE] Je sus is the sweetest name [ know_"
160,https://hymnary.org/page/fetch/SSSH1989/160/high,"157 Come; Thou Almighty King Anonymous FELICE de GIARDINI [NEWLINE] 1. Come, Thou Almight y King, Help uS Thy name to sing, 2. Come, Thou In car nate Word, Gird on Thy might y sword, 3 Come, Ho _ ly Com fort er, Thy sa cred wit ness bear 4. To the   great One in Three E ternal prais es be [NEWLINE] Help uS to praise: Father, all glo ri ouS, 0'er all vic Our prayer at tend: Come, and Thy peo ple bless, And give Thy In this glad hour: Thou who al might y art, Now rule in Hence ev er more. His SOV - 'reign maj es ty May we in [NEWLINE] to ri ouS, Come, and   reign ver uS, An cient of days: Word suCcess: Spir it of ho li ness, On uS de scend_ ev ry heart, And ne'er from uS de part, Spir it of pow' r. Glo ry see, And to ter ni ty Love and a dore. [NEWLINE] 158 0 for a Thousand Tongues to Sing CHARLES WESLEY CARL G. GLASER Arranged by Lowell Mason [NEWLINE] 1. 0 for a thousand tongues to sing My great Redeem er' S praise, 2. My gracious Mas ter and my God, As sist me to pro claim, 3. Je sus! the name that charms our fears, That bids our SOrrows cease; 4. He breaks the pow r of canceled sin, He sets the pris ner free; 5 Hear Him, ye deaf; His praise, ye dumb, Your loosened tongues em ploy;"
161,https://hymnary.org/page/fetch/SSSH1989/161/high,"The glories of my God and King; The triumphs of His grace. To spread thro all the earth abroad, The hon ors   of Thy name. 'Tis mu sic in the sinner S ears, Tis life, and health, and peace_ His blood can make the foulest clean; His blood  availed   for me Ye blind, behold your Saviour come; And leap; yelame, for joy [NEWLINE] Favorite song of Dr. Monroe Parker. Blessed Be the Name [NEWLINE] W.H. CLARK Refrain, Ralph E. Hudson [NEWLINE] RALPH E. HUDSON Arranged by William J. Kirkpatrick [NEWLINE] 1.All praise to Him who reigns above In majes ty su preme, 2. His name above all   names shall stand, Ex alt ed more and more , 3. Re deemer , Sav iour, Friend of man   Once ru ined by the fall, 4. His name shall be the Counsel Or , The  might y Prince   of   Peace, [NEWLINE] Who gave His Son for man to die, That He might man re deem! At God the Father' $ own right hand, Where an gel hosts a dore. Thou hast devised sal va tion S plan, For   Thou hast   died for all. Of all earth '$ kingdoms Conquer Or, Whose reign shall nev er cease [NEWLINE] Blessed be   the name, blessed be the name, Blessed be the name of the Lord; [NEWLINE] Blessed be the name, blessed be   the name, Blessed be the name of the Lord."
162,https://hymnary.org/page/fetch/SSSH1989/162/high,"160 Crown Him With Many Crowns MATTHEW BRIDGES GEORGE J. ELVEY and GODFREY THRING [NEWLINE] 1. Crown Him with man y crowns, The Lamb up on His throne; 2. Crown Him the Lord of lovel Be hold His hands and side, 3. Crown Him the Lord of lifel Who triumphed 0'er the grave; 4 Crown Him  the Lord of Heav 'n! One with the Fa ther known; [NEWLINE] Hark! how the heav'nly anthem drowns AII mu sic but its own! Rich wounds, yet vis ble a bove, In beauty glo ri fied: Who rose vic torious to the strife For those  He came to save: One with the Spir it through Him giv'n From  yonder glo rious thronel [NEWLINE] A wake, my soul, and sing Of Him who died for thee; No an gel in the sky Can ful ly bear that sight, His glo ries now we sing, Who died and rose on high; To Thee be endless   praise, For Thou for uS hast died; [NEWLINE] And hail Him as thy matchless King Thro' all e ter ni ty  But down ward bends his wond ring eye At mys ter ies SO bright: Who died ter nal life to bring, And lives that death may die. Be Thou, 0 Lord, thro' endless days A dored and mag ni fied. [NEWLINE] pxe"
163,https://hymnary.org/page/fetch/SSSH1989/163/high,"Our Great Saviour [NEWLINE] J, WILBUR CHAPMAN [NEWLINE] ROWLAND W. PRICHARD Arranged by Robert Harkness [NEWLINE] 1, Je sus! what a Friend for sin ners! Jesus! LOver of my soul. 2. Je sus! what a Strength in weak ness! Let me hide myself in  Him; 3. Jesus! what a help in SOr rowl While the bil lows 0'er me roll, 4. Je sus! what a Guide and Keep er! Whilethe tempest   still is   high, 5. Je sus! [ do now receive Him, More than all in Him [ find, [NEWLINE] 4# Friends may fail me, foes as sail me, He, my Saviour; makes me whole. Tempted, tried, and sometimes fail ing; He, my Strength, my vic t'ry wins: E ven when my heart is break ing, He, my Com fort; helps   my soul: Storms a bout me, night 0 'ertakes me, He, my Pilot, hears my Cry. He hath grant ed me forgive ness, [ am His, and He is mine. [NEWLINE] Halle lu jah! what a Sav iour! Halle lu jah! what a Friend! [NEWLINE] Sav ing; helping, keep ing; lov ing, He is with me to the end. [NEWLINE] Copyright 1910. Renewal 1938 by R. Harkness. Assigned to Hope Publishing Co. All rights reserved: Used by permission. [NEWLINE] Favorite song of Dr. J. R, Faulkner and Dr , Bob Gray ."
164,https://hymnary.org/page/fetch/SSSH1989/164/high,"To God Be the Glory FANNY J. CROSBY WILLIAM H. DOANE [NEWLINE] 1. To God be the glo ry ~great things He hath   done, So loved He the 2 0 per fect redemp-tion, the purchase of   blood! To ev ry be - 3 Great things He hath taught US, great things He hath done, And great our re [NEWLINE] world that He gave uS His Son, Who yield ed His life an a liev _ er the prom ise of God; The vil est offend er who joic ing through Je suS the Son; But pur er   and high er and [NEWLINE] Bd [NEWLINE] tonement for sin And 0 pened the Lifegate   that all   may go in. tru ly believes, That moment from Je suS a par don re ceives. great er will be Our wonder, our transport; when Je suS we see. [NEWLINE] Praise the Lord, praise the Lord, Let the earth hear His voice! Praise the Lord, praise the [NEWLINE] Lord, Let the people re joice! [NEWLINE] come [NEWLINE] to the Fa ther through"
165,https://hymnary.org/page/fetch/SSSH1989/165/high,"Je sus the Son, And give Him the glo ry_great  things He hath done. [NEWLINE] When Morning Gilds the Skies 163 From the German JOSEPH BARNBY Translated by Edward Caswall [NEWLINE] When   morning gilds the skies, My heart a waking cries: 2 When sleep her balm de nies, My si lent spir it sighs: 3. Does sad ness fill my mind, A sol ace here find: 4. In Heav 'n 's e ter nal bliss The loveliest strain is this: 5. Be this, while life is mine, My can ti cle di vine, [NEWLINE] May Je sus   Christ be praised; A like at work and prayer May Je sus   Christ be praised; When vil thoughts mo lest, May Je suS Christ be   praised; Or fades my earth ly bliss, May Je sus Christ be praised; The pow'rs of darkness fear, May Je sus Christ be praised; Be this th'e ter nal song, [NEWLINE] To Je suS re pair: May 'Je sus Christ be praised. With this 1 shield my breast: May Je sus Christ be praised. My comfort still is this: May Je suS Christ be praised. When this sweet chant they hear: May Je suS Christ be praised. Through all the dges on: May Je sus Christ be praised."
166,https://hymnary.org/page/fetch/SSSH1989/166/high,"Praise Him! Praise Him! FANNY J. CROSBY CHESTER G. ALLEN [NEWLINE] 1. Praise Him! praise Him! Je suS, our blessed Redeem er! Sing, 2 Praise Him! praise Him! Je sus, our blessed Redeem er! For our 3 Praise Him! praise Him! Je sus, our blessed Redeem er! Heav'nly [NEWLINE] 56 Earth, His wonder-ful love proclaim! Hail   Him! hail Him! sins He suffered, and bled, and died; He our Rock, our por tals loud with hosan nas ring! Je suS, Sav iour, [NEWLINE] highest archan-gels   in Glo ry;   Strength and hon Or give to His ho ly hope of e ternal sal va tion, Hail  Him! hail Him! Je sus the Cru ci reigneth for ev er   and ev er; Crown Him! crown Him! Prophet, and Priest, and [NEWLINE] name! fied. Kingl [NEWLINE] Like a shep herd, Je sus will guard His children, Sound His prais es! Je sus who bore our SOr rows, Christ is com ing! 0 ver the world vic to rious , [NEWLINE] TB [NEWLINE] 4 In His ars He car ries   them all day long: Love un bound ed, won der ful, deep and strong: Pow' r and glo ry un to the  Lord be long:"
167,https://hymnary.org/page/fetch/SSSH1989/167/high,"Praise Him! praise Him! tell of His ex cellent   great ness; [NEWLINE] Praise Him! praise   Him! ev er in joy ful song! [NEWLINE] Worship the King 165 ROBERT GRANT Adapted from J . Michael Haydn [NEWLINE] 13 0 worship the King, all glorious a bove, And grateful ly 2 0 tell of His might, and sing of His grace, Whose robe  is the 3. Thy boun ti ful care what tongue can re cite? It breathes in the 4 Frail children of dust, and fee ble as frail, In Thee do we [NEWLINE] sing His won der ful   love; Our Shield and De _ fender, the Ancient of light; whose can py   space; His charjots of wrath the deep thunder-clouds air, it shines in the light; It streams from the hills, it descends to the trust, nor find Thee to fail; Thy mercies how tender! how fir to the [NEWLINE] Days, Pa vilioned in splendor, and gird ed with praise. form, And dark is His path on the wings of the   storm plain, And sweetly dis tills in the dew and the rain. end! Our Maker, De fend er, Redeem er and Friend. A men"
168,https://hymnary.org/page/fetch/SSSH1989/168/high,"I Will Praise Him Mrs. M. J. HARRIS Mrs. M. J. HARRIS [NEWLINE] 1. When saw the cleansing fountain 2. Though the way seems straight and narrOwW, 3. Then God's fire up on the al tar 4 Bless ed be the name of Je sus! 5_ Glo ry, glo ry to the Fa ther! [NEWLINE] pen wide   for all my AlL [ claimed was swept aOf my heart was set a Tm SO glad  He took me Glo ry, glo ry to the [NEWLINE] sin, way; flame; in; Son! [NEWLINE] 0-beyed the Spirit'$ wooing, When He said, ""Wilt thou be My ambi-tions, plans, and wishes, At my feet in ash es shall never cease to praise Him Glory, glory to His He'$ forgiv-en my transgres-sions, He has cleansed my heart from Glo ry, glo Ty t0 the Spirit! Glory to the Three in AAAAA [NEWLINE] clean?"" lay. namel sin. Onel [NEWLINE] will praise Him!  will praise Him! Praise   the Lamb for sinners [NEWLINE] #8 AF6 [NEWLINE] slain; [NEWLINE] Give Him   gloTY, all ye peo ple, [NEWLINE] for sin ners   slain;"
169,https://hymnary.org/page/fetch/SSSH1989/169/high,"+ For His blood can wash a way each stain [NEWLINE] All Hail the Power of Jesus' Name 167 EDWARD PERRONET OLIVER HOLDEN [NEWLINE] 13 AlI hail the pow r of Je sus namel Let an gels prostrate fall: 2. Ye cho sen seed of Is rael '$ race, Ye ransomed from the fall, 3 Let ev ry kin dred, ev ry   tribe, On this ter res trial ball, 4 0 that with yon der sa cred throng We at His feet may fall? [NEWLINE] Bring forth the roy al di a dem, And crown Him Lord of all; Hail Him who saves yOU by His grace, And crown Him Lord of all, To Him all maj _ es ty as cribe, And crown Him Lord of all, We 'Il join the ev er last ing song; And crown' Him Lord of all, [NEWLINE] 4 Bring forth the roy al di a dem, And crown Him Lord Hail Him who saves yoU by His   grace, And crown Him Lord To Him all majes ty as cribe, And crown Him Lord We 'Il   join the ev er last ing song, And crown Him Lord [NEWLINE] of alll of alll of all! of alll"
170,https://hymnary.org/page/fetch/SSSH1989/170/high,"168 AIl Hail the Power of Jesus' Name (Diadem) EDWARD PERRONET JAMES ELLOR Altered by John Rippon [NEWLINE] L.All hail the   pow r of Je suS name! Let an gels prostrate 2_ Ye cho sen seed of Is rael'$ race, Ye ransomed from the 3. Let ev 'ry kin dred, ev ry tribe, On this ter restrial 4 0 that with yon der sa cred throng We at His feet may [NEWLINE] fall, fall, ball, fall, [NEWLINE] Let an Ye ran On this We at [NEWLINE] gels pros trate fall; Bring forth the somed from the fall, Hail Him who ter res trial ball, To Him all His feet may fall! We 'II join the [NEWLINE] And crown [NEWLINE] roy saves [NEWLINE] al [NEWLINE] di you by es ty er last [NEWLINE] dem, His grace, as cribe, ing songy [NEWLINE] And crown Him, [NEWLINE] maj ev [NEWLINE] And crown [NEWLINE] And crown Him, Him, Crown Him, [NEWLINE] crown Him, [NEWLINE] crown Him, [NEWLINE] crown Him, And crown Him Lord of Him, Crown Him, [NEWLINE] crown Him, [NEWLINE] crown Him, [NEWLINE] Crown"
171,https://hymnary.org/page/fetch/SSSH1989/171/high,"crown Him, [NEWLINE] all, [NEWLINE] crown Him; And crown [NEWLINE] Him Lord [NEWLINE] of all? [NEWLINE] Crown [NEWLINE] Him; [NEWLINE] Him; And crown Him Lord of alll Come; Thou Fount 169 ROBERT ROBINSON JOHN WYETH [NEWLINE] 1, Come, Thou Fount of ev ry bless ing; Tune my heart to sing Thy grace; 2. Here I raise  mine Eben zer; Hith ~er by Thy   help Im come; 3. 0 to grace how great a debt Or Dai ly Im constrained to bel [NEWLINE] Streams of mer cy, nev er ceas ing; Call   for songs of loudest   praise. And 1 know, by Thy good pleas ure ,  Safe ly II ar rive at Home. Let Thy  goodness, like a fet ter, Bind my wand ring heart to Thee: [NEWLINE] Hd Teach me some mel 0-dious son net, Sung by flam-; ing tongues a bove; Jesus sought me when a stran ger, Wand 'ring from   the fold of God; Prone t0 wan der, Lord, [ feel it, Prone to leave the God T love; [NEWLINE] Praise the mount--I'm fixed up on it-_Mount of Thy re deeming love: He, to res cue me from dan ger, In ter posed His   precious blood. Here'$ my heart, O take and seal it; Seal it for Thy courts a bove"
172,https://hymnary.org/page/fetch/SSSH1989/172/high,"170 Hallelujah; What a Saviour! PHILIP P. BLISS PHILIP P. BLISS [NEWLINE] 1, ""Man of Sorrows; what a name For the Son of God who came 2 Bear ing = shame and scoff-= ing rude, In my  place condemned He stood; 3 Guilt Y, vile and helpless, we; Spotless Lamb of God was He; 4. Lift ed up was He to die, ""It is finished,' was His cry; 5 When He comes, our glorious King, AlI His ransomed Home to bring, [NEWLINE] Ru ined sin ners to re claim! Hal le lu jah!   what a Sav iour! Sealed my par don with   His blood; Hal le lu jah! what a Sav iour! ""Full a tonement! can it be? Hal le lu jah! what a Sav iour! Now in Heav 'n ex alt ed high;   Hal le lu jah! what a Sav iour! Then a new this song we' Il sing: Hal le lu jah!  what a Sav iour! [NEWLINE] 171 Jesus! the Very Thought of Thee BERNARD J.B. DYKES [NEWLINE] TB [NEWLINE] 1. Je sus! the ver y thought of Thee With sweetness fills my breast: 2 No voice can sing, no  heart can frame, Nor can the mem ry find, 3. 0 Hope of ev ry con trite heart, 0 Joy of all the meek, 4 But what t0 those who find? Ahl this Nor tongue nor pen can   show: [NEWLINE] But sweet er far Thy  face to see, And in  Thy pres ence rest. A sweet er sound than Je suS name, The Saviour   of mankind. To those who ask, how kind Thou art! How good to those who seek! The love of Je SuS, what it is None but His  loved ones know."
173,https://hymnary.org/page/fetch/SSSH1989/173/high,"Love Divine, All Loves Excelling 172 CHARLES WESLEY JOHN ZUNDEL [NEWLINE] 1. Love divine,  all loves ex cel ling, Joy of Heav'n, to earth come down; 2. Breathe, 0 breathe Thy lov ing Spir it In to ev ry trou bled breast! 3. Come, Al mighty to de liv er, Let uS all Thy life re ceive; 4. Fin ish   then Thy new cre ation; Pure and   spotless let uS be; [NEWLINE] Fix in uS Thy hum ble dwelling; AlI Thy faith ful mercies crown. Let uS all in Thee in her it, Let uS find  that sec ond rest. Sudden ly re tum, and nev er, Never- more Thy tem ples leave: Let uS see Thy great sal va tion Per _ fectly re stored in Thee: [NEWLINE] Je sus, Thou ant all com pasSion, Pure unbound-ed love Thou ant; Take away our bent to sinning, Al pha  and 0 meg be; Thee we would be always bless-; -ing; - Serve Thee as Thy hosts a bove, Changed from glo Ty in to glo Ty, Till in Heav n we take our place, [NEWLINE] Vis it uS with Thy sal va tion; En ter ev ry trembling heart. End of   faith, as its be ginning, Set our hearts at lib er ty. Pray , and praise Thee with out ceas ing; Glo ry in Thy per fect love. Till we cast our crowns be fore Thee, Lost   in won der, love, and praise."
174,https://hymnary.org/page/fetch/SSSH1989/174/high,"173  Love Lifted Me [NEWLINE] JAMES ROWE [NEWLINE] HOWARD E. SMITH [NEWLINE] 1 [ was sink ing deep in sin, Far from the peace ful   shore, 2 AII my heart to Him [ give, Ev er t0 Him FI cling; 3. Souls in dan ger, look above, Je suS complete ly saves; [NEWLINE] Ver y deep ly stained with in, Sinking to rise no more; In His bless ed pres ence live, Ever His prais es sing: He will lift you by His   love Out of the an gry waves. [NEWLINE] But the Mas ter of the sea Heard my despair ing cry, Love SO might y and SO true Mer its my soul'$ best songs; He'$ the Mas ter of the sea, Billows His   will bey; [NEWLINE] From the wa ters lift ed me, Now safe am Faith ful, lov ing ser vice, t0o, To Him be longs. He your Sav iour wants to be Be saved to day: [NEWLINE] Love lift ed mel [NEWLINE] Love lift ed mel [NEWLINE] ven mel [NEWLINE] ven mel"
175,https://hymnary.org/page/fetch/SSSH1989/175/high,"When   noth ing else could help, Love lifted me_ [NEWLINE] Love   lift ed me. [NEWLINE] My Jesus; I Love Thee 174 WILLIAM R FEATHERSTONE ADONIRAM J, GORDON [NEWLINE] 1. My Je suS, 1 love Thee, [ know Thou art mine, For   Thee all the 2. 1 love  Thee, because Thou hast  first lov ed me, And purchased my 3. 1I love   Thee in life, 1 will love  Thee in death, And praise Thee as 4. In mansions of Glo Ty and end less de light; III ev er a [NEWLINE] fol lies of sin 1 re sign; My gra cious Re deem er, my par don on Cal vary' $ tree; [ love Thee   for wear ing the long as Thou lend est me breath; And say when the death dew lies dore Thee in Heav en SO bright; FI sing with the glit ter_ -ing [NEWLINE] Sav iour art   Thou; If ev er loved Thee, my Je suS, 'tis now_ thorns on Thy brow: If ev er loved Thee, my Je suS, 'tis now cold on my brow, If ev er loved Thee, my Je suS, 'tis now crown on my brow, If ev er loved Thee, my Je sus, 'tis now [NEWLINE] Favorite song of Dr_ Alfred B. Smith ."
176,https://hymnary.org/page/fetch/SSSH1989/176/high,"175 It's Just Like His Great Love EDNA H. WORRELL CLARENCE B. STROUSE [NEWLINE] L.A Friend have, called Je suS, Whose love is strong and true, And 2. Some times the clouds of trouble Be dim the sky a bove, 3. When sOrrow S clouds 0'ertake me, And break upon my head  When 4 0 could sing for ev er Of Je sus' love di vine Of [NEWLINE] nev er fails howe'er 'tis  tried, No mat ter what 1 do; can not see my Saviour's face, 1 doubt His wondrous love; life seems worse than useless, And 1 were better dead; all His care and ten derness For this poor life of mine; [NEWLINE] Fve But [NEWLINE] His [NEWLINE] sinned against this love of His, But  when 1 knelt to pray, He, from Heaven '$ mer cy seat, Be hold ing my des pair, take my grief to Je sus then, Nor do g0 in vain, love is in and ver all, And wind and waves 0 bey [NEWLINE] Con In For When [NEWLINE] fess ing all my guilt to Him, The sinclouds rolled away pit y bursts the clouds between, And shows me He is there. It' $ heav 'n ly hope He gives that cheers Like sunshine af ter rain; Je sus whis pers ""Peace, be   stilll"" And rolls the clouds away. [NEWLINE] just like Je sus t0 roll the   clouds away, It'$ just like [NEWLINE] Hbe"
177,https://hymnary.org/page/fetch/SSSH1989/177/high,"7 Je suS to keep me day by day, It' $ just like Je suS [NEWLINE] all along the way, It' $ just like His great love. [NEWLINE] Jesus Loves the Little Children 176 Anonymous GEORGE F ROOT [NEWLINE] Je sus loves   the lit tle chil dren, [NEWLINE] All the children of the [NEWLINE] world; [NEWLINE] Red and yel low, black and white, They are pre cious in His [NEWLINE] AIA [NEWLINE] sight; Je sus loves the lit tle chil dren of the world_"
178,https://hymnary.org/page/fetch/SSSH1989/178/high,"When Love Shines In [NEWLINE] MRS . FRANK A. BRECK [NEWLINE] WILLIAM J. KIRKPATRICK [NEWLINE] 1. Je sus comes with pow r to   gladden, When love shines in, 2. How the   world will glow with beau ty, When love   shines in, 3_ Dark est  sor row will grow brighter; When love shines in, 4 We may have un fad ing splendor; When love shines in, [NEWLINE] Ev ry life that woe can sadden, When love shines And the heart re joice in du ty, When love  shines And the heav iest bur den   lighter, When love   shines And a friend ship true and   ten der, When love  shines [NEWLINE] in. in. in. [NEWLINE] in. [NEWLINE] Love will teach uS how to pray_ Love will drive the   gloom a way, Tri als may be sanc ti fied, And the soul in peace 4 - bide, 'Tis the   glo ry that will throw Light to show uS where to go; When earth vic t'ries shall be won, And our  life in Heav n be gun, [NEWLINE] Tum our dark ness in to day, When   love shines in. Life will all be glo rified, When   love shines in, 0, the   heart shall bless ing know, When love shines in. There will be no need of sun, When love shines in."
179,https://hymnary.org/page/fetch/SSSH1989/179/high,"When love shines in, [NEWLINE] When love shines [NEWLINE] in, [NEWLINE] When love shines in, [NEWLINE] When love shines in, When love shines in, [NEWLINE] When love shines in, [NEWLINE] How the heart is tuned to   singing When love shines in; When love shines in; [NEWLINE] When love shines in, When love shines in, [NEWLINE] When love shines in, [NEWLINE] When love shines in, When love shines in, [NEWLINE] When love shines in, [NEWLINE] Joy and peace to oth ers bringing; When love shines in. When love, when love shines in."
180,https://hymnary.org/page/fetch/SSSH1989/180/high,"Jesus Loves Even Me PHILIP P. BLISS PHILIP P. BLISS [NEWLINE] 1.[ am SO glad that our Fa ther in Heav 'n 2. Though I for get Him and wander a way, 3. 0 if there ' $ on ly one song can sing [NEWLINE] Tells of His Still He doth When in His [NEWLINE] YB} love in the Book He has giv'n; love me wher ev er stray; beau ty see the great King, [NEWLINE] Wonder ful things in the Back to His dear lov ing This shall my song in [NEWLINE] ) HXNNEA Bi ble see This is the dear est; that Je sus   loves me. arms would 1 flee When 1 re mem ber   that Je sus loves me. ter ni ty be: ""0 what a won der that Je sus   loves mel"" [NEWLINE] #F T44 1 am So glad that Jesus loves me, Je sus   loves me, Jesus loves me, [NEWLINE] #p| bBWEJE am SO glad that Jesus loves me, Je sus loves e ven me."
181,https://hymnary.org/page/fetch/SSSH1989/181/high,"Such Love [NEWLINE] C: BISHOP [NEWLINE] ROBERT HARKNESS [NEWLINE] 1. That God should love a sinner such as I, Should yearn to change my 2. That Christ should join SO freely   in  the scheme , Although it meant His 3 That for a wil ful outcast such as I The Fa ther planned, the 4. And now He   takes  me to His heart -~a son, He asks me not to [NEWLINE] SOrrow in to bliss, Nor rest till He had  planned to bring me nigh, death on Calva - TY, Did ev er hu man   tongue find nobler theme Saviour bled and died; Re demption for a worthless slave to buy, fill a servant' $ place; The ""Far off coun try' wand 'rings all are done, [NEWLINE] Bd [NEWLINE] How won der ful IS love like this! Than love divine that ran somed me? Such   love, such Who long had law and grace de fied: Wide pen are His arms of grace. Such  love, [NEWLINE] 48 wondrous love, Such love, such wondrous love, That God should Such love, [NEWLINE] F#p love a sinner such as 1, How won derful is love   like this!"
182,https://hymnary.org/page/fetch/SSSH1989/182/high,[EXTRACTION FAILED]
183,https://hymnary.org/page/fetch/SSSH1989/183/high,[EXTRACTION FAILED]
184,https://hymnary.org/page/fetch/SSSH1989/184/high,"Wonderful Story of Love J M. DRIVER J.M. DRIVER [NEWLINE] 1. Won der ful sto ry of love; 2 Won der ful story of   love; 3. Won der ful sto ry of   love; [NEWLINE] Tell it to me a gain; Though you are far a way; Je sus pro vides rest; [NEWLINE] Won der ful sto ry of love; Wonder- ful sto ry of love; Won der ful sto Ty of love; [NEWLINE] Wake the im mor tal strain! Still He doth call to day; For all the pure and blest, [NEWLINE] An gels with rap ture an nounce it, Shepherds  with wonder re ceive it; Call ing from Cal vaTy' $ moun tain, Down from the crystal bright  fountain, Rest in those mansions a bove uS, With those who've gone on be fore uS, [NEWLINE] Sin ner, won 't you believe it? E'en from the dawn of cre a tion, Won der ful sto Ty of love. SingL -ing the rap tur ous cho rus, [NEWLINE] Won [NEWLINE] der [NEWLINE] full [NEWLINE] Won [NEWLINE] der [NEWLINE] full [NEWLINE] Won der ful sto Ty of love; [NEWLINE] Won der ful sto Ty of   love;"
185,https://hymnary.org/page/fetch/SSSH1989/185/high,"Won der full Won der ful sto Ty of   love; [NEWLINE] Won der ful Sto ry of love. [NEWLINE] 0 How I Love Jesus [NEWLINE] FREDERICK WHITFIELD [NEWLINE] Traditional [NEWLINE] 1. There is a name love to hear, 1 love to sing its   worth; 2. It tells me of a Saviour's love, Who died to set me  free; 3 It tells me what my Fa ther hath   In store for ev ry day, 4. It tells of One whose loving heart Can feel my deep est woe, [NEWLINE] It [NEWLINE] It [NEWLINE] And Who [NEWLINE] sounds like mu sic in mine ear, The sweet est name on earth: tells me of His precious blood, The sin ner' $ per fect plea: though 1 tread a darksome path, Yields sun shine all the way. in each sor row bears a part That  none can bear be low_ [NEWLINE] how I love Je suS, [NEWLINE] how 1 love Je sus, [NEWLINE] how 1 love Je sus, Be cause [NEWLINE] He first   loved mel"
186,https://hymnary.org/page/fetch/SSSH1989/186/high,"ILove Thee, My Jesus JOHN R RICE JOHN R RICE [NEWLINE] 1.. What words can [ find to tell Je suS 1 love Him, Be cause He 2. 0 come, let uS magni fy Je suS to gether, For praise be 3. May nev er my prais es be slow Or be si lent; Nor e'er my 4. 0 how can love Thee e nough, dear Re deemer, How e'er re [NEWLINE] first loved me; com eth Thee; love grow dumb: pay my Friend? [NEWLINE] Be cause of my ran som He paid with   such And bless ings a bout me 1 owe to my This sin ner is saved and my sins all for II spread the glad sound of my praise and my [NEWLINE] suff' 'ring, Up on the curs ed tree. Saviour, Who all things bought for me giv en, The Sav iour' $ work is done. heart love On ev 'ry joy ful wind. [NEWLINE] In   the morn ing, at the [NEWLINE] noontime, And when come eV ning shadowS, love Thee, my Je sus, [NEWLINE] love Thee, my King: In re joic ing and in sor row, To day and t0"
187,https://hymnary.org/page/fetch/SSSH1989/187/high,"mor row [NEWLINE] love   Thee, my Sav iour and Lord [NEWLINE] My Saviour's Love 185 CHARLES H. GABRIEL CHARLES H. GABRIEL [NEWLINE] L[ stand amazed in the pres ence of Je suS the Naza rene, And 2. For me it was in the gar den He prayed: ""Not My will, but Thine' He 3 He took my sins and my sOr TOws, He made them His ver y own; He 4. When with the ransomed in Glo Ty His face at last shall see;, 'Twill [NEWLINE] won der how He could love me, A sin ner, condemned, un clean. had no tears for   His own griefs, But sweatdrops of blood for mine bore the bur den to Cal v'ry, And suffered, and died a lone. be my joy through the a ges To sing of His love for me. [NEWLINE] How marvel-ous! How won derfull And my song shall ev er be; 0 how   marvel-ous! 0 how wonder-full [NEWLINE] #VR How marvel-ous! How wonder-full Is my Saviour's love for mel O how marvel-ous! how wonder-full"
188,https://hymnary.org/page/fetch/SSSH1989/188/high,"Jesus Loves Me [NEWLINE] JOHN R RICE [NEWLINE] JOHN R RICE [NEWLINE] 1. Je sus is such a Sav iour, Je sus is such a Friend. 2 Now in His   love glo Ty_ Rest and rejoice in Him. 3 Why should you slight the Sav iour? Why from Him turn a way? 4 What can I do for Je sus? How may  Him re pay? [NEWLINE] 344} Nev er forsakes nor leaves me, Nor fails my needs to send Bloodbought and dear to Je suS, My joy is full with in. Where will you find for give ness, Lov ing care, night and day? 0 to tell all the sto ry Of   His sal va tion' $ way. [NEWLINE] Je suS who died to save me, Je sus who sought for me, Nothing then, Im per suad ed, Can take me from His hand, No bod y else could save you, No bod y else could pay Nev ~er a theme for sing ing, Nev er a truth for   praise [NEWLINE] Now with His   love surrounds me, 0 what a Friend is Hel Nor height nor depth, nor pow ers, Sa tan, nor self, nor man_ Sin'$ debt   for  pOOI, lost sin ners, He would be yours tO day. As Je sus love for sin ners, III sing it all my days. [NEWLINE] HA d# [NEWLINE] Je sus loves me, Yes, Je sus loves me; For me He died, and the crimson"
189,https://hymnary.org/page/fetch/SSSH1989/189/high,"3 tide proves that He loves me, that Je suS loves me; So [NEWLINE] PH [NEWLINE] Fd sing a gain, that Je suS loves me. [NEWLINE] Jesus Loves Me [NEWLINE] ANNA B. WARNER [NEWLINE] WILLIAM B. BRADBURY [NEWLINE] 1. Je suS loves mel this 1 know, For the Bi ble tells me SO; 2. Je suS loves mel He who died, Heaven '$ gate to pen   wide; 3. Je suS loves mel He will stay Close be side me all the way; [NEWLINE] Lit tle ones to Him be long, They are weak but He is strong: He will wash a way my sin, Let His lit tle child come in. Thou hast bled and died for me, T will  henceforth live for  Thee. [NEWLINE] Yes, Je SuS loves mel [NEWLINE] Yes, Je suS loves mel [NEWLINE] Yes, Je suS loves mel The Bi ble tells me SO"
190,https://hymnary.org/page/fetch/SSSH1989/190/high,"The Love of God FREDERICK M. LEHMAN FREDERICK M. LEHMAN Arranged by Claudia L_ Mays [NEWLINE] 1. The love of God is   greater far Than tongue or pen can ev er tell; 2. When hoary time shall pass away, And earthly thrones and kingdoms fall; 3. Could we with ink the 0-cean fill, And were the skies of parchment made, [NEWLINE] EA It goes be ~ond the highest star, And reaches to the lowest   Hell; When men who here re fuse to pray, On rocks and hills and mountains call; Were ev ry stalk on   earth a quill, And ev ry man a scribe by trade; [NEWLINE] The guilt y pair; bowed down with care, God gave His   Son to win; God $ love, SO sure, shall still en dure, AII measure-less and strong; To write the love of God above Would drain the cean dry; [NEWLINE] His ert ing child He rec onciled, And pardoned from his sin. Redeem-ing grace to Adam S race The saints  and an gels song Nor could the scroll contain   the whole, Tho' stretched from sky to sky. [NEWLINE] 0 love   of   God, how rich and purel How measure less and strong! [NEWLINE] Copyright 1917. Renewed 1945 by Nazarene Publishing House. Used by Permission."
191,https://hymnary.org/page/fetch/SSSH1989/191/high,"It   shall for ev er more en dure, The saints and an [NEWLINE] gels"" song: [NEWLINE] I Never Will Cease to Love Him 189 CHARLES H. GABRIEL CHARLES H. GABRIEL [NEWLINE] 1. For all the Lord has done for me, never will cease t0 love Him; 2 He gives me strength for ev Ty day, never will cease t0 love Him; 3. Though all the world His love   neglect; 1 never will cease to love Him; 4. While on my   journey here be low, I never will cease to love Him; [NEWLINE] And for  His grace s0 rich and  free, never will cease to love Him. He leads and guides me all the way, never will cease to love Him. 1 couldnot   such a Friend re ject, never will cease to love Him. And when t0 that bright world [ g0, never will cease to love Him. [NEWLINE] never will cease t0 love Him; my Saviour; my Saviour; never will cease to love Him, He'$ my Saviour; He's my Saviour; [NEWLINE] never will cease to love Him, He'$ done SO much   for me. For"
192,https://hymnary.org/page/fetch/SSSH1989/192/high,"190 Wonderful; Wonderful Jesus ANNA B. RUSSELL ERNEST O0. SELLERS [NEWLINE] 1 There is nev er a day SO drear 2. There is nev er a cross SO heav 3 There is nev er a care Or bur 4 There is nev er a guilt y sin [NEWLINE] Y There is nev er a y There is nev er a den, There is nev er a ner, There is nev er a [NEWLINE] night SO long, (so long,) But the soul that is trust ing Je suS Will weight of woe, (of woe, But that Je sus will help to car ry Begrief Or loss, (or loss,) But that Je sus in love will light en When wan d' 'ring one, (not one,) But that God can in mer cy par don Through [NEWLINE] 3NE [NEWLINE] some where find a song: (a song:, cause He lov eth so.  (loves so.) car ried to the cross (the cross. Je sus Christ, His Son. (His Son.) [NEWLINE] Wonder-ful, wonder-ful Je sus, [NEWLINE] EP [NEWLINE] In the   heart He implant-eth a song: A song of deliv- 'rance, of He planteth a song: [NEWLINE] cour age, [NEWLINE] of strength, In the heart He implant-eth a song: (a song )"
193,https://hymnary.org/page/fetch/SSSH1989/193/high,"In My Heart There Rings a Melody 191 ELTON M ROTH ELTON M ROTH [NEWLINE] 1. [ have a   song that Je suS gave me, It was sent from 2. [ love  the Christ  who died on Calv'ry, For He washed my 3. 'Twill be my end less theme in Glo ry, With the an gels [NEWLINE] pH [NEWLINE] Heav 'n a bove; There nev er was a sweet er mel - 0 - dy, 'Tis a sins a way; He put  with in my heart a mel 0 - dy, And 1 will sing; 'Twill be a song  with glo rious  har mo ny, When the [NEWLINE] Fi6 [NEWLINE] HB+ mel 0 dy of love. know it's there to stay. In my heart there rings a   mel 0 - dy, There courts   of Heav en ring: [NEWLINE] rings a mel - 0 - dy with Heaven's har mony. [NEWLINE] In my heart   there [NEWLINE] rings a mel 0 - dy; There rings a mel 0 - dy of love. [NEWLINE] Copyright 1924. Renewal 1951 by Elton M. Roth: Assigned to Hope Publishing Co. All rights reserved. Used by permission."
194,https://hymnary.org/page/fetch/SSSH1989/194/high,"Ring the Bells of Heaven WILLIAM 0. CUSHING GEORGE F. ROOT [NEWLINE] 1 Ring the bells of Heav en! there is joy to day, For a soul re 2 Ring the bells of Heav en! there is joy to day, For the wand'rer 3_ Ring the bells of Heav en! spread the feast to day, An gels swell the [NEWLINE] turning from the wild; now is rec onciled; glad   trium-phant strain! [NEWLINE] Seel   the Father meets him out upon the way, Yes, a soul is res cued from his sin ful way, Tell the joyful tid ings, bear it far away! [NEWLINE] P VV [NEWLINE] Welcom-= ing His weaTy, wand' 'ring child: And is bom anew a ransomed child. For a pre cious soul is born again. [NEWLINE] Glo ry! glo ry! how the [NEWLINE] angels sing; Glo ry! glo ry! how the loud harps ring! 'Tis the ransomed [NEWLINE] FWV| [NEWLINE] ar my, like a mighty sea, Pealing forth the anthem of the free_ [NEWLINE] #ep"
195,https://hymnary.org/page/fetch/SSSH1989/195/high,"You May Have the Joybells 193 J. EDWARD RUARK WILLIAM J. KIRKPATRICK [NEWLINE] 1. You may have the joybells ring ing in your heart, And a peace that 2. Love of Je sus in its full ness you may know And this love to 3. You will meet with tri als as you jour ney home; Grace suffi-cient 4 Let your life speak well of Je suS ev Ty day; Own His right to [NEWLINE] from you nev er will de part; Walk the straight and nar row way_ those around you sweet ly show; Words of kindness  al ways say, He will give to ver come; Though unseen by mor tal eye, ev ry ser vice you can pay; Sin ners you can help to win [NEWLINE] Fine [NEWLINE] Live   for Je suS ev ry 'day, He will keep the joybells ringing in your heart. Deeds of mer cy do each day, Then He'II keep the joybells ring-' ing in your heart, He is with you ev er nigh, And He'Il keep the joybells ringing in your heart. If your life is pure and clean, And you keep the joybells ringing in your heart: [NEWLINE] F|v |V | $44 Joy bells ringing in   your heart, Joy bells Ringing in your heart, You may have the joy bells [NEWLINE] DS_ Jfe 07 ringing in your heart; Takethe Saviour here' below With you ev-'ry where you go; [NEWLINE] HJ}"
196,https://hymnary.org/page/fetch/SSSH1989/196/high,"194 Since Jesus Came Into My Heart RUFUS H. McDANIEL CHARLES H. GABRIEL [NEWLINE] 1. What a won derful  change in my life has been wrought   Since Je suS came 2. [ have ceased from my wand 'ring and g0 ing a stray, Since Je suS came 3. Im pOSsessed of a hope that is steadfast   and sure , Since Je suS came 4 There '$ a light in the val ley of death now for me, Since Je suS came 5. [ shall g0 there to dwell in   that Cit Y, I know, Since Je suS came [NEWLINE] int0 my heart! in to my heart! in to my heart! in to my heart! in to my heart! [NEWLINE] I have light in my soul for which long 1 had sought, And my sins, which were manY, are all washed away, And no dark clouds of doubt now my pathway obscure, And the gates of the Cit y be yond 1 can see, And [m hap PY, SO hap PY, as on ward 1 g0, [NEWLINE] H+ Since Je suS came in to my heart! Since Jesus came into my Since Jesus came in, came [NEWLINE] heart, Since Jesus   came into my heart;, Floods of joy 0'er my in to my heart, Since Jesus   came in, came in to my heart, [NEWLINE] 44 soul like the sea billows   roll, Since Je suS came in to my heart. [NEWLINE] Copyright 1914 by Charles H. Gabriel. Copyright Renewed 1942 (extended). The Rodeheaver Co , owner: Used by Permission:"
197,https://hymnary.org/page/fetch/SSSH1989/197/high,"I Will Sing 0f the Mercies 195 Psalm 89:| Anonymous Arranged by Frank P. Nickel [NEWLINE] AEEEE will sing of the   mercies of the Lord for ev er, will [NEWLINE] AP [NEWLINE] sing, will sing; will sing of the mercies   of the will sing; I will sing; [NEWLINE] Fine [NEWLINE] Lord for ev er, I will sing of the mercies   of the Lord [NEWLINE] With my [NEWLINE] mouth [NEWLINE] will [ make   known [NEWLINE] Thy faithful-ness, Thy [NEWLINE] With my mouth [NEWLINE] will [make known [NEWLINE] DC. al Fine [NEWLINE] faithful-ness. With my faith fulness to all gener [NEWLINE] tions."
198,https://hymnary.org/page/fetch/SSSH1989/198/high,"196 I Will Sing the Wondrous Story FRANCIS H. ROWLEY PETER P. BILHORN [NEWLINE] 1. [ will sing the wondrous sto Ty Of   the Christ who died for me, 2, [ was lost, but Je sus   found me, Found the sheep that went a stray, 3. [ was bruised, but Je sus   healed me, Faint was [ from many a fall; 4. Days of dark ness still come 0 'er me, Sorrow S paths [ of ten tread, 5_ He will keep me till the riv er Rolls its wa ters at my feet; 1464 [NEWLINE] How He left His Home in Glo Ty For the   cross of Cal va ry. Threw His lov ing arms a round me, Drew me back in to His way. Sight was gone, and fears pOSsessed me, But He freed me from them all. But   the Sav iour still is with me; By His hand Im safely led_ Then He'Il   bear me   safe Ay ver; Where the loved ones 1 shall meet. [NEWLINE] Yes, TI sing the wondrous sto Ty Of the Christ Yes, I'II sing the wondrous story Of the 6a4 [NEWLINE] who died for me, [NEWLINE] it with [NEWLINE] the saints in [NEWLINE] Christ [NEWLINE] Sing who died for me, [NEWLINE] Sing it with"
199,https://hymnary.org/page/fetch/SSSH1989/199/high,"p"" PP pT Glo Ty, Gathered by the crystal sea: the saints in Glory, Gathered by the crystal sea. 2 #W Vp| v Singing I Go 197 E: E. HEWITT WILLIAM J. KIRKPATRICK [NEWLINE] 1. The trusting heart to Je suS clings, Nor an y ill fore bodes, 2. The passi ing days bring man y cares, ""Fear not; [ hear Him say, 3. He tells me of my Father' s love, And nev erslum b 'ring eye, 4 When to the throne of grace 1 flee, find the prom ise true, PNVA X [NEWLINE] But at the cross of Cal V'ry, sings, Praise God for lift ed loads! And when my fears are   tured to prayers, The bur dens   slip a way_ My ev er last ing King a bove Will all my needs sup ply. The   might y arms up holding me Will bear my burdens too. [NEWLINE] VE| Singing 1 g0 a long life' $ road, Praising the Lord, praising the Lord, [NEWLINE] F||E Singing g0 a long life'$ road, For Je sus   has lifted my load."
200,https://hymnary.org/page/fetch/SSSH1989/200/high,"Joy Unspeakable B. E: WARREN [NEWLINE] B: E. WARREN [NEWLINE] 1. Ihave found His   grace is all   complete, He suppli eth ev ry need; 2 [have found the pleasure once craved, It  is joy and peace with in; 3 [have found that hope SO bright and clear, Living   in the   realm of grace; 4. [ have found the joy no tongue can  tell, How its waves of glo Ty rolll [NEWLINE] While I sit and learn at Je suS feet; I am free, yes, free in deed_ What a wondrous blessing! I am saved From the awful gulf of sin; 0 the Saviour' $ presence is SO near, 1 can see His   smil ing face. It is like a great 0 'erflow-ing well, Springing up within my soul: [NEWLINE] T|XX It is joy un speaka ble and full of glo ry, Full of [NEWLINE] glo Ty, full of glo Ty; It is joy un speaka ble and [NEWLINE] TXA # full of glo Ty , 0 the half has nev er yet   been told."
201,https://hymnary.org/page/fetch/SSSH1989/201/high,"Let the Joy Overflow 199 E. E. HEWITT S. B. JACKSON [NEWLINE] 1. There' $ a clear fountain flowing From the bright throne above, And its waters   are 2 Man y hearts need the story__Are athirst  for His grace; Go to them with His 3_ Be our lives free ly yield ed to the Saviour'$ command; By His care ev er [NEWLINE] glowing With the   sunshine of   love; Take the blest con SO lation;, Which the glo ry   Shining out   from your face; Tell of Je sus   your Saviour! If  His shielded And upheld by His hand; In the   pathways   of sadness, Sweetest [NEWLINE] Lord will bestow, Take the cup of sal vation Let the joy 0 verflow. mercies   you know, Show thelight of His fav Or = Let the joy 0 verflow. Lil ies may grow; Let uS sow seeds of gladness-_Let the joy 0 verflow. [NEWLINE] 0 the   joy! With this wondrous salva-tion Be our hearts all a glow; the joyl # [NEWLINE] BN [NEWLINE] 0 the joy! Let the blessing run 0 -ver, And joy 0 - ver flow. the joyl [NEWLINE] Copyright 1917 by Homer A. Rodeheaver: Copyright renewed 1945 by The Rodeheaver Co; owner. International Copyright Secured. Used by Permission."
202,https://hymnary.org/page/fetch/SSSH1989/202/high,"2000 He's a Wonderful Saviour to Me VIRGIL P. BROCK BLANCHE KERR BROCK [NEWLINE] 1. was lost in sin, but Je suS rescued me, He S a wonder-ful 2. He'$ a Friend SO true, SO pa tient and so kind, He'$ a wonder-ful 3_ He is al ways near to comfort and t0 cheer; He'$ a wonder-ful 4. Dearer grows the love of Je suS ev ry day, He's a wonder-ful [NEWLINE] Savjour to me; (So wonder-full) 1 was bound by fear; but JeSus set me free, Saviour to me; (So wonder-full) Ev-'ry thing [need   in Him I always find, He'$ a Saviour to me; (So wonder-full) He forgives my sins, He dries my ev'ry tear; Saviour to me; (So wonder-ful!) Sweeter is His grace while pressing on my way, [NEWLINE] wonder-ful  Saviour to me. (So wonder-full) For He'$ a wonder-ful Savjour to [NEWLINE] me, (wonder-full) He'$ a wonder-ful  Saviour to me; (wonder-full) [ was [NEWLINE] lost   in sin, but Je suS took me in: He'$ a won derful Saviour to me. [NEWLINE] Copyright 1918 by Homer A. Rodeheaver: Copyright renewed 1946. The Rodeheaver Co , owner; Used by Permission."
203,https://hymnary.org/page/fetch/SSSH1989/203/high,"Jesus; I Am Resting 201 JEAN SOPHIE PIGOTT J. MOUNTAIN [NEWLINE] 1. Je suS, 1 am rest ing; rest ing In the joy of what Thou art; 2.0 Sim ply trusting Thee, Lord Je suS, I behold  Thee as Thou art; 3. Ev er lift Thy face up on me, As [work and wait for Thee; [NEWLINE] Chorus: Je SuS , 1 am rest ing, rest ing In the joy of what Thou art; [NEWLINE] Fine [NEWLINE] 1 am find ing out the great ness Of Thy lov ing heart. And Thy love, So pure, So changeless, Sat is fies my heart; Rest ing neath Thy smile, Lord Je suS, Earth ' s dark shad ows flee. [NEWLINE] am [NEWLINE] find ing out the great ness Of Thy lov ing heart. [NEWLINE] Thou hast bid me gaze up on Thee, And  Thy beau ty fills  my soul, Sat is fies its deepest longL ings, Meets, supplies its ev ry need, Brightness of my Father's glo Ty , Sunshine,of my Father'$ face, [NEWLINE] D. C. Chorus [NEWLINE] For by Thy trans form ing pow er, Thou hast   made   me whole. Com passeth me round with   blessings: Thine is love in deed! Keep me ev er trust ing; rest ing; Fill me with   Thy grace."
204,https://hymnary.org/page/fetch/SSSH1989/204/high,"My Redeemer JAMES McGRANAHAN [NEWLINE] PHILIP P. BLISS [NEWLINE] 1. I will sing of my Redeem-er, And His won drous love to me; 2 [ will tell the won drous sto Ty, How my lost estate t0 save, 3. 1 will praise my dear  Redeem-er;, His tri um phant pow' r IIl tell, 4. [ will sing of my Redeem-er, And His heav'n ly love to me; [NEWLINE] On the cru el cross He suffered, From the curse to set me free. In His boundless love and mer cy, He the ran som free ly gave How the vic to ry He giv eth 0 ver sin, and death and Hell. He from death to life hath brought me, Son of God with Him to be. [NEWLINE] sing of my Redeem er, of my  Redeem er, Sing 0 sing of my  Redeem er, [NEWLINE] Ji [NEWLINE] With His blood He pur chased me, He purchased me, With His blood He purchased me, [NEWLINE] On the cross [NEWLINE] He sealed my par don, He sealed my pardon, On the cross He sealed my par don, [NEWLINE] Sing;"
205,https://hymnary.org/page/fetch/SSSH1989/205/high,"Paid the debt [NEWLINE] and made me free. and made me free, and made me free. [NEWLINE] AF [NEWLINE] The Windows of Heaven 203 Anonymous Arranged by John R. Rice [NEWLINE] The  windows   of Heaven are 0 - pen, The blessings are falling to night; [NEWLINE] There'$   joy, joy, joy in my heart, since Je sus made ev 'rything right; [NEWLINE] gave Him my old tattered garment; He gave me a robe of pure white; [NEWLINE] ALD [NEWLINE] #ad Im feasting 0 manna   from Heaven and that'$ why Im happy tonight: 66R"
206,https://hymnary.org/page/fetch/SSSH1989/206/high,[This image is under copyright]
207,https://hymnary.org/page/fetch/SSSH1989/207/high,[This image is under copyright]
208,https://hymnary.org/page/fetch/SSSH1989/208/high,"0! Say, But Im Glad JAMES P. SULLIVAN MILDRED ELLEN SULLIVAN [NEWLINE] 1. There is a   song in my heart today, Something I nev er had; 2. Won derful, marvel-ous love He brings, In to a heart that' $ sad; 3. We have   a fellow-ship rich and sweet, Tongues can never re late; 4. Won 't you come to Him with all your care, Weary and worn and sad? [NEWLINE] Je suS has taken my sins a way, 0 Thro' darkest tunnels the soul just sings, A biding in Him: the soul $ retreat, You; too, will sing as His love you share, 0 [NEWLINE] say, but Im glad, say, but Im glad. say, but Im glad; say, but I'm glad. [NEWLINE] say, but Im glad, Im glad, 0l say, but I m glad; [NEWLINE] Je sus has come and my cup'$ 0-verrun; 0l say, but Imglad."
209,https://hymnary.org/page/fetch/SSSH1989/209/high,"Only a Sinner 207 DANIEL B. TOWNER [NEWLINE] JAMES M. GRAY [NEWLINE] 1. Naught have 1 gotten but what received; Grace hath bestowed it since 2 Once 1 was foolish, and sin ruled my heart, Causing my footsteps from 3. Tears un avail ing; no mer it had [; Mer cy had saved me, or 4. Suf fer a sinner whose heart verflows, Loving his   Saviour to [NEWLINE] have believed;   Boasting exclud ed, pride I abase; Im on ly a God to depart; Je suS hath found me, hap py my case; I now am a else I must die; Sin had alarmed me fear ing God's face; But now Im a tell what he knows; Once more to tell it would I embrace_I'm on ly a [NEWLINE] sin ner saved by gracel On ly a sin ner saved  by gracel [NEWLINE] On ly a sin ner saved by gracel [NEWLINE] This is my sto Ty, to [NEWLINE] God be the glory_ Tm on ly a sin ner saved by gracel [NEWLINE] Favorite song of Dr. Ed Nelson and Dr. G. B Vick "
210,https://hymnary.org/page/fetch/SSSH1989/210/high,"208 Grace Greater Than Our Sin JULIA H. JOHNSTON DANIEL B. TOWNER [NEWLINE] 1. Mar velous grace of our lov ing Lord, Grace that ex ceeds our 2. Sin and de spair like the sea waves cold, Threaten the soul with 3. Dark is the stain that we can not hide, What can a vail to 4. Mar velous, in fi nite, matchless grace, Free ly be stowed on [NEWLINE] sin and our guilt; Yon der on Cal va ry' $ mount out poured, in fi nite   loss; Grace that  is great er, yes, grace un told, wash it a way? Look! there is flow ing a crim son tide; all who be lieve; You that are longing to see His face , [NEWLINE] There where the blood of the Lamb was spilt: Points to the Refuge, the Might y Cross. Grace, Whit er   than grace, snow you may be to day. Will Mar vel you this moment His ouS   grace, grace re ceive? [NEWLINE] E God '$ grace, Grace that will par don and cleanse with in; Grace, In finite   grace, Marvel-ouS [NEWLINE] #E grace, God' $ grace, Grace that is greater than all our sin , grace. In finite   grace, [NEWLINE] Copyright 1910. Renewal 1938 by A. P. Towner. Assigned to Hope Publishing Co. All rights reserved. Used by permission."
211,https://hymnary.org/page/fetch/SSSH1989/211/high,"Sunshine in the Soul 209 ELIZA E. HEWITT JOHN R. SWENEY [NEWLINE] 1. There' $ sunshine in my soul to day, More glori ous and bright 2.0 There' $ mu sic in my soul today, A car ol to the King; 3. There' $ springtime in my soul today, For, when the Lord is near, 4. There' $ glad ness in my soul today, And   hope and praise and love, [NEWLINE] Than glows in an y earthly  skies, For Je sus is my Light: And Je suS, listen-ing, can hear The  songs 1 can not sing: The dove of peace sings in my heart, The flow'rs of grace ap pear. For blessings which He gives me now, For joys laid up a bove. [NEWLINE] there '$ sun shine, bless ed sun shine, there '$ sunshine in the soul, bless ed sunshine in the   soul, [NEWLINE] When the peace ful, hap py moments   roll; [NEWLINE] When [NEWLINE] hap pY moments roll; [NEWLINE] ] Je sus   shows His   smil ing face, There is sunshine in the soul;"
212,https://hymnary.org/page/fetch/SSSH1989/212/high,"210 Wonderful Grace of Jesus [NEWLINE] HALDOR LILLENAS [NEWLINE] HALDOR LILLENAS [NEWLINE] 1. Won derful grace of Je suS; Greater than all my sin; 2.0 Won derful grace of Je suS, Reaching to all the lost, 3. Won derful grace of Je suS, Reaching the most de filed; [NEWLINE] How shall my tongue describe it, Where shall its praise be gin? By it 1 have been par doned, Saved to the ut termost, By its transform-= ing pow er, Making him God 's dear child, [NEWLINE] Taking away   my bur den, Set ting my  spir it free; Chains have been torn a sun der, Giv ing me lib er ty; Purchas-ing peace and Heav en, For all ter ni ty; [NEWLINE] For the won derful grace of Je suS reach es me. For the won derful grace of Je suS reach es me. And the won derful grace of Je suS reach es me. 63 [NEWLINE] Copyright 1918. Renewal 1946 by Haldor Lillenas. Assigned to Hope Publishing Co. All rights reserved. Used by permission."
213,https://hymnary.org/page/fetch/SSSH1989/213/high,"#EXAX the matchless grace of Je suS, Wonder-ful the matchless grace of Je SuS, Deep er than the [NEWLINE] the rolling sea; 3 mighty roll ing sea; [NEWLINE] Won der ful Higher than the mountain, [NEWLINE] H grace, all suf fi cient for spark ling like a foun tain, AII suf fi cient grace for ven [NEWLINE] 2676 78 me, for e ven   me, [NEWLINE] me, [NEWLINE] Broad er   than the   scope  of my transP0+4 [NEWLINE] gres sions, Great er far   than all   my sin   and shame, gressions, sing it! my sin   and shame, [NEWLINE] mag nify the precious name of Je suS, Praise   His namel bX"
214,https://hymnary.org/page/fetch/SSSH1989/214/high,[This image is under copyright]
215,https://hymnary.org/page/fetch/SSSH1989/215/high,"0 Happy Day 212 PHILIP DODDRIDGE EDWARD F RIMBAULT [NEWLINE] 1. 0 happy day that fixed my choice On Thee, my Sav iour and my Godl 2 0 happY bond, that seals my vowS To Him who mer its all my lovel 3. 'Tis done: the great transac-tion S done; [ am my Lord '$, and He is mine; 4. Now rest, my long di vid ed heart; Fixed on this   bliss ful center, rest; [NEWLINE] Well may this   glow ing heart re joice, And tell its rap tures all abroad. Let cheerful an thems fill His   house , While to that sa cred shrine [ move. He drew me and 1 followed on, Charmed to con fess the voice divine. Nor ev er from my Lord depart, With Him of ev 'Ty good pOS sessed. [NEWLINE] Hap py day, hap Py day, When Je sus   washed my sins away! [NEWLINE] He taught me how to watch and pray, And live re joic ing ev - 'Ty day; [NEWLINE] Hap Py day, hap Py day, When Je sus washed my sins away!"
216,https://hymnary.org/page/fetch/SSSH1989/216/high,"There Is Glory in My Soul GRACE WELSER DAVIS CHARLES H. GABRIEL [NEWLINE] 1. Since 1 lost my sins and 1 found my   Saviour; There is glo ry 2, Since He cleansed my heart, gave me sight for blindness There is glo ry 3 Since with God Fve walked,   having sweet   commun-ion; There is glo Ty 4. Since 1 en tered Canaan on my way to Heaven, There is glo Ty [NEWLINE] in my soull Since by faith [ sought   and obtained God'$ favor;There is in my soull Since He   touched and healed me in lov ingkind-ness, There is in my soull Brighter grows each day in this  heav'nly un- -ion, There is in my soull Since the day my life to the Lord was given, There is [NEWLINE] 2 glory in my soull There is glo ry, glory, there is glory in my soull [NEWLINE] glory, [NEWLINE] ENNNENN} Evry day brighter grows, And 1 conquer all my foes; There is glo [NEWLINE] glo Ty, [NEWLINE] glo ry, there is glory in my soul! There is glory in my soull [NEWLINE] glory in my"
217,https://hymnary.org/page/fetch/SSSH1989/217/high,"Builded on the Rock Mrs. C. RICE [NEWLINE] Mrs. C. RICE [NEWLINE] 1. I builded on the Rock, on the Rock of God, Build ed on the 2. Why should fear when the winds sweep by? Build ed on the 3. Hush; rag ing bil lows at His com mand, Build ed on the 4. Praise God for our foun da tion sure? Build ed on the [NEWLINE] Rock, Christ Je sus; 1 dug down deep and builded on the Rock, Rock, Christ Je sus; Or shak en be when the waves roll high? Rock, Christ Je suS; 0 peace be still 'neath His lov ing hand! Rock, Christ Je suS; No storms can harm our house se cure, [NEWLINE] Builded on the Rock of God: [NEWLINE] hold not the Rock, but the 06| [NEWLINE] Rock   holds me, The Rock   holds me, the Rock holds me; rest on the { [NEWLINE] Rock and the Rock holds me, [NEWLINE] Rest ing on the Rock of God [NEWLINE] WA"
218,https://hymnary.org/page/fetch/SSSH1989/218/high,[EXTRACTION FAILED]
219,https://hymnary.org/page/fetch/SSSH1989/219/high,[EXTRACTION FAILED]
220,https://hymnary.org/page/fetch/SSSH1989/220/high,[This image is under copyright]
221,https://hymnary.org/page/fetch/SSSH1989/221/high,[This image is under copyright]
222,https://hymnary.org/page/fetch/SSSH1989/222/high,"He Included Me [NEWLINE] JOHNSON OATMAN, JR [NEWLINE] HAMPTON H. SEWELL [NEWLINE] L am SO happy in Christ to day, That g0 sing ing a 2. Glad ly 1 read, ""Whoso ev er may Come to the fountain of 3. Ev er God'$ Spir it is say ing, ""Comel"" Hear the Bride say _ ing; ""No 4.""Free ly come drink; words the soul to thrilll 0 with what joy they my [NEWLINE] long my way; life to day"" long er roam heart do filll [NEWLINE] Yes, Im So hapPy to know and say, But when I read it I al ways say, But 1 am sure while they"" re call ing Home, For when He   said, "" Whoso ev er will,"" [NEWLINE] Jesus includ ed me too, ""Jesus includ ed me too_ Je suS includ ed me too, Je suS includ ed me too, [NEWLINE] Je sus in clud ed me, [NEWLINE] Yes, He in cluded me, When the Lord said, ""WhoSo-ever; He includ-ed [NEWLINE] me; [NEWLINE] Je suS in cluded me, [NEWLINE] Yes, He includ-ed me;"
223,https://hymnary.org/page/fetch/SSSH1989/223/high,"When  the Lord   said, ""Who SO ev er, He in clud ed me_ [NEWLINE] Hallelujah; 'Tis Done 218 PHILIP P. BLISS PHILIP P. BLISS [NEWLINE] 1. 'Tis the prom ise of God, full sal va tion to give 2. Though the path way be lone ly, and dan ger ouS too, 3 Man y loved ones have I in yon heav en ly throng, 4 There' $ a part in that cho rus for you and for me, [NEWLINE] Un to him who on Je SUS, His Son, will be lieve. Sure ly Je suS is a ble to car Ty me through. They are safe now in Glo Ty and this is their song: And the theme of our prais es for ev er will be: [NEWLINE] Halle lu jah, 'tis donel [NEWLINE] be lieve on the Son; [NEWLINE] am [NEWLINE] saved by the blood of the cru ci fied One; cru ci fied One. "
224,https://hymnary.org/page/fetch/SSSH1989/224/high,"My Burdens Rolled Away MINNIE A. STEELE MINNIE A. STEELE [NEWLINE] 1. re member when my burdens rolled a way, 1 had carried them for 2. [ re member when my burdens rolled a way, That [ feared would never 3. [ re member when my burdens rolled a way, That had hindered me for 4 1 am singing since my burdens rolled a way, There' $ a song within my [NEWLINE] years, night and day; When [ sought the blessed Lord, and L took Him at His leave night and day; Je sus showed to me the loss, SO left them at the years, night and day; As 1 sought the throne of grace, just a glimpse of Je suS heart night and day; I am liv ing for my King; and with joy shout and [NEWLINE] Word; Then at once all my burdens rolled a way. crOSS, 1 was glad when my burdens rolled a way. Rolled away, Rolled aface, And 1 knew that  my burdens rolled a way. sing, Halle-lu jah! all my burdens rolled a Rolled away, way. [NEWLINE] way, 1 am happy since my burdens rolled away; Rolled arolled away, since my burdens rolled away; [NEWLINE] way, [NEWLINE] rolled a way, [NEWLINE] rolled away, [NEWLINE] rolled away, am happy since my burdens rolled away."
225,https://hymnary.org/page/fetch/SSSH1989/225/high,"Jesus Is All the World to Me 220 [NEWLINE] WILL L: THOMPSON [NEWLINE] WILL L: THOMPSON [NEWLINE] 1. Je sus is all the world to me, My Life, my Joy, my AlI; 2. Je sus   is all the world to me, My Friend in tri als sore; 3. Je sus   is all the world to me, And true to Him TI be; 4 Je suS   is all the world to me, want no bet ter   friend; [NEWLINE] He is my strength from day to day, With out Him 1 would fall. g0 to Him for blessings, and He   gives them 0'er and 0'er. 0 how could [ this   Friend deny, When He's SO true to me? [ trust Him now, [Il trust Him when Life's fleet-; ing days shall end: [NEWLINE] BH [NEWLINE] When 1 am sad to Him [ g0, He   sends the sun shine and the rain, Fol low ing Him 1 know Im  right, Beau ti ful life with such a Friend, [NEWLINE] No oth er one can He sends the har vest He watches 0 'er me Beau ti ful life that [NEWLINE] EN cheer me SO; When [ am sad He makes me glad He's my Friend, gold. en grain; Sunshine and rain, harvest of grain _ He'$ my Friend, day and night; Follow-ing Him by day and night _ He' $ my Friend. has no end; E ter nal life, e ter nal joy _ He'$ my Friend."
226,https://hymnary.org/page/fetch/SSSH1989/226/high,"A Child of the King HARRIET E. BUELL JOHN B. SUMMERS [NEWLINE] 1. My Fa ther  is rich in hous es and lands, He hold eth the 2. My Fa ther S own Son, the Sav iour of men, Once wandered on 3 I once was an out cast stran ger on earth, A sin ner by 4. A tent or a cot tage, why should [ care? They"" re build ing a [NEWLINE] wealth of the world   in His hands! Of ru bies  and diamonds, of earth as the poor est of them; But now He is pleading our choice, and an a lien by birth; But Fve been a dopt ed, my pal ace for me ver there; Though ex iled from Home, yet, [NEWLINE] sil ver and gold, His cof fers are full, He has rich es un told: par don on high, That we may be His when He comes by and by . name'$ written down, An heir to a man sion, a robe   and a crown: still 1 may sing: AIL glo ry to God, Im a child of the King: [NEWLINE] Fm a child of the King; # [NEWLINE] child of the King: [NEWLINE] With Je sus my Saviour Tm a child of the King:"
227,https://hymnary.org/page/fetch/SSSH1989/227/high,"Moment by Moment 222 DANIEL W.WHITTLE MAY WHITTLE MOODY [NEWLINE] 1. Dying with Je sus by death reckoned mine; Liv-= ing with Je suS, a 2 Never a tri al that He is not there, Nev er a burden that 3 Never a heartache and nev er a groan; Nev er a teardrop and 4 Never a weakness that He doth not feel, Nev er a sickness that [NEWLINE] new life di vine; Looking to Je suS till glory doth shine, Moment by He  doth not bear, Never a SOrrow that He doth not   share, Moment by nev er a moan; Never a danger but there on the throne, Moment by He cannot heal; Moment by moment; in woe Or in weal, Je sus my [NEWLINE] moment, 0 Lord, 1 am  Thine. moment, Tm under His care. Moment by moment I'm kept  in His love; moment, He thinks of His own. Savjour abides with me still: [NEWLINE] Moment by moment [' ve life from above; Looking to Je suS till [NEWLINE] glo Ty doth shine; Moment by moment, [NEWLINE] Lord, 1 am Thine."
228,https://hymnary.org/page/fetch/SSSH1989/228/high,[EXTRACTION FAILED]
229,https://hymnary.org/page/fetch/SSSH1989/229/high,[EXTRACTION FAILED]
230,https://hymnary.org/page/fetch/SSSH1989/230/high,"Nor Silver Nor Gold [NEWLINE] JAMES M. GRAY [NEWLINE] DANIEL B. TOWNER [NEWLINE] 1. Nor sil ver nor gold hath ob tained my redemp-tion, Nor rich es of 2. Nor sil ver nor gold hath ob tained my redemp-tion; The guilt on my 3 Nor sil ver nor gold hath ob tained my redemp-tion, The ho ly com 4. Nor sil ver nor gold hath ob tained my redemp-tion, The way in t0 [NEWLINE] earth could have saved my poor soul; The blood of the cross is my con science tOo heav y had grown; The blood of the cross is my mand ment   for bade me draw near; The blood of the cross is my Heav en  could not thus be bought; The blood of the  cross is my [NEWLINE] on ly   founda-tion, The  death of my Saviour now mak eth me whole. on ly   founda-tion, The death of my Saviour  could on ly atone_ on ly   founda-tion, The   death of my Saviour re mov eth my fear: on ly   founda-tion, The death of my Saviour re demption hath wrought: [NEWLINE] am redeemed, [NEWLINE] but not with sil [NEWLINE] ver; [NEWLINE] 1 am redeemed, 1 am redeemed, but not with sil ver; [NEWLINE] am  bought; [NEWLINE] but not with gold; [NEWLINE] Bought with a [NEWLINE] am bought; am bought; but not with gold;"
231,https://hymnary.org/page/fetch/SSSH1989/231/high,"price the blood of Je suS, Precious price of love untold. Bought with a price the  precious blood of Jesus, [NEWLINE] Fve Found a Friend [NEWLINE] JAMES G. SMALL [NEWLINE] GEORGE C. STEBBINS [NEWLINE] 1. Tve found a Friend, 0 such a Friend! He loved me ere 1 knew Him; 2. [ ve found a Friend, such a Friend! He bled He died to save me; 3. Ive found a Friend, such a Friend! AII pow'r to Him is giv en; 4. [ ve found a Friend, 0 such a Friend! So kind, and true, and ten der; [NEWLINE] He drew me with the cords of love, And thus He bound me to Him. And not alone the gift of life, But His own self He gave me To guard me on my onward course, And bring me  safe to Heav en_ So wise a Coun sel or and Guide, So might a Defend er! [NEWLINE] And round my heart still closely twine Those   ties which naught can sev er, Naught that I have   my own I call, hold it for  the Giv er: Th' e ter nal glo ries gleam afar , To nerve my faint en deav Or: From Him who loves me now so well, What pow r my soul can sev er? [NEWLINE] For am His, and He is mine, For ev er and for ev er: My heart, my strength, my life,  my all, Are His, and His for ev er. So now t0 watch, to work, t0 war, And then to rest for ev er. Shall life or death, or earth Or Hell? No; am His for ev er."
232,https://hymnary.org/page/fetch/SSSH1989/232/high,"Saved by the Blood S: J. HENDERSON DANIEL B. TOWNER [NEWLINE] 1. Saved by the blood of the cru ci fied Onel Now ransomed from 2 Saved by the blood of the cru ci fied Onel The an gels re 3. Saved by the blood of the cru ci fied One= The Fa ther He 4. Saved by the blood of the cru ci fied Onel AlL hail to the [NEWLINE] sin and a new work begun, Sing praise to the Fa ther and joic ing be cause it is done; A child of the Fa ther, joint spake, and His will it was done; Great price of my pardon, His Fa ther; all hail to the Son, AlI hail to the Spirit, the [NEWLINE] praise to the Son, Saved by the blood of the cru cified Onel heir with the   Son, Saved by the blood of the cru cified Onel own precious Son; Saved by the blood of the cru cified Onel great   Three in Onel Saved by the blood of the cru cified Onel [NEWLINE] Saved! saved! My sins are all pardoned, my guilt is all gone! Glory, Im saved! glory, Im saved! # [NEWLINE] Saved! saved! Tm saved by the blood of the cruci-fied Onel Glory, Im saved!  glory, Im saved!"
233,https://hymnary.org/page/fetch/SSSH1989/233/high,"ILove to Tell the Story 228 A CATHERINE HANKEY WILLIAM G. FISCHER [NEWLINE] 1 1 love to tell the Sto Ty Of unseen things a bove, Of 2. [ love to tell the sto ry More wonder-ful it seems Than 3. [ love to tell the sto ry, 'Tis   pleasant to re peat What 4. [ love to tell the sto ry, For those who know it best Seem [NEWLINE] Je sus and His glory, Of Je sus and His love. love to all the gold en fancies Of all our gold en dreams love to seems, each time [ tell it, More wonder-ful ly sweet; love to hun gering and thirsting To hear it like the rest. And when; in [NEWLINE] tell the sto Ty, Be cause [ know tis true; It sat isfies my tell the sto Ty , It did SO much for me; And that is   just the tell the sto ry , For some have nev er heard The message of sal scenes of Glo ry sing the new, new song; 'Twill be the old, old [NEWLINE] longL ings As noth-= ing else can do. rea son 1 tell it now to thee va tion From God'$ own ho ly Word; sto Ty That have loved so long: [NEWLINE] love to tell the sto ry, Twill [NEWLINE] be my theme in Glory To tell the old, old story Of Jesus and His love."
234,https://hymnary.org/page/fetch/SSSH1989/234/high,"229 Since I Have Been Redeemed EDWIN 0. EXCELL EDWIN 0. EXCELL [NEWLINE] L I have a song love to sing; Since [ have been re deemed, 2 [ have a Christ that sat is fies, Since [ have been re deemed, 3 1 have a wit ness bright and clear, Since have been re deemed, 4. 1 have a Home pre pared for me, Since 1 have been re deemed, [NEWLINE] Of my Re deem er, Sav iour, King, Since have been re deemed. To do His   will my high est prize, Since have been re deemed. Dis pel ling ev Ty doubt  and fear, Since have been re deemed. Where 1 shall dwell ternal ly, Since have been re deemed. [NEWLINE] Since [NEWLINE] have been re deemed, [NEWLINE] Since [NEWLINE] have been re- [NEWLINE] Since Ihave been redeemed, Since I have been redeemed, [NEWLINE] FEFEN deemed, I will glory in His   name; Since [NEWLINE] have been re [NEWLINE] Since 1 have been redeemed, Since [NEWLINE] deemed, [NEWLINE] will glo ry in my Sav iour' $ name_ have been re deemed,"
235,https://hymnary.org/page/fetch/SSSH1989/235/high,"Heavenly Sunlight 230 H, J  ZELLEY GEORGE H. COOK [NEWLINE] Walking in sun light; all of my jour ney; Over the mountains, 2. Shadows around me, shadows a bove me, Never con ceal my 3. In the bright sun light, ev er re joic ing; Pressing my way t0 [NEWLINE] through the deep vale; Saviour and Guide; mansions a bove; [NEWLINE] Jesus has   said, MTI never forsake thee, ' He is the Light in Him is no dark ness; Singing His prais es gladly Im walk ing; [NEWLINE] V Promise di vine that never can fail, Ev er Tm walk ing close to His   side. Walking in sun light; sunlight of love. [NEWLINE] Heaven ly sun light; [NEWLINE] #R 5p4 heaven ly sun light, Flooding my soul with glory divine: Hal le [NEWLINE] lu jah, I am re joic ing; Singing His prais es, Je sus is mine."
236,https://hymnary.org/page/fetch/SSSH1989/236/high,"Sunlight JUDSON W. VAN DeVENTER WINFIELD S. WEEDEN [NEWLINE] 1. wandered in the shades of night, Till Je suS came to me, 2. Though clouds may gath er in the sky, And bil _ lows round me roll, 3. While walk ing in the light of God, I sweet commun ion find; 4 I cross the wide extend ed fields, 1 jour ney 0'er the plain, 5. Soon shall see Him as He is, The Light that came to me; [NEWLINE] And with the sun light of His love bid all my dark ness flee. How ev er dark the world may be [ve sun light in my soul: 1 press with ho ly vig or on, And leave the  world behind: And in the sun light of His love I reap the gold en grain. Be hold the brightness of His face, Throughout ter ni ty. [NEWLINE] pa 44 J Sun light, sun light in my soul  today, Sun light; sun light today, yes, 98 [NEWLINE] all along the way; Since the Sav iour found me, nar row way; [NEWLINE] p#64 AAF Took a way my sin, have had  the sunlight of His love within: load   of  sin, [NEWLINE] Jb V|}"
237,https://hymnary.org/page/fetch/SSSH1989/237/high,"Tell Me the Story of Jesus 232 FANNY J. CROSBY JOHN R. SWENEY [NEWLINE] 1. Tell me the sto ry of Je suS, Write on my heart ev ry word; 2. Fast ing a lone in the des ert, Tell of the days` that are past, 3. Tell of the cross where they nailed Him; Writhing in an guish and pain; [NEWLINE] Chorus: Tell me the sto ry of Je SUS , Write on my heart ev ry word; [NEWLINE] Fine [NEWLINE] Tell me the sto ry most pre cious, Sweetest that ev er was heard. How for our sins He was tempt ed, Yet was trium phant at last. Tell of the grave where they laid Him, Tell  how He liv eth a ~gain: [NEWLINE] Tell me the sto ry most precious, Sweetest that ev er was heard. [NEWLINE] Tell how the an gels, in cho rus, Sang as they welcomed His birth, Tell of the years of  His la bor, Tell of the sor row He bore , Love in that sto Ty SO ten der, Clear er than ev er 1 see: [NEWLINE] D.C. al fine [NEWLINE] ""Glory to God in the high est! Peace and good tid ings to earth: ' He was despised and afflict ed Homeless, reject ed and poOr: Stay, let me weep ` while you whisper, Love paid the ran som for me_"
238,https://hymnary.org/page/fetch/SSSH1989/238/high,"Tell Me the Old; Old  Story A. CATHERINE HANKEY WILLIAM H: DOANE [NEWLINE] 1. Tell me the  old, old sto Ty, Of unseen things a bove, Of Je sus 2. Tell me the story slow ly, That 1 may take it in That wonder 3. Tell me the sto Ty soft ly, With earnest tones and grave; Re member 4. Tell me the same old sto ry, When you have cause to fear That this world $ [NEWLINE] and His glo ry, Of Je suS and His love; Tell me the story ful re demption, God'$ reme dy for sin; Tell me the sto ry Im the sin ner Whom Je suS came t0 save; Tell me the sto ry emp ty glo ry Is costing me too dear; Yes, and when that world' $ [NEWLINE] sim ply, As to a lit tle child, For 1 am weak and wea Ty, of ten, For 1 for get SO soon, The ""ear ly dew of morn ing; al ways, If you would real ly be, In an y time of trou ble, glo ry Is dawn ing on my soul Tell me the old, old sto ry: [NEWLINE] And helpless and de filed. Has passed a way at noon_ A comfort er to me ""Christ  Je suS makes thee whole. [NEWLINE] Tell me the old, old sto Ty, Tell me the [NEWLINE] old, old sto Ty Tellme the old, old sto ry Of Je sus  and His   love."
239,https://hymnary.org/page/fetch/SSSH1989/239/high,"He Is So Precious to Me 234 CHARLES H. GABRIEL CHARLES H. GABRIEL [NEWLINE] 1. So precious is Je suS, my Saviour, my King, His praise all the 2. He stood at my heart' $ door mid sunshine  and rain, And pa tient ly 3 I stand on the mountain of blessing at last, No cloud in the 4. [ praise Him because He ap pointed a Place   Where, someday,through [NEWLINE] H WHI day long with rapture 1 sing; To Him in my weakness for  strength [ can cling; waited an entrance to gain;   What shame that so long He en treated in  vain, heavens a shadOw to cast; His smile is up on me, the val ley is  past, faith in His wonder-ful grace, I know I shall see Him shall look on His face, [NEWLINE] HHI 84 For He is SO precious to me. For He is SO precious t0 me, [NEWLINE] So [NEWLINE] precious to me, [NEWLINE] S4 J# For He is SO precious to me; Tis Heaven be low SO precious to me; [NEWLINE] rit. [NEWLINE] AF My Redeem er to know, For He is SO precious to me_"
240,https://hymnary.org/page/fetch/SSSH1989/240/high,"235 I Know [ Love Thee Better , Lord FRANCES R. HA VERGAL RALPH E. HUDSON [NEWLINE] 1. know [ love Thee better, Lord, Than an y earth ly joy; 2. know that Thou art nearer still Than an y  earth ly throng; 3. Thou hast put gladness in my heart; Then may 1 well be glad! 4 0 Sav iour; precious Saviour minel What will Thy pres ence be, [NEWLINE] For Thou hast giv en me the   peace Which noth ing can de stroy. And sweet er is the thought of Thee Than an y love ly song: With out the secret of Thy love 1 could not be but sad_ If such a life of joy can crown Our walk on earth with Thee? [NEWLINE] The half has never yet been told, Of love so full and freel yet been told, [NEWLINE] The half has never yet been told, The blood-_it cleanseth mel yet been told, cleanseth mel"
241,https://hymnary.org/page/fetch/SSSH1989/241/high,"No, Not Onel 236 JOHNSON OATMAN,JR. GEORGE C. HUGG [NEWLINE] 1. There'$ not a friend like the low ly   Jesus, No, not one? no, not onel 2. No friend like Him is so high and  holy, No, not onel no, not onel 3. There'$ not an hour that He is not near US, No, not onel no, not onel 4 Did ev er saint find this Friend forsake him? No, not onel no, not onel 5 Was e'er a gift  like the Saviour given? No, not onel no, not onel [NEWLINE] None else could heal all our soul's diseas-es, No, not onel no, not onel And yet  no friend is SO meek and lowly, No, not onel no, not onel No   night so dark but His love can cheer uS, No, not onel no, not onel Or sinner find that He would not take him? No, not onel no, not onel Will He   refuse uS a home in Heaven? No, not onel no, not onel [NEWLINE] Je sus knows all a bout our struggles, He   will guide till the day is done; [NEWLINE] There'$ not a friend like the low ly Jesus, No, not one! no, not onel"
242,https://hymnary.org/page/fetch/SSSH1989/242/high,"The Cleansing Wave PHOEBE PALMER Mrs. JOSEPH F. KNAPP [NEWLINE] 1. 0 now 1 see the crimson wave, The fountain deep and wide; 2. [ see the new cre a tion rise, hear the speaking blood; 3. [ rise to walk in   Heav'n'$ own light A bove the world  and sin, 4. A mazing gracel tis Heav'n be low To feel the blood ap plied, P [NEWLINE] Je sus, my Lord, might y t0 save, Points to His wounded side_ It speaks! pol _ ~lu ted na ture dies! Sinks neath the cleansing flood. With heart made pure, and garments white, And Christ enthroned with in. And Je suS, on ly Je sus know, My JesuS cru ci fied: [NEWLINE] The [NEWLINE] cleansing stream, 1 see, 1 seel 1 plunge, and 0 it cleanseth mel [NEWLINE] praise the Lord, it cleanseth me, It cleanseth me, yes, cleanseth mel"
243,https://hymnary.org/page/fetch/SSSH1989/243/high,"Christ Liveth in Me [NEWLINE] DANIEL W_ WHITTLE [NEWLINE] JAMES McGRANAHAN [NEWLINE] 1. Once far   from God and dead in sin, No light my heart could see, 2. As rays of light   from yon der sun The flow'rS of  earth set free, 3. As lives the flow'r with in the seed, As in the cone the tree, 4. With longing all my heart is filled That like Him 1 may be, [NEWLINE] But in God's Word the light [found-_Now Christ  liv eth in me. So life and light and love came forth From Christ  liv ing in me So, praise the God of truth  and  grace, His   Spir it dwelleth in me. As on the won drous thought [ dwell, That   Christ   liv eth in me. [NEWLINE] Christ liv eth in me, [NEWLINE] Christ liv eth in me; [NEWLINE] Christ liv eth in me, [NEWLINE] Christ liv eth in [NEWLINE] what a sal va tion  this _That Christ liv eth in me. [NEWLINE] me;"
244,https://hymnary.org/page/fetch/SSSH1989/244/high,"Seeking for Me E: E. HASTY [NEWLINE] 1. Je sus my Saviour to Beth lehem came, Bom in a manger to 2. Je sus my Saviour, on Cal vary s tree, Paid the great debt and my 3. Je sus my Saviour, the same as of old While [ was wand' 'ring a 4 Je sus my Saviour shall come from on high Sweet is the promJ ise as [NEWLINE] sorrow and shame; it was wonder-ful_blest be His name!   Seeking for me, for soul He set free; it was wonder-ful-_how could it be? Dying for me, for far   from the fold, Gently and long did He plead with my soul,  Calling for me, for wea ry years fly; 0 I shall see Him descend-ing the sky, Com-= ing for me, for [NEWLINE] For mel [NEWLINE] For mel [NEWLINE] mey [NEWLINE] Seeking for mel Seeking for mel Seeking for mel Seeking for mel mel Dying for mel Dying for me= DyL ing for me= Dying for mel mel Calling for mel Calling for me! Calling for mel Calling for mel mel Coming for mel Com-= -ing for mel Com- -ing for mel Coming for mel [NEWLINE] H it was won derful-_blest be His namel Seeking for me; for mel it was won derful-_how could it be? Dy _ ing for me, for mel Gently and long did He   plead with my soul, Calling for me, for me? shall see   Him descend-ing the sky, Coming for me, for mel"
245,https://hymnary.org/page/fetch/SSSH1989/245/high,"The Lily of the Valley 240 CHARLES W. FRY Arranged from William $. Hays [NEWLINE] .[ have found a Friend in Je sus, He's ev 'rything to me, He's the 2. He all my griefs has tak en; and all my SOrrowS borne; In  temp 3. He will nev er, nev er leave me, nor yet for sake me here, While [NEWLINE] fair est of ten thousand to my soul; The Lil y of the Val ley, in ta tion He'$ my strong and mightY tower; have all for Him for sak en, and live by faith and do His   blessed will; wall of fire about me, ['ve [NEWLINE] 3 DSS : Lily of the Val ley, the Fine [NEWLINE] Him a lone 1 see AlL I need to cleanse and make me ful ly whole. all my 1 dols tom From my heart, and now He keeps me by His  power: nothing now to fear, With His man na He my hun gry   soul shall fill: [NEWLINE] Bright and  Morning Star , He' $ the fair est of ten thousand to my soul. [NEWLINE] In sor row He'$ my Com fort, in trou ble He's my Stay, Though all the world for sake me. and Sa tan tempt me sore Then sweepE -ing up to Glo Ty to see His bless ed face, [NEWLINE] DS: [NEWLINE] He tells me ev Ty care on Him to roll: Through Je sus I shall   safe ly reach the goal: Where riv ers of delight shall ev er roll: [NEWLINE] He's the He'$ the He'$ the"
246,https://hymnary.org/page/fetch/SSSH1989/246/high,"0 It Is Wonderfull [NEWLINE] CHARLES H. GABRIEL [NEWLINE] CHARLES H. GABRIEL [NEWLINE] 1.1 stand all amazed at the love Je suS offers me, Con fused at the 2. 1 marvel that He would descend from His throne divine, To res cue a 3. [ think of His hands pierced and bleeding to pay the debt! Such mer cy, such [NEWLINE] grace that SO freely He prof fers me; I trem ble to know that for soul SO re bellious and proud as mine; That He should ex tend His great love and de Vo tion   can forget? No, nol [ will   praise and a [NEWLINE] rit [NEWLINE] me He was cru cified That for me, sin ner, He suf_ fered, He love un to such as [; Suf fi cient to own, t0 re deem, and to dore at the mer cy seat; Un til at the glo ri fied   throne [ kneel [NEWLINE] bled, and died. jus ti fy at His   feet. [NEWLINE] it is wonder-ful that He should care for me, Enough to [NEWLINE] wonder-full [NEWLINE] die for  mel wonder-full [NEWLINE] it is won derful, [NEWLINE] wonder-ful to mel"
247,https://hymnary.org/page/fetch/SSSH1989/247/high,[EXTRACTION FAILED]
248,https://hymnary.org/page/fetch/SSSH1989/248/high,[This image is under copyright]
249,https://hymnary.org/page/fetch/SSSH1989/249/high,[This image is under copyright]
250,https://hymnary.org/page/fetch/SSSH1989/250/high,"245 The Old Account Was Settled [NEWLINE] F M. GRAHAM [NEWLINE] F: M GRAHAM [NEWLINE] 1. There was a time on earth, When in the book of Heav'n An old account was 2_ The old account was large, And growing evry day, For 1 was al ways 3_ When in that happy Home, My Saviour'$ Home above, I'Il singre - demption '$ 4 0 sin ner; trust the Lord, Be cleansed of all   your sin, For thus He hath pro- [NEWLINE] standing For sins yet un forgiv'n; My name was at the top, And sinning; And nev er tried to pay; But when Tlooked a head, And sto Ty, And praise Him for His love; [II not forget that book, With vid ed For you to en ter in; And then if you should live A [NEWLINE] many things below, went unto the Keeper, And settled long a g0. saw such pain and woe, 1 said that [ would settle, 1 settled long a go. pag es white as snow Be cause [cameand settled, And settled long ag0. hundred years below, Up there you 'Il not regret it, You settled long ago. [NEWLINE] 4) Long a g0, Long a g0, Yes, the Down on my knees, settled it all, [NEWLINE] VVVHD old account was settled long ag0; And the record'$ clear today, Halle-lujah! 2 LPpPP 6 #HPIIl"
251,https://hymnary.org/page/fetch/SSSH1989/251/high,"For He washed my sins away, When the old account was settled long ag0. [NEWLINE] Redeemed [NEWLINE] FANNY J . CROSBY [NEWLINE] WILLIAM J. KIRKPATRICK [NEWLINE] 1. Redeemed, how [ love to pro claim it! Redeemed by the blood of the Lamb; 2. Redeemed, and s0 happy in Je suS, No language my rapture can  tell; 3. 1 think of   my blessed Re deemer, [ think of Him all  the day long; 4 I know I shall see in His beau ty The King in whose law [ delight; [NEWLINE] HAHHH Redeemed thro' His in fi nite mer cy, His child,and for ev er [ am_ know that the light of His pres ence With me   doth contin ual ly dwell: sing; for 1 cannot be Si lent; His love is the theme of my song Who loving ly guardeth  my   footsteps, And giveth me songs in the night: [NEWLINE] #NE Re deemed, re deemed, Redeemed by the blood of the Lamb; redeemed, redeemed, [NEWLINE] JEAAHE Re deemed, re deemed, His child, and for ev er I am redeemed, redeemed,"
252,https://hymnary.org/page/fetch/SSSH1989/252/high,"Saved; Saved? JACK P. SCHOLFIELD JACK P. SCHOLFIELD [NEWLINE] 1. Tve found a Friend 2 He saves me from 3_ When poor and need [NEWLINE] who is all evry sin y and all [NEWLINE] to me, and har, lone, [NEWLINE] His Se In [NEWLINE] love is [NEWLINE] ev [NEWLINE] er [NEWLINE] true; cures my soul each day; love He said to me, [NEWLINE] Tm ""Come [NEWLINE] love to tell lean ing strong un to Me [NEWLINE] how He   lift ed me on His   might y ar; and II lead you Home, [NEWLINE] And [NEWLINE] To [NEWLINE] what His grace can do for you. know He'Il guide me all the way_ live with Me ter nal ly [NEWLINE] Saved [NEWLINE] by His Saved by His pow'1, [NEWLINE] pow r di vine, Saved to new life sub limel Life now is Saved to new life,"
253,https://hymnary.org/page/fetch/SSSH1989/253/high,"rit. [NEWLINE] sweet and my joy is com plete, For m  saved, saved, saved! [NEWLINE] Now [ Belong to Jesus 248 NORMAN J. CLA YTON NORMAN J. CLAYTON [NEWLINE] 1. Je sus my Lord will love me forev er, From Him no pow'r of vil can 2. Once 1 was lost in sin'$ degra-da tion, Je suS came down to bring me sal 3. Joy ` floods my soul for Je sus has saved me, Freed me from sin that long had en [NEWLINE] sev er, He gave His life to ransom my soul, Now [ belong to Him; va tion, Lifted me up from sorrow and shame, Now belong to Him; slaved me, His precious blood He gave to redeem; Now 1 belong to Him; [NEWLINE] Now I belong to Je suS, Je suS be longs to me, [NEWLINE]  Not for the years of time a lone, But for e ter ni ty. [NEWLINE] Copyright 1938 and Copyright 1943 by Norman J Clayton. Assigned to Norman Clayton Publishing Co. @ Renewal 1966 and @ renewed 1971 by Norman Clayton Publishing Co. owner: Used by Permission."
254,https://hymnary.org/page/fetch/SSSH1989/254/high,[This image is under copyright]
255,https://hymnary.org/page/fetch/SSSH1989/255/high,[This image is under copyright]
256,https://hymnary.org/page/fetch/SSSH1989/256/high,"If I Gained the World ANNA OLANDER Swedish Translation composite 7A [NEWLINE] 1. If 1 gained the world, but lost the Sav iour, Were my life worth living for a 2. Had I wealth and love in fullest meas ure , And a name revered both far and 3 0 what empti-ness!__without the Sav iour, 'Mid the sins and sorrows here be 4. 0 the  joy of having all in Je sus! What a balm the broken heart to 3 TL0 3N [NEWLINE] day? near [NEWLINE] Could my yearning heart find rest and com fort In the Yet no hope   beyond, no har bor wait ing; Where   my And ter ni ty, how dark with out Him! On ly Ne'er a sin so   great, but He'II for give it, Nor a [NEWLINE] lowl heall [NEWLINE] #AA) [NEWLINE] things that soon must pass a way? If gained the world, but lost the stormtossed ves sel 1 could   steer; If gained the world, but lost the night and tears and end less woe! What, though [ might live without the sOr row that He does not feell If I have  but Je suS, on ly [NEWLINE] Sav iour Would my gain be   worth the life long strife? Sav iour, Who endured the cross   and  died for me; Sav iour, When 1 come t0 die, how would it be? Je sus Noth ing else in all the   world be side [NEWLINE] Are all Could then [NEWLINE] to [NEWLINE] then"
257,https://hymnary.org/page/fetch/SSSH1989/257/high,"earthly pleasures worth compar ing For a moment with a Christfilled life? all the world afford a ref uge, Whither, in my anguish, I might  flee? face the valley'$ gloom without Him! And without Him all e ter ni ty: ev 'rything is mine in Je suS; For my needs and more He will pro vide. [NEWLINE] Whiter Than Snow [NEWLINE] JAMES NICHOLSON [NEWLINE] WILLIAM G. FISCHER [NEWLINE] 1. Lord Je suS, 1 long to be perfect-ly   whole; 1 want Thee forev er t0 2. Lord Je suS, for this Imost  humbly en treat, I wait; blessed Lord, at Thy 3. Lord Je suS, Thou see st [ patient-ly wait, Come now, and with in me a [NEWLINE] # live in my soul, Break down ev ry dol, cast out ev ry foe; cru ci fied   feet; By faith,  for  my cleans ing, see Thy blood flow, new heart cre ate; To those who have sought Thee, Thou nev er saidst; ~No; [NEWLINE] E #J Now wash me,and shall be whit er than snow. Whit er than snow, yes, [NEWLINE] whit er than snow; Now wash me, and [NEWLINE] shall be whit er than   snow"
258,https://hymnary.org/page/fetch/SSSH1989/258/high,"253 (Ye Must Be Born Again"" WILLIAM T. SLEEPER GEORGE C. STEBBINS [NEWLINE] 1.A ru ler once came to Je suS by night, To ask Him the way of  sal 2. Ye   children of men; at tend to the word So solemn-ly uttered by 3. 0 ye who would enter that   glo ri ouS   rest, And sing with the ransomed the 4 A dear one in Heaven thy heart yearns to see, At the beauti ful gate may be 2 AAsee4 H [NEWLINE] va tion and  light; The Master made answer in words true and plain, Je suS the Lord; And let not the message to you be in vain, song of the blest; The life ev er last ing if ye would ob tain, watching for thee; Then list to the note of this solemn re frain, [NEWLINE] El [NEWLINE] ""Ye must be bom a gain,' ""Ye must be bom again. [NEWLINE] } V #E gain, Ye must be bom again; ver ily, again , again; 57 [NEWLINE] EENUE [NEWLINE] ver ily say un t0 thee, Ye must be born a gain. again."
259,https://hymnary.org/page/fetch/SSSH1989/259/high,"66 Whosoever Will? [NEWLINE] PHILIP P. BLISS [NEWLINE] PHILIP P. BLISS [NEWLINE] 1. Who SOev er hear eth, shout; shout the sound! Spread the blessed tidings 2. Who SOev er com eth need not delay , Now the door is 0 pen, 3. ""Who SOev er willl"" the promise is secure; ""Who SOev er will,"" for [NEWLINE] all the world around; Tell the joyful news wher ev er man is found en ter while you may; Je sus is the true, the on ly Liv ing Way: ev ermust endure; ""Who SOev er willl"" tis life forev ermore; [NEWLINE] #N ""Who SO ev er will may come. ""Who SO ev er will, who SO ev er willl"" [NEWLINE] Send the   proc la ma tion ver vale and hill; [NEWLINE] Tis a lov ing [NEWLINE] PVYN Fa ther calls the   wanderer home: ""Who SO ev er will may come."
260,https://hymnary.org/page/fetch/SSSH1989/260/high,"Come and Dine [NEWLINE] Words and Melody C. B. WIDMEYER [NEWLINE] S. H. BOLTON [NEWLINE] L. Je suS has a ta ble   spread Where the saints of God are fed, 2 The dis ci ples came to land, Thus bey ing Christ' $ command, 3 Soon the Lamb will take His bride To be ev er at His   side, 04 [NEWLINE] He in vites His cho sen people, ""Come and   dine' With His man na He doth For the Mas ter  called un to them; ""Come and dine"" There they found their hearts '$ deAII the host of   Heaven will as sem bled be; 0 twill be glo rious [NEWLINE] feed And supplies our ev ry need: 0 'tis sweet t0 sup with Je suS all the   timel sire , Bread and fish up on the  fire; Thus He sat isfies the hungry ev ry time. sight, All  the saints in spotless white; And with Je sus they will feast e ter nal ly # [NEWLINE] ""Come and   dine;' the Mas ter call eth; ""Come and dine; (0 come and dine;)"" You may [NEWLINE] 1 feast  at Je sus table all the time; (0 come and dine;) He who fed the mul ti tude,"
261,https://hymnary.org/page/fetch/SSSH1989/261/high,"Turned the water in to wine, To the hun gry   calleth now, ""Come and dine. [NEWLINE] Look to the Lamb of God [NEWLINE] H. G. JACKSON [NEWLINE] JAMES M. BLACK [NEWLINE] 1. If you from sin   are longi -ing to be free, Look to the Lamb of God; 2 When Satan tempts, and doubts and fears assail, Look to the Lamb of God; 3. Are you a wea ry, does the way seem long? Look to the Lamb of God; 4. Fear not  when shadOWS on your pathway fall, Look to the Lamb of God; [NEWLINE] He, to redeem you, died on Cal va Ty, Look to the Lamb of God. You in His strength shall 0 - ver all prevail, Look to the Lamb of God. His love will cheer and fill your heart with song, Look to the Lamb of God; In joy Or sor row Christ is all in   all, Look to the Lamb of God. [NEWLINE] Look to the Lamb of God, Look to the Lamb of God, the Lamb of God, the Lamb of God, [NEWLINE] For He alone is a ble to save you Look to the Lamb of God."
262,https://hymnary.org/page/fetch/SSSH1989/262/high,"Look and Live WILLIAM A. OGDEN WILLIAM A. OGDEN  [NEWLINE] 1. Tve a message from the Lord, hal le lu jah! The message un to 2 Tve a message full of  love, hal le lu jah! A message, 0 my 3. Life is offered un to you, hal le lu jah! E ter nal life thy 4 1 will tell you how 1 came, hal le lu jah! To Je suS when He [NEWLINE] FAA [NEWLINE] you TII give; friend, for you; soul shall have, made me whole: [NEWLINE] 'Tis re corded in His Word, hal le lu jah! 'Tis a message from above, hal le lu jah! If you 'Il only look to Him; hal le lu jah! 'Twas believ-ing on His name, hal le lu jah! [NEWLINE] It is only that you ""look and live. JesuS said it and 1 know tis true. Look to JesuS who alone can save: I trusted and He saved my soul: [NEWLINE] Look and  live, [NEWLINE] Look and live, [NEWLINE] my brother, livel Look to Je suS now and live; live, look and livel [NEWLINE] 'Tis re [NEWLINE] #PENNENNXRI corded in His Word, hal le lu jah! It is only  that you ""look and live."
263,https://hymnary.org/page/fetch/SSSH1989/263/high,"Christ Receiveth Sinful Men 258 [NEWLINE] ERDMAN NEUMEISTER Translated by Emma F Bevan [NEWLINE] JAMES McGRANAHAN [NEWLINE] 1 _ Sin ners Je suS will re ceive; Sound  this word of   grace to all 2. Come, and He will give you rest; Trust Him, for His Word  is plain; 3_ Now my heart condemns me not, Pure be fore the law 1 stand; 4 Christ re ceiv eth sin ful men, E ven me with all my sin; [NEWLINE] Who the heav'n ly pathway   leave, AlI who lin ger, all who   fall; He will take the sin ful est; Christ re ceiv eth sin ful men He who cleansed me from all spot, Sat is fied its last demand. Purged from ev ry   spot and  stain, Heav'n with Him 1 en ter in; [NEWLINE] it 0 'er [NEWLINE] and 0 er a gain; Christ reSing it 0'er again, Sing ` it 0'er again; [NEWLINE] ceiv [NEWLINE] eth sin ful men; Make the mes sage ceiveth sinful men, Christ re ceiveth sinful men; Make the message plain, [NEWLINE] clear [NEWLINE] and   plain: Christ re ceiv eth sin ful men_ Make the message plain: re ceiveth [NEWLINE] Sing"
264,https://hymnary.org/page/fetch/SSSH1989/264/high,"Jesus Saves [NEWLINE] PRISCILLA J. OWENS [NEWLINE] WILLIAM J. KIRKPATRICK [NEWLINE] 1. We have   heard the   joy ful sound: Je sus saves? Je suS saves! 2 Waft it on the roll ing tide; Je sus saves? Je sus saves! 3 Sing a bove the bat tle strife, Je sus saves! Je sus saves! 4. Give the winds might y voice, Je sus saves! Je suS saves! [NEWLINE] Spread the ti dings   all around: Je suS saves! Je suS saves! Tell to sin ners far and wide: Je sus saves! Je suS saves! By His death and end less life, Je suS saves! Je suS saves! Let the na tions now re joice Je suS saves! Je suS saves! [NEWLINE] Bear the news to ev ry   land, Climb the  steeps and cross the waves; Sing, ye is lands   of the sea; Ech 0 back ye 0 cean caves; Sing it soft ly thro' the   gloom, When the heart for mercy craves; Shout sal va tion full and   free; High est   hills and   deepest caves; [NEWLINE] Onward!_'Tis Earth   shall keep Sing in tri This our song [NEWLINE] our Lord '$ command; Je suS saves! Je suS saves! her ju bi lee: Je suS saves! Je suS saves! umph 0'er the tomb Je suS saves! Je suS saves? of vic to ry Je sus saves! Je sus saves!"
265,https://hymnary.org/page/fetch/SSSH1989/265/high,"He Is Able to Deliver Thee 260 WILLIAM A. OGDEN WILLIAM A. OGDEN [NEWLINE] 1. 'Tis the   grandest theme thro' the a ges rung: Tis the grandest theme for a 2. 'Tis the  grandest theme in the earth Or main; Tis the grandest theme for a 3. 'Tis the grandest theme, let   the tidings roll, To the guilt y heart, to the [NEWLINE] mortal tongue; 'Tis the grandest theme that the world e'er sung, ""Our God is mortal strain;   'Tis the   grandest theme, tell the world again, ""Our God is ful   soul; Look to God in faith,  He will make thee whole, ""Our God is sin [NEWLINE] 73E able to de liv er thee.' He is a ble to de liv er thee, a ble, He   is a ble 2544H A, #Fp [NEWLINE] He is [NEWLINE] ble to de liv er thee; Though by   sin oppressed [NEWLINE] ble, He is a ble [NEWLINE] Go to Him for rest; ""Our God is able to de liv er thee."
266,https://hymnary.org/page/fetch/SSSH1989/266/high,"261 Turn Your Eyes Upon Jesus HELEN HOWARTH LEMMEL HELEN HOWARTH LEMMEL [NEWLINE] 1 0 soul, are you wea ry and trou bled? No light in the 2. Through death in to life ev er last ing He   passed, and we 3 His Word shall not fail you He prom ised; Be lieve Him, and [NEWLINE] darkness you see? fol low Him there; all will be well: [NEWLINE] There's light for a look at the Sav iour, 0 ver uS sin no more hath do min ion Then g0 to a world that is dy ing, [NEWLINE] And   life more a bundant and freel For more than   conqu rors we arel His perfect sal vation to telll [NEWLINE] Turn your eyes upon Je [NEWLINE] suS, Look full in His won der ful   face; [NEWLINE] And the things of [NEWLINE] earth will grow strangely dim In the   light of His glory and  grace. [NEWLINE] Copyright 1922 Renewal 1950 by Helen H: Lemmel. Assigned to Singspiration; Inc: AIl rights reserved. Used by permission."
267,https://hymnary.org/page/fetch/SSSH1989/267/high,"The Light of the World Is Jesus 262 PHILIP P. BLISS PHILIP P. BLISS [NEWLINE] 1. The whole world was lost in the darkness of sin; The light of the 2. No darkness have we who in Je suS a bide, The light of the 3. Ye dwell ers in darkness with sinblind ed eyes, The light of the 4. No need of the sunlight in Heaven, we're told, The light of the A [NEWLINE] world is Je sus; Like sunshine at noonday His glo ry shone in, world is Je sus; We walk in the light when we fol low our Guide, world is Je sus; Go, wash at His   bidding, and light will a rise, world is Je suS; The Lamb is the Light in the Cit y of Gold, [NEWLINE] The light of the   world is Je [NEWLINE] suS. [NEWLINE] Come to the   Light; 'tis [NEWLINE] shin- -ing for thee; Sweetly the Light has dawned upon me; Once [ was [NEWLINE] blind, but now 1 can see; The Light of the world is Je sus."
268,https://hymnary.org/page/fetch/SSSH1989/268/high,"Verily, Verily JAMES McGRANAHAN [NEWLINE] G.MJ [NEWLINE] R 1.0 what a Saviour; that He died for mel 2. AII my in 1 qui ties on Him were laid, 3. Though poor and need y 1 can trust my Lord, 4 Though all un wor thy, yet 1 will not doubt; [NEWLINE] From condem- AII my inThough weak and For him that [NEWLINE] 41 na tion He  hath made me free; debt ed ness by Him was paid; sin ful [ be lieve His Word; com eth, He will not cast out; [NEWLINE] ""He that believ eth on the AII who believe on Him; the glad messagel ev ry ""He that believ-eth; 0 the [NEWLINE] Son;' saith He, ""Hath ev erlast ing life. Lord hath said, ""Hath ev erlast ing life. ""Ver 1 ly, ver 1 child ly, of God ~Hath ev erlast ing life."" good news  shout; ""Hath ev erlast ing life_ [NEWLINE] say un to you; ""Ver i ly, ver ly;' message ev er new; R E} [NEWLINE] ~He that believ-eth on the Son;' 'tis true, ""Hath ev erlast ing life.'"
269,https://hymnary.org/page/fetch/SSSH1989/269/high,"Once for AII 264 PHILIP P. BLISS [NEWLINE] PHILIP P. BLISS [NEWLINE] hap con di tion, Je sus   hath 1. Free from the law, py free there ' s no condem na tion, Je suS 2. Now are we pro ous call ing; Sure ly His 3. ""Children of God; glori [NEWLINE] and there is re mis sion; Cursed by the law and  bruised by  the bled, perfect  sal va tion; ""Come unto Me,' hear His sweet vides a ing; Passing from death to life at   His grace will keep us   from fall [NEWLINE] fall, Grace hath redeemed uS once  for all: call, Come, and He saves uS once for all. Once for  all, 0 sinner, re call, Blessed sal va tion once for all: E [NEWLINE] ceive it, Once for all, [NEWLINE] brother; be lieve it; Cling to the [NEWLINE] the bur den will fall, Christ hath   redeemed uS once for all: cross, [NEWLINE] Favorite song of Dr. Hugh Pyle."
270,https://hymnary.org/page/fetch/SSSH1989/270/high,"Someone's Last Call EDNA R WORRWELL Unison CLARENCE B. STROUSE, arranged [NEWLINE] 1. Come, 0 come to the blessed Sav iour, List, 0 list 2. to His Deep; deep, deep in the heart there whis pers God'$ own  voice 3_ to each Long; long, long have you tried to sti fle Yearnings 4. sweet t0 Now, a now NOW as the Spirit   stirs you, Hard en not your fast [NEWLINE] lov ing call, wayward child; life more pure; melt ing heart; [NEWLINE] Of fer ing par don, Pardon from sin t0 Heed it! heed it! Be no more sin be Quench them no long er But in God rest se Take, take sal va tion Else shall your chance de [NEWLINE] all; 0 come, guiled, heed cure; strive part; take [NEWLINE] He gives pardon from sin to all, to all. His voice, be now no more beguiled; beguiled. no more, but in God rest se cure, se cure. it now, else shall your chance depart, depart. [NEWLINE] Parts [NEWLINE] Come, come to Je suS, Come ere this moment takes flight; It [NEWLINE] may [NEWLINE] be now someone s last call, last call to night"
271,https://hymnary.org/page/fetch/SSSH1989/271/high,"Honey in the Rock 266 FA, GRA VES [NEWLINE] FA, GRA VES [NEWLINE] do you know the Sav iour, Who is won drous 1. my   brother, the Lord is gra cious""? Do you walk in the 2. Have you ""tasted that un to God the Fa ther, ""What wilt Thou have 3. Do you pray the streets and by ways, Preach the Word to the 4. Then go out through 0 [NEWLINE] kind and true? way that' $ new? me to do?"" man or few; [NEWLINE] He's the ""Rock of your sal va tion! "" Have you drunk from the liv ing foun tain? Nev er fear, He will sure ly an swer, Say to ev Ty fall en broth er, [NEWLINE] There's   Hon ey in the Rock for you: 0 there '$ Honey in the Rock, my KAN U0 [NEWLINE] brother, There ' $ Hon ey in the Rock for you; Leave your brother, for my you; [NEWLINE] rit. [NEWLINE] sins for  the blood to cov er, There 's Honey in the Rock for you: for  you."
272,https://hymnary.org/page/fetch/SSSH1989/272/high,"Yes, I Know! ANNA W. WATERMAN ANNA W. WATERMAN [NEWLINE] 1. Come, ye sin ners , lost and hope less, Je sus Come, ye sin ners, lost and hopeless, lost and hopeless, 2. To the faint He   giv eth pow er, Through the To the  faint  He   giv eth pow er, giv eth pow er, 3 In temp ta tion He is near thee, Holds   the In tempta tion He is near thee, He is near thee, 4 He will keep thee while the a ges Roll thro' He will keep thee while the a ges, while the a ges, [NEWLINE] VVTT blood can make you free; For  He saved the worst a Jesus' blood can make you free, can make you free; For He saved the worst a moun tains makes a way; Findeth wa ter  in  the Thro' the mountains makes a way, He makes a way; Findeth water in the pow'rs of Hell at bay; Guides you to the path of Holds the pow'rs of Hell at bay, of Hell at bay; Guides you to the path of out ter ni ty; Though earth hin ders and Hell Roll thro'~out e ter ni ty, e ter ni ty; Tho' earth hinders and Hell [NEWLINE] 4pPpF [NEWLINE] Vv V V v VT mong you, When He saved a wretch like me. mong You, worst among you, When He saved a wretch like me, a wretch like me des ert, Turns the night to gold en day. des ert, in the des ert, Turns the night to gold en day, to gold en day. safe ty, Gives you grace for ev ry day. safe ty, path of safe ty , Gives you grace for ev ry day, for ev ry day: rag es, All must work for goodto thee. rag es, and Hell rag es, All must work for good to thee, for good tQ thee. PH"
273,https://hymnary.org/page/fetch/SSSH1989/273/high,"And 1 know, (I sure ly know), yes, I know, sure ly know), Je suS #6 [NEWLINE] blood can make the vil est sin ner clean: clean vil est   sinner clean. vil est sinner clean: [NEWLINE] What Did He Do? [NEWLINE] J.M. GRAY HiB [NEWLINE] W. OWEN [NEWLINE] 1 0 listen to our wondrous sto ry, Counted once among the lost; 2. Will you surren-der to the Sav iour? To His scepter humbly bow? [NEWLINE] Yes, One came down from Heaven's glo TY, Saving uS at aw ful cost! You; too, shall come to know His fav Or, He will save you, save you now_ [NEWLINE] J# Who saved us from e ternal loss? What did He do? Who but God 's Son up on the cross? He [NEWLINE] Where IS He now? [NEWLINE] In Heaven inter ced ing! [NEWLINE] died for you! [NEWLINE] Be lieve it, thou; In"
274,https://hymnary.org/page/fetch/SSSH1989/274/high,"Why Do You Wait? GEORGE F. ROOT GEORGE F. ROOT JNN [NEWLINE] 1. Why do you wait; dear broth er, Oh; why do you tar ry SO long? 2. What do you hope, dear broth er, to gain by a further de 3 lay? Do you not feel, dear broth er, His Spir_ it now striving within? 4. Why do you wait, dear brother? The harvest is passing a way; [NEWLINE] Px4@ [NEWLINE] Your Saviour is waiting to give you a place  in His sanc ti fied There ' $ no one to save you but Je suS, There' $ no oth er way but His Oh, why not aCcept His sal va tion , And throw off your burden of Your Saviour is longing to bless you, There are danger and  death in de [NEWLINE] throng: way_ Why not? why not?   Why not come to Him now? sin? now? lay. [NEWLINE] Just as I Am CHARLOTTE ELLIOTT WILLIAM B. BRADBURY [NEWLINE] 1. Just as 1 am, with out one plea, But that   Thy blood was shed for 2. Just as [ am, and waiting not To rid my soul of one dark blol, 3. Just as 1 am, tho tossed about With many a conflict, many a doubt; 4.Just as L am, poor; wretched,blind; Sight, rich es, healing of the   mind, 5.Just as [ am, Thou wilt receive, Wilt  welcome, par don, cleanse, re lieve;"
275,https://hymnary.org/page/fetch/SSSH1989/275/high,"Thou bidd 'st me come to Thee, 0 Lamb of God, 1 comel [ comel And that Thee   whose blood can cleanse each spot, 0 Lamb of God, I comel [ comel To with in, without, 0 Lamb of God, 1 comel [ comel Fightings and fears I need, in Thee to find, 0 Lamb of God, I come! [ comel Yea, all ise be ~lieve, 0 Lamb of God, 1 comel [ comel Be cause  Thy  prom [NEWLINE] Lord; Pm Coming Home 271 WILLIAM J . KIRKPATRICK WILLIAM J. KIRKPATRICK [NEWLINE] 1. Tve wandered far a way from God, Now ['m coming home; 2. [ve wast ed man pre cious years, Now [m coming home: y 3. Fve tired of sin and stray ing; Lord, Now [ m com-= ing home; 4 My soul is sick, my heart is sore, Now [ m comF ing home; [NEWLINE] Fine [NEWLINE] The [NEWLINE] paths of sin too long [ve trod, Lord, Im coming home. 1 now re pent  with bit ter tears, Lord, Im coming home. II trust Thy love, be lieve Thy Word, Lord, Im coming home. My strength re new, my hope re store, Lord, Im coming home_ [NEWLINE] DS. 0 pen wide Thine arms of love , Lord, Tm coming home_ D.S. [NEWLINE] Com ing home, com ing home, Nev er more to roam_"
276,https://hymnary.org/page/fetch/SSSH1989/276/high,"Jesus; I Come WILLIAM T. SLEEPER GEORGE C. STEBBINS [NEWLINE] 1. Out of my bondage, sOrTOw and night; Jesus , 1 come, JeSuS, [ 2 come; Out of my shame ful   failure   and loss, JesuS, [ come, JesuS , I come; 3 Out of un rest and ar rogant pride, JesuS , I come, JesuS, 1 come; 4. Out of the fear and dread of   the tomb, Jesus, 1 come, JesuS, 1 come; [NEWLINE] H In to Thy  freedom, gladness and light, JesuS, 1 come to Thee. In to the glo rious gain of Thy   cross, Je _ suS, come to Thee. In to  Thy bless ed will to a bide, JesuS, 1 come to Thee. In to the joy and light of Thy Home, JesuS , 1 come to Thee. [NEWLINE] Out of my sickness in t0 Thy health, Out of  my want and into Thy Out of  earth'$ sOrrows in to Thy balm, Out of life's storms and in to Thy Out of my self to dwell in Thy love, Out of de spair in to raptures a Out of the depths of ru in untold, In to the   peace of Thy shel-= tering [NEWLINE] wealth, Out of  my  sin and in to Thyself, Jesus, 1 come to  Thee. calm, Out of   distress to ju bi lant   psalm, Jesus, [ come t0 Thee bove, Up ward for aye on wings like a dove, Jesus, 1 come to  Thee. fold, Ev er Thy glorious face to be hold, Jesus , 1 come to Thee."
277,https://hymnary.org/page/fetch/SSSH1989/277/high,"What Will You Do With Jesus? 273 AUTHOR UNKNOWN M L. STOCKS [NEWLINE] 1. Je suS is   stand ing in Pi late' $ hall, Friendless, for sak en, be 2. Je suS is   stand ing on tri al still, You can be false to Him 3. Will you e vade Him as Pi late   tried? Or will you choose Him, what 4. Will you, like Pe ter, your Lord de ny? Or will You scorn from His 5_ ""Je suS, I give Thee my heart to day! Je suS, FIl fol low Thee [NEWLINE] trayed by all: Hark en! what mean eth the sud den call! if you will, You can be faith ful thro"" good Or ill: e'er be tide? Vain ly you strug gle from Him to hide: foes to fly, Dar ing for Je sus to live Or die? all the way, Glad ly bey ing Theel Will you say: [NEWLINE] What will you do with Je sus2 What will you do with Je sus? with Je sus? What  will you do with Je do sus? What willyou What   will you do with Je sus? ""This   will do with Je sus! [NEWLINE] Neu tral you can not be; [NEWLINE] Someday your   heart will be [NEWLINE] ask ing; ""What will He do with me?"""
278,https://hymnary.org/page/fetch/SSSH1989/278/high,"Come Unto Me CHARLES P. JONES CHARLES P. JONES [NEWLINE] 1. Hear the bless ed Sav iour call ing the oppressed, ""0 ye heav y 2. Are you dis appoint ed, wand ring here and   there, Dragging chains of 3 Stum bling on the mountains dark with sin and shame, Stumbling tow' rd the 4. Have you by   temp ta tion of ten conquered been, Has a sense of [NEWLINE] la den, come to Me and rest; Come, no lon ger tar Ty, doubt and load ed down with care? Do un ho ly feel ings pit of Hell' $ con sum ing flame, By the pow'rs of sin de weak ness brought dis_ tress with in? Christ will sanc ti fy you, [NEWLINE] your load will bear , Bring Me ev ry bur den, bring Me ev ry care. struggle in your breast? Bring your case to Je suS, He will give you rest. lud ed and oppressed, Hear the ten der Shep - ~herd, ""Come to Me and rest. if you 'Il claim His best, In the Ho ly Spir it, He will give you rest. [NEWLINE] Come un t0 Me; Come un to Me, Come un to Me, [NEWLINE] will    give you [ will   give you rest,"
279,https://hymnary.org/page/fetch/SSSH1989/279/high,"rest; Take My yoke up on you, 1 will  give you rest; Take My yoke upon you, Take My yoke upon you, [NEWLINE] 062 AAA [NEWLINE] Hear Me and be blest, am meek and Hear Me and be blest; Hear Me and be blest, am meek and low ly; [NEWLINE] VALA | [NEWLINE] low ly, Come and trust My am meek and low ly, Come and trust My might; [NEWLINE] might; Come, My yoke is eas Y, Come and trust   My might, Come, 0 come, Come, My yoke is easY, [NEWLINE] And_ Come, [NEWLINE] My bur den's   light: come, Come, My bur den's   light:"
280,https://hymnary.org/page/fetch/SSSH1989/280/high,"Almost Persuaded PHILIP P. BLISS [NEWLINE] PHILIP P. BLISS [NEWLINE] 1. ""Almost  per suad ed,' now t0 believe; 2. ""Almost per suad ed; come, come to day; 3.""Almost  per suad ed, har vest is past! [NEWLINE] ""Almost  per suaded, ""Al most  per suaded_ Al most per suad ed,' [NEWLINE] Christ to re ceive; tur not a way; doom comes at last! [NEWLINE] Seems now some soul to say, ""Go, Spir it, Je suS in vites you here , An gels are ""Al most' can not a vail; ~Al most"" is [NEWLINE] g0 Thy way, Some  more con ven ient day On Thee FI call:' ling - 'ring near Prayers rise from hearts SO dear, 0 wand' rer, come. but to fail! Sad, sad , that bit ter   wail, Al most, but lost. [NEWLINE] Where He Leads Me E: W. BLANDLY [NEWLINE] J.S. NORRIS [NEWLINE] 1. can hear my Saviour call ing; can hear my Saviour call 2 ing; II g0 with Him thro' the garden, II g0 with Him thro' the gar den, 3_ I g0 with Him thro' the judg ment; I'IL g0 with Him thro' the 4 , He will give me grace and glo Ty, He will give Hem gface dhd  jgdgment; Ty, [NEWLINE] REF : Where He leads me 7 will follow, Where He leads me 7 will follow,"
281,https://hymnary.org/page/fetch/SSSH1989/281/high,"D.C. for Ref: [NEWLINE] can hear my Sav iour call ing; ""Take thy cross and fol low, follow Me:' II g0 with Him thro' the gar den, IIL g0 with Him, with Him all the way. II g0 with Him thro the judgment, IIL go with Him, with Him all the way. He will    give me grace and glo Ty , And g0 with me, with me all the way. [NEWLINE] Where He leads me [ will follow, 1U g0 with Him, with Him all the way. [NEWLINE] Only Trust Him 277 JOHN H. STOCKTON JOHN H: STOCKTON [NEWLINE] 1. Come, ev ry soul by sin Oppressed; There'$ mer cy with the Lord, 2. For Je sus shed His pre cious blood, Rich blessings to be stow; 3. Yes, Je suS is the Truth, the Way, That leads you in to rest: 4 Come, then, and join this ho ly band, And on to Glo ry g0, [NEWLINE] And He will sure ly give you rest By trust ing in His Word. Plunge   now in to the crim son  flood That wash es white as snow Be lieve   in Him   with out de lay,_ And you are ful ly blest: To dwell in that ce les tial   Land, Where joys im mor tal flow. [NEWLINE] On ly trust   Him, on ly trust Him, On ly trust   Him now: He will   save you, He will save you, He will (Omit save you now_"
282,https://hymnary.org/page/fetch/SSSH1989/282/high,"Jesus Is Calling FANNY J. CROSBY GEORGE C. STEBBINS [NEWLINE] 1. Je suS is ten der ly call ing thee home Call ing to day, 2 Je suS is call ing the wear y to rest Call ing to day, 3. Je suS is wait ing; 0 come to Him now Wait ing to day, 4 Je suS is plead ing; list to His voice: Hear Him to day, [NEWLINE] call ing to day; Why  from the sun shine of love wilt thou roam call ing to day; Bring Him thy bur den and thou   shalt be blest: wait ing to day; Come with thy sins; at His feet low ly bow; hear Him to day; They who be lieve on His name shall re joice; [NEWLINE] 4 Far ther   and far ther a way?_ He will not tum thee a way: Come, and no lon ger de Jay. Quick ly a rise   and a way. [NEWLINE] Call [NEWLINE] to [NEWLINE] Calling,   calling to day, today, [NEWLINE] Call ing to day,- Call ing; call ing; to day, to day, [NEWLINE] Je suS is Je suS is ten derly [NEWLINE] call ing; is ten der ly call ing to day. call ing to day, [NEWLINE] ing day,"
283,https://hymnary.org/page/fetch/SSSH1989/283/high,"Let Jesus Come Into Your Heart 279 LEILA N. MORRIS LEILA N, MORRIS [NEWLINE] 1. If you are tired of the load of your sin, Let Je sus come 2. If 'tis for pu ri ty now that you   sigh, Let Je suS come 3. If there ' $ a tempest your voice can not still, Let Je suS come 4 If you would join  the glad songs of the blest; Let Je suS come [NEWLINE] pH8 [NEWLINE] PV in to your   heart; If you de sire a new life to be gin, in to your   heart; Fountains for cleansing are flowing; near by, in to your   heart; If   there' $ a void   this world nev er can fill in to your   heart; If you would en ter the mansions of rest; [NEWLINE] DEFAXX Let Je sus come in to your heart. [NEWLINE] Just now your [NEWLINE] doubtings give 0 ) er; Just now, re ject Him no more; Just now, throw [NEWLINE] 1)d pen the door; Let Je sus   come in to your heart."
284,https://hymnary.org/page/fetch/SSSH1989/284/high,"280 Softly and Tenderly Jesus Is Calling WILL L. THOMPSON WILL L. THOMPSON [NEWLINE] PE tender Je sus is calling, Calling for 13 Soft ly and ly when   Je suS is pleading; Plead-= ing for 2. Why should we tar Ty the moments are passi -ing;_ Passing from 3. Time is now fleeting; wonder ful love He has promised, Promised for 4 Oh! for the [NEWLINE] +} for See, on the portals   He'$ wait ing and watching, you and me; for me? Why should we linger and heed not His mercies, you and you and  from me; Sha dows are gath er ing, deathbeds   are com-_ -ing; for me; Tho we have sinned, He has mer cy  and pardon, you and [NEWLINE] Watching for you and  for me. Mercies for you and for me? Come   home, come home, for me. Come home, come  home, Coming for you  and Pardon for you and for me [NEWLINE] Pp ppPP 0 HRN [NEWLINE] cresc . #V [NEWLINE] Ye who are wearY, come home; [NEWLINE] Ear nestly, ten der ly,"
285,https://hymnary.org/page/fetch/SSSH1989/285/high,"rit. [NEWLINE] PP [NEWLINE] Jd|M Je suS is call ing; Calling, 0 sin ner, come   homel [NEWLINE] Pass Me Not; 0 Gentle Saviour 281 FANNY J . CROSBY WILLIAM H. DOANE [NEWLINE] 1a Pass me not, 0 gen tle Sav iour, Hear my humble cry; 2 Let me at a throne of mer cy Find a sweet re lief; 3. Trusting on ly in Thy mer it, Would I seek Thy   face; 4. Thou the Spring of all my com fort, More than life to me, [NEWLINE] While on oth ers Thou art call ing, Do not pass me by. Kneel ing there in deep con tri tion, Help my un be lief. Heal my wound ed, bro ken   spir it, Save me by Thy grace. Whom have [ on earth be side Thee? Whom in Heav'n but Thee? [NEWLINE] Sav iour, Sav [NEWLINE] iour, Hear my hum ble cry; [NEWLINE] While on oth ers   Thou art call ing; Do not  pass me by"
286,https://hymnary.org/page/fetch/SSSH1989/286/high,"Why Not Now? DANIEL W. WHITTLE CHARLES C. CASE [NEWLINE] 1. While we pray and while we plead, While you see your soul '$ deep need, 2. You have wan dered far a way; Do not risk an oth er day; 3. In the world you've failed to find Aught of peace   for troub led mind; 4 Come to Christ; con fession   make; Come to Christ, and par don take; [NEWLINE] While our Fa ther   calls you home, Will you not, my brother, come? Do not tum from God thy face, But to day ac cept His grace. Come to Christ; on Him be lieve, Peace   and joy you  shall re ceive. Trust in Him from day to day, He will keep you all the way. [NEWLINE] Why not  now? Why not now? Why not come t0 JesuS now? Why not now? Why not now? [NEWLINE] Why not now? Why not now? Why not come to Je sus now? Why not now? Why not now?"
287,https://hymnary.org/page/fetch/SSSH1989/287/high,"Have You Any Room for Jesus? 283 SOURCE UNKNOWN C.C. WILLIAMS Arr: by Daniel W. Whittle [NEWLINE] 1. Have you an y room for Je suS, He who bore your load of sin? 2 Room for pleasure, room for busi ness, But for Christ   the Cruci fied, 3. Have   you an y room for Je suS, As in grace He calls a gain? 4. Room and time now give to Je sus, Soon will pass God'$ day of grace; [NEWLINE] As He knocks and asks ad mis sion; Sin ner;, will you let Him in? Not a place that He can en ter, In the heart for which He died? 0 to day is time ac cept ed, To mor row you may call in vain Soon thy heart left cold and Si lent, And thy Savjour' $ plead- -ing cease. [NEWLINE] 4 Room for Je suS, King of Glo ry! Has ten now His Word 0 bey; [NEWLINE] Swing the heart'$ door wide ly 0 pen, Bid Him en ter while you may."
288,https://hymnary.org/page/fetch/SSSH1989/288/high,"284 Who at My Door Is Standing? MARY B. C. SLADE ASA B. EVERETT [NEWLINE] 1. Who at my door is stand ing; Pa tient ly draw ing near 2. Lone ly with out He'$ stay ing: Lone ly with in am I; 3 All through the dark hours drea Ty Knocking a gain is He; 4 Door of my   heart, 1 has ten! Thee   will I pen wide [NEWLINE] Entrance   with in de mand ing? Whose is the voice 1 hear? While I am still de lay ing; Will He not pass me by? Je suS, art Thou not wea Ty, Wait ing SO long for me? Tho' He re buke and chas ten, He shall  with me a bide. [NEWLINE] Sweet ly the tones are fall ing: [NEWLINE] ""0 pen the door for Mel [NEWLINE] If thou   wilt heed My call ing, [NEWLINE] will abide with thee"
289,https://hymnary.org/page/fetch/SSSH1989/289/high,"Into My Heart 285 HARRY D. CLARKE HARRY D. CLARKE [NEWLINE] 1. Come in to my heart, blessed Je sus , Come in to my heart, 2. Come   in to my heart, blessed Je suS, I need Thee thro' life's drear y 3 Come  in to my heart, blessed Je sus, And take all my guilt a 4, Come in to my heart, blessed Je suS, 0 cleanse and il lu mine  my [NEWLINE] pray; My soul is SO troubled and wea ry, Come in to my heart to way; The burden of sin is SO heav Y, Come in to my heart   to way; Then spotless   IIl stand   in Thy presence, When breaks the ter nal soul; Fill me with Thy wonder ful Spir it, Come in and take full con [NEWLINE] day: stay. day: trol: [NEWLINE] In to   my heart, [NEWLINE] in to my heart, Come [NEWLINE] in to my heart, Lord Je [NEWLINE] sus; Come in to day, Come [NEWLINE] in [NEWLINE] t0 stay, Come in t0 my heart, Lord Je [NEWLINE] suS."
290,https://hymnary.org/page/fetch/SSSH1989/290/high,"The NailScarred Hand BAYLUS B. McKINNEY BAYLUS B. McKINNEY [NEWLINE] 1. Have  you  failed in your   plan of your stormtossed life? Place your hand in the 2. Are you   walking a lone   through the shadows   dim? Place your  hand in the 3. Would you fol low the will of the ris en Lord? Place your hand in the 4 Is your  soul burdened down with its load of sin? Place your hand in the [NEWLINE] nailscarred hand; Are you wea Ty and wom   from its toil and  strife? nailscarred hand; Christ will com fort your  heart; put your trust in Him, nailscarred hand; Would you live in the light of His bless ed Word? nailscarred hand; Throw your heart pen  wide, let the Sav iour in, [NEWLINE] Place your hand in the nailscarred  hand. Place   your hand in the nailscarred [NEWLINE] hand, Place your hand in the nailscarred   hand; He will keep to the [NEWLINE] end, He'$ your dear est Friend, Place your hand in the nailscarred   hand."
291,https://hymnary.org/page/fetch/SSSH1989/291/high,"Open Your Heart's Door 287 JOHN R RICE JOHN R RICE #e| [NEWLINE] 1. Je suS is here , Je suS is here, Here on the doorstep He'$ 2. Who SO e er will, Who SO e'er  will, May take the wa ter of 3.""Don 't turn a way, Don 't tum a way From the soft waming; your 4 Je suS, come in; Je suS, come in; Oh; lift the bur den, for [NEWLINE] wait ing So  near, Not far a way, but read y to day, Your poOr life to your   fill: Je suS has paid, His life down He   laid, For all conscience would say, God's broken laws, your sin and your fall, Oh, do give  all my sin. Conquer, 0 mild One, my heart SO wild, Take now [NEWLINE] 5JE [NEWLINE] lost soul this moment to save: your   sins, a tonement He made. 0 pen your heart' $ door to Je sus, not grieve God'$ Spir it who calls. and cleanse and make me God's child. [NEWLINE] 93 He's stand ing near, wait ing to hear your heart'$ con fes sion and [NEWLINE] He'Il take pOS session, So pen your heart'$ door and let Him come in:."
292,https://hymnary.org/page/fetch/SSSH1989/292/high,"IAm Resolved [NEWLINE] PALMER HARTSOUGH [NEWLINE] JAMES H. FILLMORE [NEWLINE] 1 1 am resolved no lon ger to lin ger, Charmed by the world '$ de light; 2 1 am resolved to g0 to the   Saviour, Leav ing my sin and strife; 3_ I am resolved to fol low the   Saviour; Faith ful  and true   each day; [NEWLINE] Things that   are   high er, things that   are no bler; These have al lured my sight: He is the true  One, He is the   just  One, He hath the words of life. Heed what He say eth,, do what He will eth, He is the liv ing way. [NEWLINE] will has ten to Him,  Hasten so   glad and free; will has ten, has ten to Him, Hasten so   glad and free; [NEWLINE] Hasten   glad and free; [NEWLINE] Je suS, Great est, High est, Je suS, Je sus, [NEWLINE] will come to Thee."
293,https://hymnary.org/page/fetch/SSSH1989/293/high,"Come; Sinner , Comel 289 W.E: WITTER H,R PALMER [NEWLINE] 1. While Je sus whis pers to you,  Come, sin ner, comel While we are pray ing for you, (Omit 2. Are you too heav y la den? Come, sin ner, comel Je sus will bear your bur den, (Omit Oh;, hear His ten der plead ing; Come, sin ner; comel 3 Come and re ceive the bless ing, (Omit [NEWLINE] Now is the time to own Him, Now is the time to know Him, Je suS will not de ceive you, Je sus can now re deem you, While Je suS whis pers to you, While we are pray ing for you, [NEWLINE] Come, sin ner, comel [NEWLINE] Come, sin ner, comel [NEWLINE] Come, sin ner, comel [NEWLINE] Come, sin ner, comel (Omit Come, sin ner, comel (Omit Come, sin ner, comel (Omit [NEWLINE] Come, sin ner, comel [NEWLINE] Come, sin ner, comel [NEWLINE] Come, sin ner, comel"
294,https://hymnary.org/page/fetch/SSSH1989/294/high,"Let Him In [NEWLINE] JONATHAN B. ATCHINSON [NEWLINE] EDWIN O. EXCELL [NEWLINE] 1a There' $ a Saviour at the door; 2. 0 pen now to Him your heart; 3. Hear you now His lov ing voice? 4. Now ad mit the heav'nly Guest; [NEWLINE] Let Him Let Him Let Him Let Him Let   the Saviour in, [NEWLINE] in; He has been   there oft be fore, in; If you wait He will de part, in; Now, oh, now make   Him your choice, in; He   will make for you a feast, Let the Sav iour   in; [NEWLINE] 2EH [NEWLINE] Let Him in; Let Him in, ere He is Let Him in; Let Him in, He is your Let Him in; He is stand ing at your Let Him in; He  will speak your  sins for Let  the Saviour in, Let the Saviour in; [NEWLINE] Hid [NEWLINE] gone, Let Him in, the Ho ly One, Je sus Christ, the Father' $ Friend, He your soul will sure de fend, He will keep you t0 the door, Joy to you He will re store, And His name you will a giv'n, And when earth ties are all riv'n, He will take you   Home to"
295,https://hymnary.org/page/fetch/SSSH1989/295/high,"Son, end, dore, Heav'n, [NEWLINE] Let [NEWLINE] Him in. Let Him in. Let Him in. Let Him in. Let   the   Savjour in, Let the Saviour in: [NEWLINE] IAm [NEWLINE] Coming, Lord 291 LEWIS HARTSOUGH LEWIS HARTSOUGH [NEWLINE] hear   Thy welcome voice, That calls me, Lord, to Thee For weak and vile, Thou dost my strength as sure; Thou 2. Tho com ing 3 'Tis Je sus calls me on To per fect faith and love, To [NEWLINE] clean sing in Thy pre cious   blood That flowed on Cal va Ty. dost vile ness ful ly cleanse, Till spot less all and pure. my trust, For earth and Heav' n a bove. per fect hope, and peace, and [NEWLINE] am com ing Lord! [NEWLINE] Com ing now to Theel [NEWLINE] me, cleanse me in the blood That flowed on Cal Wash va ry!"
296,https://hymnary.org/page/fetch/SSSH1989/296/high,"His Way With Thee CYRUS S. NUSBAUM CYRUS S. NUSBAUM [NEWLINE] 1. Would you   live for Je suS, and be always pure and good?  Would you walk with 2. Would you have Him make you free, and fol low at His call? Would you know the 3. Would you in His kingdom find a place of constant rest? Would you prove Him [NEWLINE] Him with in the nar row road? Would you have Him bear your burden, car ry peace that  comes by   giv ing all? Would you have Him save you, so that you can true in prov den tial test? Would you   in His serv ice la bor al ways [NEWLINE] all your load? nev er   fall? Let Him have His way with   thee. His pow'r can make You what you at your best? [NEWLINE] ought to be; His blood can cleanse your heart and make You free; His love can fill your 92 6 rit. [NEWLINE] soul, and you will see 'Twas best for Him to have His way with thee."
297,https://hymnary.org/page/fetch/SSSH1989/297/high,"Is Your All on the Altar? 293 ELISHA A; HOFFMAN ELISHA A. HOFFMAN [NEWLINE] 1. You have longed for sweet peace, and for faith to increase , And have earnest ly, Lord, in the light of   His   Word, And have peace and con 2 Would you walk with the know what the Lord will be stow Of the blessings for 3 0 we nev er can tell all the love He will send from a bove, And how hap - 4. Who can Py our [NEWLINE] But you cannot have rest Or be perfect ly blest fervent ly prayed; way? You must do His sweet will, to be free from all ill, tentment al which we have Till our bod y and soul He doth ful ly con trol, prayed, hearts   will be   made, Of the fellow-ship sweet we shall share  at His feet; [NEWLINE] Until all on the al tar is laid. On the al tar your all you must lay. And our all on the al tar is laid_ When our all on the al tar is laid. [NEWLINE] Is your all on the al tar of [NEWLINE] sac ri fice  laid? Your heart, does the Spirit control? [NEWLINE] You can on ly be [NEWLINE] blest and have peace and sweet rest, As you yield Him your bod y and   soul:."
298,https://hymnary.org/page/fetch/SSSH1989/298/high,"Stepping in the Light ELIZA E. HEWITT WILLIAM J. KIRKPATRICK [NEWLINE] Try ing to walk in the steps   of the   Saviour, Trying to fol low our 2. Press ing more closely to Him who is lead ing; When we are tempted to 3 Walk ing in footsteps  of gen tle forbear-ance, Footsteps of faithful-ness, 4 Try ing to walk in the steps of the   Saviour; Upward, still upward we'Il [NEWLINE] Sav iour and King; Shap ing our lives by His blessed ex am ple, tum from the way; Trust ing the am that is strong to defend uS, mer cy and love, Look ing to Him for the grace free ly prom ised, fol low our Guide; When we shall see  Him, ""the King in His beau ty, [NEWLINE] HapPY, how happY , the songs that we bring: HappY , how happY , our praises each day. How beauti ful how to walk  in HappY , above. the happY , our journey Happy, how happY, our   place at His side. [NEWLINE] steps of the Sav iour,   Stepping in the light, Stepping in the light; How [NEWLINE] beauti ful to walk in the steps   of   the Saviour, Led in paths of light: [NEWLINE] FF6F"
299,https://hymnary.org/page/fetch/SSSH1989/299/high,[This image is under copyright]
300,https://hymnary.org/page/fetch/SSSH1989/300/high,"Follow On [NEWLINE] w. 0. CUSHING [NEWLINE] ROBERT LOWRY [NEWLINE] 1. Down in the valley with my Saviour [ would g0, Where the flow 'rS are 2 Down in the valley with my Saviour [ would go, Where the storms are 3. Down in the valley, Or up on the mountain steep, Close beside my [NEWLINE] bloomL -ing and the sweet waters flow; sweeping and the dark waters flow; Saviour would my soul ev er keep; [NEWLINE] Ev 'rywhere He leads me I would With His hand t0   lead me I will He will   lead me safe ly in the [NEWLINE] follow, follow on, Walking in His   footsteps till the crown be won. never, never fear, Danger cannot  fright me if my Lord is near. path that He has trod, Up to where they gather on the hills of God. [NEWLINE] Follow! fol lowl [ would follow Je sus! Any-where, ev 'rywhere, [NEWLINE] ) would   follow on! Fol low! fol lowl would fol low"
301,https://hymnary.org/page/fetch/SSSH1989/301/high,"AAA [NEWLINE] Je sus! Ev 'rywhere He leads me 1 would fol low on! [NEWLINE] Close to Thee [NEWLINE] FANNY J. CROSBY [NEWLINE] SILAS J. VAIL [NEWLINE] 1. Thou, my ev er last ing pOrtion, More than   friend or life to me; 2. Not for ease or worldly pleas ure , Nor for   fame my prayer shall be; 3. Lead me through the vale of shad OWS, Bear me 0'er life's fit ful sea; [NEWLINE] Fine [NEWLINE] AlI a long my pil grim jour ney, Sav iour, let me walk with Thee. Gladly will toil and suf fer, On ly let me walk with Thee. Then the gate of life ter nal May [ en ter; Lord, with Thee. [NEWLINE] DS. al fine [NEWLINE] Close to Thee, close to Thee, Close to Thee, close to Thee;"
302,https://hymnary.org/page/fetch/SSSH1989/302/high,"More Like the Master CHARLES H. GABRIEL CHARLES H. GABRIEL [NEWLINE] 1. More like the Master [ would ev er be, More of  His  meekness, 2 _ More like the Master is my dai ly prayer; More strength to car ry 3. More like the   Master [would live and grow; More of   His love to [NEWLINE] R more humil-i ty; More zeal to labor, more courage to be true; crosses [ must bear; More earnest effort to rescue souls from   sin; others I would show; More self deni al, like His  in Gali lee, [NEWLINE] BH# [NEWLINE] More conse cration for work He bids me do. More of His Spirit, the wander-er to win: More like the   Master I long to ev er be [NEWLINE] Take Thou my [NEWLINE] Take my heart, 0 [NEWLINE] heart, 1 would be Thine a lone; Take Thou my  heart and take my heart; [ would be Thine alone; Take my heart; 0 take my heart and [NEWLINE] make it all Thine own; Purge me from sin, Lord, I now immake it all Thine own; Purge Thou me from ev- 'ry' sin, 0 Lord,"
303,https://hymnary.org/page/fetch/SSSH1989/303/high,"Wash me and keep me Thine forev-er more. plore, Wash and keep, 0 wash and keep me Thine forev-er more . now implore, [NEWLINE] Something for Thee 299 SYLVANUS D. PHELPS ROBERT LOWRY [NEWLINE] L. Sav iour, Thy dy ing love Thou gav est me, 2. At the  blest mer cy seat, Plead ing for me, 3. Give a faith ful heart ~~Like ness to Thee me 4, AlI that am and have -~Thy gifts SO free [NEWLINE] Nor should [ My fee ble That each de In joy, in [NEWLINE] Lord, from Thee: In love my soul would bow, My heart ful aught withhold, Dear Je suS, to Thee: Help me the cross to bear, Thy wondrous faith looks up, day hence forth may see Some work of love be gun, Some deed of part ing Lord, for Theel Andwhen Thy face [ see, My   ransomed grief, thro' life, Dear [NEWLINE] fill its VOw, Some off' 'ring bring Thee now, Some thing for Thee. love declare, Some song to raise , Or prayer, Some thing for Thee. kindness done, Some wand 'rer sought and won, Some thing for Thee. ter ni ty, Some thing for Thee. A men_ soul shall be, Through all"
304,https://hymnary.org/page/fetch/SSSH1989/304/high,"Ashamed of Jesus JOSEPH GRIGGS EDWIN 0. EXCELL [NEWLINE] 1. Je suS and shall it ev er be, A mor 2. A tal shamed of Je sus! soon er far Let 3. eve ning Ashamed of Je sus! that dear  Friend, On whom 4. Ashamed my of Je sus! yes, may, When [ ve no [NEWLINE] Hl [NEWLINE] man a shamed of Thee? A shamed of Thee, whom blush to own a star; He sheds the beams of hopes of Heav'n de pend? Nol when 1 blush be guilt to wash a way, No tear to wipe, no [NEWLINE] RVd [NEWLINE] an [NEWLINE] gels praise, Whose glo ries   shine through end less days? light di vine 0'er this be night ed soul of mine. this my   shame, That no more re vere His name. good to  crave, No fears to quell, no soul to save. [NEWLINE] V A shamed of Je suS, never, 1 never will shamed of Je suS, ashamed  of Je suS, # 0 [NEWLINE] be; never will be; [NEWLINE] For Je suS, my Je sus my Sav iour, for 6)"
305,https://hymnary.org/page/fetch/SSSH1989/305/high,"Sav iour is not Je SUS, my Sav iour [NEWLINE] a shamed of me. [NEWLINE] Sweet Hour of Prayer 301 WILLIAM W. WALFORD WILLIAM B. BRADBURY [NEWLINE] 1. Sweet hour of prayer! sweet hour of prayer! That calls me from a world of care, Thywings shall my pe ti tion bear 2. Sweet hour of prayer! sweet hour of prayer!- sweet hour of prayer! May 1 thy con SO la tion share, 3 . Sweet hour of prayer! [NEWLINE] bids at Fa ther's throne Make all my wants and  wish es known; And me my To Him whose truth and  faith ful ness En gage the wait ing soul to bless; Till, from Mount Pisgah's   loft y height, [ view   my Home, and take my flight: [NEWLINE] sons of dis tress and grief, My soul has of ten found re lief, In sea And   since He bids me seek His   face , Be lieve His Word and trust His grace , This robe of flesh II drop, and rise To seize the ev er last ing prize; [NEWLINE] And oft escaped the tempter'$ snare By thy return, sweet hour of prayer. FI cast on Him my ev ry care, And wait for thee, sweet hour of prayer. And shout; while passing through the air, Farewell,  farewell, sweet hour of prayer."
306,https://hymnary.org/page/fetch/SSSH1989/306/high,"Sweet Will of God LEILA N. MORRIS LEILA N. MORRIS [NEWLINE] 1. My stubborn will at last hath yield ed; I would be Thine, and 2. Im tired   of sin , footsore and wea Ty, The darksome   path 3 hath Thy precious will, O con qu 'ring Sav iour, Doth now em brace and 4_ Shut in with  Thee, 0 Lord, for ev er, My wayward feet no [NEWLINE] Thine a lone; And this the prayer drear y grown; But now a light com pass me; AlI discords  hushed, more to roam; What pow'r from Thee [NEWLINE] my lips are bringing, has ris 'n to cheer me; my peace a riv er, my soul can sev er? [NEWLINE] ~Lord, let in me Thy will be done. 1 find in Thee my Star, my Sun: My soul a prisoned bird set free_ The center of God' s will my home. [NEWLINE] Sweet will of God, still [NEWLINE] fold me clos er, Till [NEWLINE] am whol ly lost in Thee; Sweet [NEWLINE] will [NEWLINE] of [NEWLINE] God, still fold [NEWLINE] me [NEWLINE] clos er, Till"
307,https://hymnary.org/page/fetch/SSSH1989/307/high,"am whol [NEWLINE] ly [NEWLINE] lost [NEWLINE] in Thee. [NEWLINE] My Faith Looks Up to Thee 303 RAY PALMER LOWELL MASON [NEWLINE] 1 My faith   looks up to Thee, Thou Lamb of Cal va Ty, 2. May Thy rich grace im part Strength to my faint ing heart; 3. While   life' $ dark maze I tread, And griefs round me spread, 4. When   ends   life' s tran sient dream, When death '$ cold sul len   stream 2 [NEWLINE] Sav iour di vinel Now hear me while 1 pray, Take all my My zeal in spire; As Thou hast died for me_ may my Be Thou my Guide; Bid darkness tum to day, Wipe sOr row' $ Shall 0 er me roll; Blest Saviour, then, in love, Fear and dis [NEWLINE] guilt away, let me from this day Be whol ly Thinel love to Thee Pure, warm, and changeless be, A liv ing firel tears a way, Nor let me ev er stray From Thee a side. trust remove; bear me safe above, A ran somed soull"
308,https://hymnary.org/page/fetch/SSSH1989/308/high,"Nothing Between C A: TINDLEY C.A: TINDLEY Arranged by F.A. Clark [NEWLINE] 1 Nothing between soul and the Sav iour, Naught of this world $ de _ my 2. Nothing between like world ly   pleas ure; Hab its of life,  though 3_ Nothing between, like pride Or like sta tion; Self Or friends shall 4  Nothing between, e'en man y hard tri als, Though the whole world a [NEWLINE] # 73 lu sive dream: 1 have renounced all sin ful pleasure, harmless they seem, Must   not my heart from Him ev er sev er in ter vene; Though it may cost me much trib u la tion, not con Watching with prayer and much self de ni al, 1IL gainst me vene; [NEWLINE] RHEN*RR Je suS is mine, there'$ nothing   between: He is my all, there's nothing between: Nothing between my soul and the I am resolved, there'$ nothing between triumph at   last, with nothing between: [NEWLINE] 7 FHDX] Saviour, So that His blessed face may be seen; Nothing prevent-ing the [NEWLINE] EA #EH least of His fa VOr, Keep the way   clear! Let noth ing be tween:"
309,https://hymnary.org/page/fetch/SSSH1989/309/high,"Yield Not to Temptation 305 HORATIO R PALMER HORATIO R; PALMER [NEWLINE] tion , For   yielding is sin, Each vict'ry will 1. Yield not to   temp_ ta ions, Bad language dis dain, God's   name hold in 2. Shun e vil compan him that 0'ercom eth God giv eth a crown, Through faith we shall 3. To [NEWLINE] to win; Fight manful ly on ward, help you Some oth er Nor take it in vain; Be thoughtful and ear nest, rev rence, down; He who is our Sav iour; con quer, Though of ten cast [NEWLINE] Dark passions subdue, Kindheart-ed and true, Look ever t0 Je suS, He will carry you through: Our strength will re new [NEWLINE] Ask the Sav iour to help you, Comfort, strengthen, and keep you, [NEWLINE] XN He is will ing to aid you, He will car ry you   through:"
310,https://hymnary.org/page/fetch/SSSH1989/310/high,"306 Have Thine Own Way, Lord? ADELAIDE A. POLLARD GEORGE C. STEBBINS [NEWLINE] 1 Have Thine own way , Lord! Have Thine own way! 2 Have Thine own way, Lord! Have Thine own way! 3_ Have Thine Own way, Lord! Have Thine own waye 4, Have Thine own way, Lord! Have Thine own way! [NEWLINE] Thou art the Search me and Wounded and Hold 0 'er my [NEWLINE] Pot ter; 1 am the clay: try me, Master; to day! wea Ty , Help me, I pray! be ing Ab sOlute sway! [NEWLINE] Mold me   and make me Af ter Thy Whit er than snow, Lord, wash me just Power all pow er Sure ly is Fill with Thy Spir it Till all shall [NEWLINE] will [NEWLINE] While [ am wait ing; Yielded and still. As in Thy pres ence Humbly I bow. Touch me and heal me, Saviour di vinel Christ on ly, al ways, Liv ing in mel [NEWLINE] now, Thinel [NEWLINE] see [NEWLINE] Copyright 1907.' Renewal 1935 extended by George C  Stebbins . Assigned to Hope Publishing Co. All rights reserved. Used by permission. [NEWLINE] Jesus Calls Us Mrs. CECIL F ALEXANDER WILLIAM H. JUDE [NEWLINE] 1. Je sus calls uS; 0'er the tu mult Of our life's wild, restless sea, 2. Je sus calls uS from the wor ship Of the vain world 'S golden store, 3. In our joys and in our SOrrowS Days of toil and hours   of ease, 4. Je sus calls uS: by Thy mer cies, Saviour, may we hear Thy call,"
311,https://hymnary.org/page/fetch/SSSH1989/311/high,"Day by day His sweet voice sound eth,  Saying; ""Christian,  fol low Me. From each dol that would keep uS, Saying, ""Christian,  love Me more. Still He calls, in cares and pleas ures, ""Christian, love Me more than these. Give our hearts to Thy bedience, Serve and love Thee best   of all; [NEWLINE] I Surrender AlI 308 JUDSON W. VAN DeVENTER WINFIELD S. WEEDEN [NEWLINE] 1. AII to Je suS 1 2. All to Je suS 3. AlI to JesuS 4. AII to Je sus [NEWLINE] surren-der; AlL to Him I free ly give; surren-der; Hum bly at His feet 1 bow, surren-der; Make me, Saviour, wholly Thine; surren-der; Lord, 1 give my self to  Thee; [NEWLINE] will ev er love and trust Him, In His presence dai ly live. World ly pleasures all forsak en, Take me, Jesus, take me now Let me   feel the Ho ly Spir it Tru ly know that Thou art  mine. Fill me with   Thy love and pow er, Let Thy blessing fall on me. [NEWLINE] surren-der all, I surren-der all, [NEWLINE] surren-der all. I surren-der all. [NEWLINE] AIL to  Thee, my bless ed Sav iour, [NEWLINE] sur ren der all: [NEWLINE] Favorite song of Dr. Fred D. Jarvis."
312,https://hymnary.org/page/fetch/SSSH1989/312/high,"Dare to Be a Daniel [NEWLINE] PHILIP P. BLISS [NEWLINE] PHILIP P. BLISS [NEWLINE] Standing by a purpose true, Heeding God'$ command, Honor   them, the 2 Man y mighty men are lost, Dar ing not to stand, Who for God had 3_ Man y giants, great and tall,  Stalking through the land, Headlong to the 4. Hold the   gospel banner high! On to vict'ry grand! Sa tan and his [NEWLINE] faithful fewl AlI hail to Daniel's Band! been a host, By joining Daniel's Band! earth would fall, If met by Daniel's Band! host de fy, And shout for Daniel's Bandl [NEWLINE] Dare to be a Dan iel, [NEWLINE] #ppp# [NEWLINE] Dare t0 stand a lonel Dare to have a purpose firm! Dare to make it known! [NEWLINE] Footprints 0f Jesus MARY B. C. SLADE ASA B. EVERETT [NEWLINE] 1. Sweet Iy, Lord; have we heard Thee calling, ""Come, follow Mel "" And we 2. Though they lead 0'er the cold, dark mountains, Seek- -ing His sheep; Or a 3. If they lead through the tem ple ho ly,  Preaching the Word, Or in 4. Then at last, when on high He sees uS, Our   journey done, We will"
313,https://hymnary.org/page/fetch/SSSH1989/313/high,"see where Thy footprints falling Lead us to Thee. long by Si lo am '$ fountains, Helping the weak: Footprints of Je sus, that homes of the poor  and lowly, Serv- -ing the Lord: rest where the   steps of JesuS End at His throne_ [NEWLINE] Tdd [NEWLINE] make the pathway glow! We will follow the steps  of Je sus   where'er they go. [NEWLINE] AlI for Jesus [NEWLINE] MARY D. JAMES [NEWLINE] Anonymous Arranged [NEWLINE] 1. AII for Je sus! all for Je sus! AII my being's  ransomed pow'rs: 2. Let my hands perform His bid ding; Let my feet run in His ways; 3. Since my eyes were fixed on Je SuS, Tve lost   sight of all be side; 4. 0 what wonder! how a maz ing! Je suS, glorious King of   kings, [NEWLINE] AII my tho'ts and words and do ings, AlI my days and all my hours. Let my eyes see Je _ suS on ly, Let my lips speak forth His praise. So enchained my   spirit' $ vi sion, Look =ing at the Cru ci fied:. Deigns to call me His be lov ed, Lets me rest beneath His wings.  [NEWLINE] All for Je ~sus!   all for Jesus! AIL my days and all my hours; hours. All for Jesus! all for Jesus! Let my   lips speak forth His praise; praise. AlI for Jesus! all for Jesus! Looking at the Cruci fied; fied_ AlI for Je ~sus!  all for Jesus! Resting now beneath His wings; wings."
314,https://hymnary.org/page/fetch/SSSH1989/314/high,[This image is under copyright]
315,https://hymnary.org/page/fetch/SSSH1989/315/high,[This image is under copyright]
316,https://hymnary.org/page/fetch/SSSH1989/316/high,[This image is under copyright]
317,https://hymnary.org/page/fetch/SSSH1989/317/high,[This image is under copyright]
318,https://hymnary.org/page/fetch/SSSH1989/318/high,"Give Me Thy Heart ELIZA E. HEWITT WILLIAM J. KIRKPATRICK [NEWLINE] 1, ""Give Me thy heart;' says the Fa ther a bove No gift SO pre cious t0 2, ""Give Me  thy heart;,' says the Sav iour of men, Call ing in mer cy a 3. ""Give Me   thy heart;' says the Spirit di vine; AlL  that  thou  hast to My [NEWLINE] Him as our love; Soft ly He whis pers wher ev er thou art, gain and a gain; ""Trust in Me on ly, IIl nev er de part keeping re sign; Grace more abound ing is Mine to im part [NEWLINE] ""Grate fully trust Me and give Me thy heart.' Have 1 not died for  thee? give Me thy heart. ""Give Me thy heart, Make fullsur ren der and give Me thy heart. N [NEWLINE] Give Me   thy heart HHear the soft whisper, wher ev er thou art; From this dark [NEWLINE] world He would draw thee apart, Speaking so ten derly, ""Give Me thy heart."
319,https://hymnary.org/page/fetch/SSSH1989/319/high,[This image is under copyright]
320,https://hymnary.org/page/fetch/SSSH1989/320/high,"0 to Be Like Theel THOMAS 0. CHISHOLM WILLIAM J. KIRKPATRICK [NEWLINE] to be like Theel blessed Re deem er, This is my con stant 2 0 to be like Theel full of com pas sion, Lov- -ing; for 3 0 giv ing, to be like Theel low ly in spir it, Ho ly and harm less, 4. 0 to be like Theel Lord, 1 am com ing; Now to re ceive a 5 0 to be like Theel while  am plead ing; Pour out Thy Spir it, [NEWLINE] long-! ing and prayer; Gladly 1I for feit all of earth '$ treas ures, ten der  and kind Helping the help less, cheering the faint ing; pa tient and brave; Meekly en dur ing cru el re proach es, nointing di vine; AII that 1 am and have 1 am bring ing: fill   with Thy love; Make me tem ple meet for  Thy dwell ing; [NEWLINE] JeSuS, Thy per fect likeness to wear_ Seek-= -ing the wan d' 'ring sin ner to find_ Willing to suf fer Oth ers to save. Lord, from this mo ment all   shall be Thine. Fit me for life and Heaven a bove. [NEWLINE] to be like Theel [NEWLINE] to be like   Thee, Blessed Re deem er, pure as Thou art; Come in Thy [NEWLINE] sweetness, come in Thy fullness; Stamp Thine own image deep on my heart ."
321,https://hymnary.org/page/fetch/SSSH1989/321/high,"Where He Leads I'Hl Follow 321 WILLIAM A. OGDEN WILLIAM A. OGDEN [NEWLINE] is es, Kind is the word, Dearer far   than 1. Sweet  are the prom is the ten der love Je sus hath   shown, Sweeter far than 2. Sweet 3. List to His   lov ing words, ""Come un to Me' Wea ry, heavY [NEWLINE] man ev er heard; Pure was the mind of Christ;, an y message an love that mor tals have known; Kind to the err ing one, y la den, there is sweet rest for   thee; Trust in His prom is es, [NEWLINE] pix; [NEWLINE] Sin less see; He the great ex ample is, and pat tem for me. Faithful is He; He the great ex am ~ple is, and pat tem for me Faithful and sure; Lean up on the Saviour, and thy soul is secure. [NEWLINE] Pxe [NEWLINE] Where He leads I'IL fol low_ Where He leads I II fol low, Where He leads I IL fol low, [NEWLINE] 4 V Fol low all the way. Follow all the way, yes, follow all the way. [NEWLINE] Follow Jesus ev-'ry day. [NEWLINE] #W5WF [NEWLINE] 0F4FH"
322,https://hymnary.org/page/fetch/SSSH1989/322/high,"Living for Jesus THOMAS 0. CHISHOLM C. HAROLD LOWDEN [NEWLINE] 1. Liv_ ing for Je suS a life that is true, 2 Liv ing for Je suS who died in my place, 3_ Liv _ ing for Je suS wher ev er am, 4. Liv ing for Je suS through earth '$ lit tle while, [NEWLINE] Striving t0 Bearing on Do ing each My dear est [NEWLINE] please Him in all that do; Cal Vry my sin and dis grace; du ty in His ho ly name; treasure , the light of His smile; [NEWLINE] Yielding al legiance, glad Such love con strains me to Will ing to suf fer af Seek ing the lost ones He [NEWLINE] hearted and free, This is the pathway of blessing for me. answer His call, Fol low His leading and give Him my all. fliction and loss, Deeming each tri al a part of my cross_ died to re deem, Bring-! ing the wea Ty t0 find rest in Him. [NEWLINE] Je sus, Lord and Sav iour, [NEWLINE] give  my self to Thee, For [NEWLINE] Thou, in Thy a tonement; Didst give Thy ~ self for me; [NEWLINE] Copyright 1917, The Rodeheaver Co , Owner; Copyright renewed 1945 by The Rodeheaver Co: Used by Permission."
323,https://hymnary.org/page/fetch/SSSH1989/323/high,"Mas ter, My heart   shall be Thy throne, My own no oth er [NEWLINE] life give, hence forth to live, [NEWLINE] Christ,  for Thee a lone. [NEWLINE] More About Jesus 323 JOHN R. SWENEY [NEWLINE] ELIZA E. HEWITT [NEWLINE] 1. More   about Je sus   would 1 know, More of His grace to oth ers show; 2 More about Je sus let me   learn, More  of His ho ly will discer; 3 More   about Je sus; in His Word, Holding commun ion   with my Lord; 4 More   about Je suS on His throne , Riches   in Glory all His own; [NEWLINE] Fine [NEWLINE] More   of His   sav ing full ness see, More f His love who died for me_ Spir it of God, my Teacher be, Showi -ing the things of Christ to me. Hearing His voice in ev ry line, Making each faith ful say ing mine. More of His kingdom '$ sure increase; More of His com ing; Prince   of Peace. [NEWLINE] His sav ing full ness see, More of His love who died for me DS: More of DS: al fine [NEWLINE] more 4 - bout Je suS, More , more a bout Je sus; More ,"
324,https://hymnary.org/page/fetch/SSSH1989/324/high,"Draw Me Nearer FANNY J . CROSBY WILLIAMH DOANE [NEWLINE] 1. I am   Thine, 0 Lord, [ have heard  Thy  voice, And it told 2. Con se crate me now t0 Thy ser vice, Lord, Thy By the r 3. 0 the pure de light of a sin gle hour That Pore be 4. There are   depths of love that 1 can not know Till they  cross [NEWLINE] love to me; But 1 long to rise in the arms of  faith, And be grace di vine; Let my soul look up with a steadfast hope, And my throne 1 spend, When [ kneel in prayer; and with Thee, my God, I comnar row sea; There are heights of joy that I may not reach Till 1 [NEWLINE] Ji [NEWLINE] clos er drawn to Thee. will be lost in Thine. Draw me near er, nearer, blessed mune as friend with friend! rest in near er, peace with Thee. near er, [NEWLINE] Lord, To the crOSS where Thou hast died; Draw me near er, near er, [NEWLINE] BB [NEWLINE] near er, blessed   Lord, To Thy pre cious bleed ing side."
325,https://hymnary.org/page/fetch/SSSH1989/325/high,"Trust and Obey 325 DANIEL B. TOWNER [NEWLINE] JOHN H. SAMMIS [NEWLINE] In the light of His Word, What a glo ry He 1. When we walk with the Lord rise , Not a cloud in the skies, But His   smile quickly 2. Not a shadOw can Not a SOrrow we share, But our toil He doth 3. Not a burden we bear, lights   of  His love Un til all on the 4 But we nev er can prove The de sit at His feet, Or  we 'Il walk by His 5 Then in fel low ship sweet We will [NEWLINE] do His good will, He a bides with uS still, sheds on our way!   While we Not doubt or a fear, Not a sigh nor a tear, drives it a way; a Not a grief nor a loss, Not a frown nor a cross, rich ly re pay; For   the fa vor He shows, And the joy He be stows, al tar we Jay; What He we will do, Where He sends we will side in the way; says g0 [NEWLINE] And with all who will trust and bey: Can a bide while we   trust and bey: is blest   if we trust and bey. Trust and 6 bey, for there' $ no oth But er Are   for them who will trust and bey: Never fear, only trust and bey: [NEWLINE] To be hap in Je sus, But to trust and way py [NEWLINE] bey."
326,https://hymnary.org/page/fetch/SSSH1989/326/high,"326 W. A. WILLIAMS [NEWLINE] Christ Is AII W.A. WILLIAMS [NEWLINE] 1.[ entered once a home   of care, For age and pen u were 2. [ stood be side a dy ing bed, Where Iay a child with ach - 3. ing 1 saw the mar tyr at the stake, The flames could not his cour 4_ 1 saw the gos pel her ald g0 To Afric' $ sand and Groenland' $ 5. [ dreamed that hoar y time had fled, And earth and sea gave their 6. Then come to Christ, come to day, The Father,  Son, ad Spir"" it [NEWLINE] there, Yet head, Wait shake, Nor snow, To dead, A say; The [NEWLINE] peace and joy with al; asked the ing for Je suS call; marked his death his soul ap pall; asked him save from Sa tan 's   thrall; Nor home nor fire dis solved this ball; 1 saw the Bride re peats the call; For He will [NEWLINE] lone ly moth er whence Her   help less wid Ow hood' $ de smile, 'twas sweet as May, And as his spir it passed a whence his strength was giv 'n He looked tri umph ant ly to life he count ed dear, Midst wants and per ils owned no chur ch's ran Somed throng, [ heard the bur den of their cleanse your guil ty stains, His love will soothe your wea ry [NEWLINE] fense; [NEWLINE] She He And He 'Twas [NEWLINE] told me, ""Christ is all; whispered, ""Christ is all. answered, ~Christ is all; felt that ""Christ is all: ""Christ is all in all ""Christ is all in all; [NEWLINE] Christ is Christ is Christ is Christ is Christ is Christ is [NEWLINE] way, Heav 'n, fear, song; pains, [NEWLINE] For"
327,https://hymnary.org/page/fetch/SSSH1989/327/high,"all, all, all, all, all, all, [NEWLINE] all in all, She told me; ""Christ is all;"" all in all, He whis pered; ""Christ is all; all in all, And an swered; ""Christ is all: all in all He felt that ""Christ is all: all in all, 'Twas ""Christ is all in all: all in all For ""Christ is all in all: [NEWLINE] Higher Ground 327 JOHNSON OATMAN, JR; CHARLES H. GABRIEL [NEWLINE] 1 Im pressing on the upward way, New heights I'm gaining ev ry day; 2 My heart has no de sire to stay   Where doubts arise and fears dismay; 3. [ want t0 live above the world, Tho Satan ' $ darts at me are hurled; 4 1 want to scale the utmost   height, And catch a   gleam of Glory bright; PH [NEWLINE] Still praying as Im onward bound; ""Lord, plant my feet on higher ground. Tho' some may dwell where these abound, My prayer, my aim is high er ground. For  faith has caught the joy ful   sound, The song of saints on high er ground:. But still [I1 pray till Heav 'n ['ve found, ""Lord, lead me on to higher ground. [NEWLINE] Lord, lift me up and let me stand, By faith, on Heaven S ta ble land, 54 A [NEWLINE] TY 4 A high er   plane than I have   found; Lord, plant my feet on   higher ground. 255"
328,https://hymnary.org/page/fetch/SSSH1989/328/high,"I Want That Mountain! BILL HARVEY BILL HARVEY [NEWLINE] saw the giant of   Prayerless ness up on the mountain 2. There was a giant of Laz ness who said wouldn't 3 One faith less giant up on the crest of Hebron ' s loft y 4. Let ev 'T gi ant of dis tress and un be lief and [NEWLINE] high; He laughed So hard at my un bend ed knee. And wit ness for the One who set me free . g0 height Has vowed that he ' $ the one to make me flee. sin Get read y now to va cate , for you see: [NEWLINE] No FII FI Fve [NEWLINE] long er in the wil der ness TI stay, and SO Cry: come from out the wil der ness, I'Il wit ness now 1 know; climb from out the wil der ness And trust Je ho vah '$ might! come from out the wil der ness! I know Im going to win! [NEWLINE] want that mountain , It be longs t0 mel want that mountain, It be longs to mel want that mountain, It be longs to mel want that mountain, It be longs to mel [NEWLINE] want that [NEWLINE] 1#4 mountain! 1 want that mountain! [NEWLINE] Where the milk   and hon ey"
329,https://hymnary.org/page/fetch/SSSH1989/329/high,"flow, Where the   grapes of Esh col grow. 1 want that mountain! [NEWLINE] 1 want that mountain! The mountain that my Lord has giv en me. [NEWLINE] Take Time to Be Holy 329 WILLIAM D. LONGSTAFF GEORGE C. STEBBINS [NEWLINE] 1. Take time to be ho ly, Speak oft with thy Lord; A bide in Him 2. Take time to be ho ly, The world rushes on; Spend much time in 3. Take time to be ho ly, Let Him be   thy Guide; And run  not be- 4 Take time to be ho ly, Be calm in thy soul; Each thought and each [NEWLINE] al ways, And feed on His Word. se cret With Je suS a lone; fore Him, What ev er be tide; mo tive Be neath His con trol; [NEWLINE] Make friends of God $ chil dren; By look- -ing to Je suS, In joy Or in SOr row Thus led by His Spir it [NEWLINE] Help those who are weak; For getting in noth ing His  blessing to seek. Like Him thou shalt be; Thy friends in thy con duct His   likeness shall see. Still follow thy Lord, And looking to Je suS, Still trust in His Word. To fountains of  love, Thou soon shalt be fit ted For service a bove."
330,https://hymnary.org/page/fetch/SSSH1989/330/high,"I Would Be Like Jesus JAMES ROWE BENTLEY D. ACKLEY H#6 HXJE [NEWLINE] 1. Earth ly pleasures vainly call me; 1 would be like Je suS; 2. He has bro ken ev ry fetter; would be like Je sus; 3. AlI the way from earth to Glo ry , would be  like Je suS; 4 That in Heaven He may meet me, would be like Je suS; would be like Je sus; # [NEWLINE] Nothing world ly shall enthrall me; would be like Je suS. That my  soul   may serve Him bet ter, would be like Je suS. Telling 0'er and 0'er   the sto ry, would be like Je suS. That His words, ""Well done;' may greet me, I would be like Je suS. would be like Je suS. [NEWLINE] 74]H4} Be like Je SuS, this my song; In the home and in the   throng; [NEWLINE] 4 Be like Je suS all day long! would be like Je suS. [NEWLINE] Copyright 1912, Hope Publishing Co. Copyright Renewed 1940 (extended), The Rodeheaver Co , Owner: Used by Permission."
331,https://hymnary.org/page/fetch/SSSH1989/331/high,[This image is under copyright]
332,https://hymnary.org/page/fetch/SSSH1989/332/high,"Channels Only MARY E: MAXWELL ADA R. GIBBS [NEWLINE] 1. How [ praise Thee, precious Sav iour, That Thy love laid hold of me; 2. Emptied that  Thou   shouldest   fill me; A clean ves sel in Thy hand; 3. Witness ing Thy pow r to save me, Set ting free from self  and   sin; 4. Je suS, fill now with Thy   Spir it Hearts that full sur ren der know; [NEWLINE] Thou hast  saved and cleansed and filled me That might Thy channel be. With no pow' r but as   Thou giv est   Gracious ly with each command, Thou who boughtest to poS sess me, In Thy full ness, Lord, come in. That the streams   of liv ing wa ter From our in ner man may flow. [NEWLINE] Channels on ly, blessed Mas ter, But with all Thy wondrous pow'r p50 [NEWLINE] Flowing through US, Thou canst use uS Ev 'ry day and ev ry   hour: 2+6P 6"
333,https://hymnary.org/page/fetch/SSSH1989/333/high,"Give Me Jesus 333 JOHN R. SWENEY [NEWLINE] FANNY J. CROSBY [NEWLINE] 1. Take the world, but give me Je suS, AlI its joys are but a name; 2 Take the world, but   give me Je suS, Sweetest com fort of my soul; 3 Take the world, but   give me Je SUS, Let me view His constant  smile; 4 Take the world, but   give me Je suS, In His cross my trust shall be; [NEWLINE] But His love a bid eth ev er, Through e ter nal   years the same_ With Sav iour  watching 0 er me, can sing though billows roll: my Then throughout my pil ~grim jour ney Light will cheer me all the   while. Till, with   clear er, brighter vi sion, Face to face my Lord see. [NEWLINE] the height and depth of mercy! 0 the   length and breadth   of lovel [NEWLINE] 0} the full ness of re demption, Pledge of end less   life a bovel"
334,https://hymnary.org/page/fetch/SSSH1989/334/high,"Make Me a Blessing IRA: B. WILSON GEORGE S. SCHULER [NEWLINE] 1. Out in the highways and by ways of life, 2. Tell the sweet Sto ry of Christ and His   love, 3 Give as 'twas giv en to you in your need, [NEWLINE] Man y are Tell of His Love as the [NEWLINE] wea ry and sad; are wea Ty and sad; pow r to for give; His pow r to for give; Master   loved you; the Mas ter   loved you; [NEWLINE] Car ry the sunshine where  darkness is [NEWLINE] Oth ers will   trust Him if on ly you [NEWLINE] Be to the helpless a helper in [NEWLINE] rit_ [NEWLINE] Men or Unison [NEWLINE] rife, Making the sorrOw ing glad. prove True, ev-'ry moment you live. deed, Un to your mission be true. [NEWLINE] Make me a bless ing, [NEWLINE] Copyright 1924 by George $. Schuler: @ Renewed by George S. Schuler: The Rodeheaver Co , owner. Used by Permission."
335,https://hymnary.org/page/fetch/SSSH1989/335/high,"Women [NEWLINE] Make me a bless ing, Out [NEWLINE] of my life may Out of my life [NEWLINE] Men [NEWLINE] Unison [NEWLINE] rit. [NEWLINE] Je [NEWLINE] suS [NEWLINE] shine; [NEWLINE] Make me [NEWLINE] a bless [NEWLINE] Women [NEWLINE] Parts [NEWLINE] ing; 0 Sav [NEWLINE] iour, [NEWLINE] pray. Make me pray Thee, my Sav iour, [NEWLINE] Tenors [NEWLINE] ad lib. [NEWLINE] bless ing [NEWLINE] to [NEWLINE] some [NEWLINE] one [NEWLINE] to [NEWLINE] day;"
336,https://hymnary.org/page/fetch/SSSH1989/336/high,"If Jesus Goes With Me C. AUSTIN MILES C. AUSTIN MILES [NEWLINE] 1. It may be in the val ley, where countless dan gers hide; It 2. It may be 1 must car ry the bless ed Word of Life A 3_ But if it be my por tion to bear my cross at home, While 4. It is not mine to ques tion the judgments of my Lord It [NEWLINE] may be in the sun shine that I in peace, a bide; crosS the bum ing des erts to those in sin ful strife; oth ers bear their bur dens be yond the bil low' s   foam; is but   mine to fol low the lead ings of His Word; [NEWLINE] But And II But [NEWLINE] this one thing 1 know if it be dark Or fair, If Je sus is though it be my lot to bear my col Ors there , If Je suS   goes prove my faith   in Him con fess   His judgment fair, And, if He stays if to g0 or stay, Or whether here or there , III be; with my [NEWLINE] Copyright 1908, The HallMack Co. Renewed 1936 (extended), The Rodeheaver Co. Owner; Used by Permission:"
337,https://hymnary.org/page/fetch/SSSH1989/337/high,"with me, TI go an where! with me, 1II g0 an y wherel with me, FI g0 an y wherel Sav iour, Con tent an y where! [NEWLINE] If Je suS goes with me, ['Il [NEWLINE] #/ g0 An ywherel 'Tis Heaven to me, Where' re 1 may be, If TII g0 [NEWLINE] He is therel [NEWLINE] count it a [NEWLINE] priv ilege here His cross to His cross, His cross, His A [NEWLINE] bear; [NEWLINE] If Je suS goes with me, IIl g0 An y wherel cross to bear; J66;"
338,https://hymnary.org/page/fetch/SSSH1989/338/high,"Constantly Abiding MRS. WILL L. MURPHY MRS. WILL L. MURPHY [NEWLINE] 13 There S a peace in my heart that the world nev er gave, A 2 AlI the world seemed to sing of a Sav iour   and King; When 3_ This treas ure have in tem ple of clay, While [NEWLINE] peace it can not take a way; peace sweet ly came to my heart; here on His foot stool roam; [NEWLINE] Tho the tri als of Trou bles all fled a But He'$ com ing to [NEWLINE] life may sur round like a cloud, I ve a peace   that has come there to way and my night tumed to day, Bless ed Je suS, how glo rious Thou take me some glo ous day, 0 ver there to my heav en ly [NEWLINE] stay! art! Homel [NEWLINE] Con [NEWLINE] stant ly a bid [NEWLINE] ing, Constant-ly abid ing; constant-ly a bid ing;"
339,https://hymnary.org/page/fetch/SSSH1989/339/high,"Je [NEWLINE] suS is mine; [NEWLINE] Con [NEWLINE] stant ly a [NEWLINE] Je sus  is   mine, yes, Je suS is   mine, Constant-ly a bid ing; [NEWLINE] Rh 1 [NEWLINE] bid [NEWLINE] rap [NEWLINE] ture, di vine; [NEWLINE] ing; constant ly a bid ing; rap ture di vine, 0 rap ture di vine; [NEWLINE] He [NEWLINE] nev er leaves me lone [NEWLINE] ly, whispers, SO nev er leaves   me lone ly, whispers,   whispers, [NEWLINE] He nev er leaves me, [NEWLINE] kind: [NEWLINE] M will nev er leave thee, Je suS  is mine 0 SO kind: nev er leave   thee,' Je suS, Je sus is mine."
340,https://hymnary.org/page/fetch/SSSH1989/340/high,"337 Ho! Every One That Is Thirsty LUCY J. RIDER LUCY J. RIDER [NEWLINE] 1. Hol ev ry one that is thirst y in spir it, Hol evry 2. Child of the world, are you tired of your bon dage? Wea Ty of 3_ Child of the king dom, be filled with the Spir it, Noth ing but [NEWLINE] one that is wea Ty and sad, Come to the foun tain, there' $ earth joys, So false, SO un true; Thirst ing for God, and His full ness thy long ing can meet_ 'Tis the en due ment for [NEWLINE] full ness   in Je suS, AII that   you re long ing for, come and be   glad. full ness   of bless ing? List to the prom- ~ise , a mes sage   for you. life and for ser vice; Thine is the promise , So cer tain, So sweet [NEWLINE] 7) ""I will  pour wa ter on him who is thirst Y, will  pour [NEWLINE] floods up on the dry ground; 0 pen your  heart for the gift am"
341,https://hymnary.org/page/fetch/SSSH1989/341/high,"J bring ing, While ye are seek ing Me, will be found, [NEWLINE] Holy Ghost; With Light Divine 338 ANDREW REED LOUIS M: GOTTSCHALK Arr. by EDWIN P PARKER [NEWLINE] 1. Ho ly Ghost;, with light di vine, Shine up on this 2. Ho ly Ghost; with pow r di vine, Cleanse this guilt y 3_ Ho ly Ghost; with joy di vine, Cheer   this sad dened 4. Ho ly Spir it, all di vine, Dwell with in this [NEWLINE] heart of mine; Chase the shade of night a way, heart of mine; Long has sin, with out con trol, heart of mine; Bid my man y woes de part, heart of mine; Cast down ev Ty dol throne, [NEWLINE] Tum my dark ness in to day. Held do min ion 0'er my soul. Heal my wound ed, bleed ing heart: Reign su preme, and reign a lone, [NEWLINE] men."
342,https://hymnary.org/page/fetch/SSSH1989/342/high,"339 Spirit of God; Descend Upon My Heart GEORGE CROLY FREDERICK C. ATKINSON [NEWLINE] 1. Spir it of God, de scend up on my heart; 2. Hast Thou not bid uS love Thee, God and King? 3. Teach me to feel that Thou art al ways nigh; 4. Teach me to love Thee as Thine an gels love, [NEWLINE] Wean AlL; Teach One [NEWLINE] it from earth, through all its puls es move; all Thine own_ soul, heart and strength  and mind; me the strug gles of the soul to bear, ho ly pas sion fill ing all my frame; [NEWLINE] Stoop to my weak ness, might y as Thou art, [ see Thy crOss, there teach my heart to cling: To check the ris ing doubt; the reb el sigh; The bap tism of the heav'n de scend ed Dove, [NEWLINE] And make me love  Thee as ought to love. let me seek Thee, and let me find. Teach me the pa tience of un an swered   prayer: My heart an al tar, and Thy love the flame. [NEWLINE] A men."
343,https://hymnary.org/page/fetch/SSSH1989/343/high,"Blessed Quietness MANIE P. FERGUSON [NEWLINE] W. S. MARSHALL Arr. by JAMES M KIRK [NEWLINE] 1. Joys are flow ing like a riv er, Since the Com fort er has 2 BringL ing life and health and glad ness, All a round this heav'nly 3. Like the rain that falls from   heav en, Like the sun light  from the 4. See, a fruit ful field is grow ing; Bless ed fruit of righteous- 5 What a won der ful sal va tion, Where we al ways see His [NEWLINE] come; He a bides with us for ev er, Makes the trust ing heart   His Guest; Banished un be lief and sad ness, Changed our wea ri ness to sky, So the Ho ly Ghost is giv en, Com ing on uS from on ness; And the streams of life are flow ing In the lone ly wil der_ facel What a per fect hab 1 ta tion, What a qui et rest ing [NEWLINE] home. rest. high: Blessed qui et ness, ho ly qui et ness, What as sUrance in my ness. placel [NEWLINE] VFAHA4 rit. [NEWLINE] soul! On the   stormy sea, He speaks peace to me, How the billows cease to rolll"
344,https://hymnary.org/page/fetch/SSSH1989/344/high,"Pentecostal Power CHARLOTTE G. HOMER CHAS. H. GABRIEL [NEWLINE] 1. Lord, as of old at Pen te cost Thou   didst Thy pow'r dis play, 2 For might y works for Thee pre pare, And strengthen ev ry heart; 3. AIL self consume;, all sin de stroy! With ear nest zeal en due 4 Speak, Lord! be fore   Thy throne we wait; Thy promise we be lieve, [NEWLINE] With  cleansing; pu ri fy ing flame De scend on uS to day. Come, take poS ses sion of Thine own, And nev er more de part. Each wait ing heart to work for Thee; 0 Lord, our faith re new! And will not let Thee g0 un til The bless ing we re ceive. [NEWLINE] Hi [NEWLINE] HI Lord, send the old time pow T, the Pen te cOS tal pow' r! Thy [NEWLINE] 4}} flood gates of bless ing on uS throw pen widel Lord, [NEWLINE] send the old time   pow'r, [NEWLINE] the Pen te coS tal pow' T, [NEWLINE] That"
345,https://hymnary.org/page/fetch/SSSH1989/345/high,"d4 sin ners be con vert ed and Thy name glo ri fied! [NEWLINE] OldTime Power [NEWLINE] PAUL RADER [NEWLINE] PAUL RADER [NEWLINE] L We are gathered for Thy blessing; We will wait up on our God; 2. We will glo ry in Thy pow er, We will sing of wondrous grace; 3. Bring us   low in prayer be fore Thee, And with faith our souls in spire , [NEWLINE] We will trust in Him who loved uS, And who bought uS with His blood. In our midst; as Thou hast promised, Come, 0 come, and take Thy place Till we claim, by   faith, the promise Of the Ho ly Ghost and fire. [NEWLINE] Spir it, now melt and move [NEWLINE] AIL of our hearts with love, [NEWLINE] Breathe on uS from [NEWLINE] bove With old time [NEWLINE] pow I."
346,https://hymnary.org/page/fetch/SSSH1989/346/high,"Revive Us Again WILLIAM P MACKAY JOHN J. HUSBAND [NEWLINE]  1. We   praise Thee, 0 God! for the Son of Thy love, For Je suS who 2. We   praise Thee, 0 God!   for   Thy Spir it of light; Who has   shown uS our 3_ AII glo Ty and   praise to the Lamb that was slain,  Who has borne all our 4. Re vive uS a gain; fill each heart   with Thy love; May each soul be re [NEWLINE] died, and is now gone a bove. Saviour, and scat tered our night. Hal le lujah! Thine the glo Ty; Hal le sins, and has   cleansed ev ry stain. kindled with fire from a bove: [NEWLINE] TEFEE V+ lu jah! A men! Hal le lu jah!  Thine the glo ry; Re vive uS a gain. [NEWLINE] Fall Fresh on Me Arr: by B. B. McKINNEY 8 [NEWLINE] Spir it of the liv ing God, fall fresh on me, [NEWLINE] Spir it of the [NEWLINE] DS: Spir it of the"
347,https://hymnary.org/page/fetch/SSSH1989/347/high,"Fine [NEWLINE] liv ing God, fall   fresh on me. Melt me, mold me, fill me, use me. [NEWLINE] liv ing God, fall fresh on me [NEWLINE] Breathe on Me 345 B. B. McKINNEY [NEWLINE] EDWIN HATCH [NEWLINE] 1. Ho ly   Spirit, breathe on me, Un til my heart is clean; 2. Ho ly   Spir it, breathe on me, My stubborn will sub due; 3 Ho ly   Spir it, breathe on me; Fill me with power di vine; 4 Ho ly   Spir it, breathe on me; Till 1 am all   Thine own, [NEWLINE] Let sunshine fill its in most part,  With not a cloud be tween_ Teach me in words of liv ing flame What Christ would have me do. Kin dle a flame   of love and zeal With in this heart   of mine. Un til my will is lost in Thine, To live for Thee a lone. [NEWLINE] Breathe on me, [NEWLINE] breathe on me, Ho ly  Spirit; breathe on me; [NEWLINE] che [NEWLINE] Bl [NEWLINE] Take Thou my heart, cleanse evry part, Ho ly   Spir it, breathe on me."
348,https://hymnary.org/page/fetch/SSSH1989/348/high,"Bring Your Vessels, Not a Few LEILA N. MORRIS LEILA N. MORRIS [NEWLINE] 1. Are you look ing for the full ness of the bless ing of the Lord 2. Bring your emp ty earthen ves sels, clean thro Je suS ' pre cious blood, 3 Like the cruse of oil un failing is His   grace for ev er more , [NEWLINE] In heart and   life to day? Claim the promise of your Father, your Come, need Y, one and all; And in hu man con se cra tion ye And His love unchang- -ing still; And ac cord ing to His   promise [NEWLINE] AA|V| [NEWLINE] come ac cord ing to His   Word, In the bless ed old time way  wait be fore the throne of God, Till the Ho ly Ghost   shall fall. with the Ho ly Ghost and pow r, He will ev ry ves sel fill: 0 [NEWLINE] He will fill your heart   today t0 ver flow ing, As the He will fill your heart  to 0 verflow-ing; FH [NEWLINE] Lord command-eth you; ""Bring your vessels, not a few He will fill your heart to He will fill [NEWLINE] HHF"
349,https://hymnary.org/page/fetch/SSSH1989/349/high,"day to 0 ver flow ing With the Ho ly Ghost  and pow'r. your heart to ver flowing; AE [NEWLINE] Fill Me Now ELWOOD H. STOKES [NEWLINE] JOHN R SWENEY [NEWLINE] L. Hov er 0 'er me, Ho ly Spir it, Bathe  my trembling  heart and  brow; 2. Thou canst fill me, gracious   Spir it, Though 1 can not tell   Thee how; 3. [ am weakness full of weakness, At Thy sa cred feet I bow; 4. Cleanse and comfort, bless   and save me, Bathe, 0 bathe my heart  and  brow; [NEWLINE] Fill me with Thy hallowed   presence,  Come, 0 come and fill me now But need   Thee, great ly need   Thee, Come, 0 come and fill me now Blest, di vine, ter nal   Spir it, Fill with pow'r and me now Thou art com fort ing and sav ing, Thou art sweet ly ing now. [NEWLINE] Fill me now, [NEWLINE] fill me now, Je suS, come and fill me now, [NEWLINE] XVEL4 Fill me with Thy hallowed   presence, Come, 0 come and fill me now"
350,https://hymnary.org/page/fetch/SSSH1989/350/high,"Come, Holy Spirit JOHN R. RICE [NEWLINE] JOHN R. RICE [NEWLINE] 1. Pow er, might y pow r Je suS prom-= ised from on high; Pow er 2. Then came Pen te cost and the Ho ly Ghost was giv 'n; And they 3. Sa tan blinded men must con vict ed be, a wakedl More than 4 Na ked, fruitless Christians we toil without God 's pow r. Fields are 5. Thirst y are our hearts, SO we wait up on the Lord. Ear nest [NEWLINE] souls   to win, souls to save  from sin. 0 Thou breath of God, all were filled, all em pow ered till Mul ti tudes were   saved, hu man pow 5, for God' $ work this hour, Un seen pow' rS of Hell wast ing white, wait ing for God' $ might: 0 Thou Ho ly Spir ly we plead, this our ut most need. Then with God' $ a noint [NEWLINE] come up on the hearts that CrY, Wit ness ing to poor, lost men. turned to Christ and were forgiv'n; We tOo should be Spir it filled. shattered till men fear  and quake, By the Spirit'$ mighty   pow'r: it, come crumble Satan '$ tower, Souls we'Il reap be fore  the night: ing we 'II car ry men the   Word, Sow a broad the fruitful seed: [NEWLINE] Come, Ho ly Spir it, fill me; [NEWLINE] need Thee, [NEWLINE] seek Thee; [NEWLINE] MX Come, Holy Spir it, fill me; Lord, fill me with the Ho ly Ghost."
351,https://hymnary.org/page/fetch/SSSH1989/351/high,"The Comforter Has Come [NEWLINE] FRANK BOTTOME [NEWLINE] WILLIAM J. KIRKPATRICK [NEWLINE] 1. 0 spread the ti dings   'round, wher ev er man is found, Wher 2 The long; long night is past, the mom ing breaks at last;, And 3. Lo, the great King of kings, with heal ing in His wings, To 4 0 bound less love di vinel how shall this tongue of mine To [NEWLINE] ev er hu man hearts and hu man woes a bound; Let ev ry Christian hushed the dreadful wail and fu Ty of the blast, As 0'er the gold . en ev 'ry   captive soul a full de liv-'rance brings; And thro"" the va cant wond"" 'ring mor tals tell the matchless grace di vine That L, a child of [NEWLINE] DSS : Ho ly Ghost from Heav' n, The Father' $ promise giv' n; 0 spread the ti dings [NEWLINE] Fine [NEWLINE] tongue pro claim the joy _ ful sound: The Com fort er has comel hills the day ad vanc es fast! The Com fort er has comel cells the song of tri umph rings; The Com fort er has comel Hell, should in His im age shinel The Com fort er has comel [NEWLINE] round, wher ev er man is found The Com fort er has comel [NEWLINE] DS: [NEWLINE] The Com fort er has come, The Com fort er has comel The"
352,https://hymnary.org/page/fetch/SSSH1989/352/high,"Revive Thy Work ALFRED MIDLANE JAMES McGRANAHAN [NEWLINE] 1. Re vive Thy work, Lord! Thy might y arm make bare; 2 Re vive Thy work; Lord! Dis turb this sleep of death; 3 Re vive Thy work, Lord! Cre ate soulthirst for Thee; 4 Re vive Thy work, Lord! Ex alt Thy   precious name; [NEWLINE] Speak with the voice that wakes   the dead, And make   Thy peo ple hear, Quick en the smold' ring em bers now By Thine al might y breath: But hung' ring for the Bread of Life,   Oh, may our spir its be! And, by the Ho ly Ghost, our love For Thee and Thine in flame. [NEWLINE] Re vivel re vivel And give re freshing show'rs; Re vive   Thy work! re vive Thy work! And give, oh, give re freshing show'rs; [NEWLINE] The glo ry   shall be all Thine own; The blessing shall be ours."
353,https://hymnary.org/page/fetch/SSSH1989/353/high,"Tell It to Jesus [NEWLINE] JEREMIAH E. RANKIN [NEWLINE] EDMUND S. LORENZ [NEWLINE] 1. Are   you wea Ty are you heavY - heart ed? Tell it to Je suS, 2 Do the tears   flow down your cheeks un bid den? Tell it to Je suS, 3_ Do you fear the gath ring clouds   of sor row? Tell it to Je suS, 4 Are you troub led at the thought   of dy ing? Tell it to Je suS, [NEWLINE] Tell it to Je sus; Are you griev ing ver joys de part ed? Tell it to Je sus; Have you sins that to men S eyes are hid den? Tell it to Je suS; Are you anx ious what   shall be to morrow? Tell it to Je sus; For   Christ' $ com ing King dom are you sigh ing? [NEWLINE] Tell it to Je suS a lone. [NEWLINE] Tell it to Je suS, tell it to Je suS, [NEWLINE] He is a Friend that' $ well   known; [NEWLINE] You 've no oth er [NEWLINE] friend Or broth er, Tell it to Je sus a lone [NEWLINE] such"
354,https://hymnary.org/page/fetch/SSSH1989/354/high,"352 Have You Prayed It Through? W.C. POOLE B. D. ACKLEY [NEWLINE] 1. Have you prayed all  night, Till the break   of day, And the mom ing light 2. Did you pray it through Till the answer came? There '$ a promise true 3_ As the Mas ter prayed  In the gar den lone , Let your   prayer be made [NEWLINE] Drove the dark a way?   Did you lin ger   there, Till the mor ing dew, For your  faith to claim; At the place of prayer Je suS waits for you, To the Fa ther' $ throne; If you seek His will He will an swer you; [NEWLINE] In pre vail ing prayer Did you pray it through? Did you meet Him there , Did you pray it through? Did you Are you trust ing still, Have you prayed it through? [NEWLINE] #XNF pray till  the an swer came, Did you   plead   in the Saviour' $ till it came, [NEWLINE] name? Have   you   prayed all night till the mom ing in His name?"
355,https://hymnary.org/page/fetch/SSSH1989/355/high,"light, Did you pray till the an swer came? [NEWLINE] From Every Stormy Wind 353 HUGH STOWELL THOMAS HASTINGS [NEWLINE] 1. From ev ry  storm y wind that blows, From ev ry swell ing 2 There is a place where Je suS sheds The oil of glad ness 3 There is a scene where spir its   blend, Where friend   holds fel low 4. There, there on ea gles"" wings we soar, And sin and  sense mo [NEWLINE] tide [NEWLINE] of woes, There is a calm, a sure re on our heads; A place than all be sides more ship with friend: Tho sun dered far , by faith they lest no more , And Heav 'n comes down our souls to [NEWLINE] treat: [NEWLINE] Tis It [NEWLINE] found be neath sweet: is the blood meet A round one com greet; When glo ry crowns [NEWLINE] the mer cy seat bought mer cy seat. mon mer cy seat the mer cy seat."
356,https://hymnary.org/page/fetch/SSSH1989/356/high,"IAm Praying for You S. 0 MALEY CLUFF IRA D. SANKEY [NEWLINE] 1 I have a Savjour, He's  plead ing in Glory, A dear, lov ing 2 I have a Father; to me He has giv en A hope for e 3. [ have a robe: 'tis re splen dent in whiteness, A wait ing in 4. When Je suS has found you, tell oth ers the sto Ty, That your lov ing [NEWLINE] Sav iour, tho earthfriends  be few; And now He is watch ing in ter ni ty, bless ed and true; And soon will He call me to Glo ry my won der ing view; Oh, when re ceive it all Sav iour is their Sav iour, too; Then pray that your Sav iour may [NEWLINE] ten derness 0'er me, But, oh; that my Saviour were your Saviour; meet Him in Heaven, But, oh, that He'd let me bring you   with me, shin ing in brightness, Dear   friend, could 1 see you re ceiv ing one, bring them t0 Glory, And  prayer will be answered 'twas answered for [NEWLINE] too_ [NEWLINE] tool For you tool you! [NEWLINE] am pray ing, For you [NEWLINE] am pray ing; For"
357,https://hymnary.org/page/fetch/SSSH1989/357/high,"pP rall. [NEWLINE] you [NEWLINE] am pray ing, Im pray [NEWLINE] ing for you; [NEWLINE] What a Friend We Have in Jesus 355 [NEWLINE] JOSEPH SCRIVEN [NEWLINE] CHARLES C. CONVERSE [NEWLINE] 1. What a Friend we have in Je SuS, All our sins   and griefs to bear! 2 Have we tri als and   temp ta tions? Is there trou ble an y where? 3_ Are we weak and heav y la den, Cumbered   with a load of care? [NEWLINE] What a priv 1 lege to car ry Ev 'rything to God in prayer! We  should nev er be dis couraged, Take it to the Lord in prayer. Pre cious Saviour, still our ref uge, Take it to the Lord  in prayer. [NEWLINE] what   peace we oft en for feit, 0 what   needless pain we bear, Can we find a friend s0 faith ful Who will all our SOrrows  share? Do thy friends   despise, for sake thee? Take it to the Lord in prayer; [NEWLINE] AlI be cause we do not car Ty Ev rything to God in prayer! Je sus knows our evry weak ness, Take it to the Lord in prayer: In His arms   He'Il take  and  shield   thee, Thou wilt   find a solace there. [NEWLINE] Favorite song of Dr. Al Janney_"
358,https://hymnary.org/page/fetch/SSSH1989/358/high,"I Must Tell Jesus [NEWLINE] ELISHA A: HOFFMAN [NEWLINE] ELISHA A. HOFFMAN [NEWLINE] 1. [ must tell Je suS all of my tri als; 1 cannot bear   these 2. [ must   tell Je suS all of my troub les; He is a kind, com 3. Tempted and tried 1 need a great Saviour;  One who can help my 4. 0 how the world to vil al lures mel 0 how my heart is 95 6 [NEWLINE] burdens a lone; passion-ate Friend; burdens to bear; tempted to sin! [NEWLINE] In my dis tress He kind ly will help me; If but ask Him, He will de liv er, I must tell Je suS, 1 must tell Je sus; [ must tell Je sus, and He will   help me [NEWLINE] He ev er loves   and cares   for His own. Make   of my troub les   quickly an end_ He all my cares and sorrows will share. 0 - ver the world the vict'ry to win. 346 [NEWLINE] 1 must tell Je sus! [NEWLINE] must   tell Je sus! [ cannot bear  my burdens a lone; J6)he+A [NEWLINE] must tell [NEWLINE] Je sus! must   tell Je sus! Je suS can help me, Je suS a lone. [NEWLINE] Favorite song of Mr. Lindsay Terry ."
359,https://hymnary.org/page/fetch/SSSH1989/359/high,[This image is under copyright]
360,https://hymnary.org/page/fetch/SSSH1989/360/high,"358 'Tis the Blessed Hour Of Prayer FANNY J. CROSBY WILLIAM H. DOANE [NEWLINE] 1. Tis the bless ed   hour of prayer, when our hearts low ly bend, 2 'Tis the bless ed hour of prayer, when   the Sav iour  draws near, 3 'Tis the bless ed hour of prayer, when   the tempt ed and tried 4 At the bless ed hour of prayer, trust ing Him we be lieve [NEWLINE] And we gath er to Je sus, our Sav iour and Friend; If we With a ten der com pas sion His chil dren to hear; When He To the Sav iour who loves them their sor row con fide; With a That the blessings we re need ing we'II sure ly re ceive; In the [NEWLINE] come to Him in faith, His pro tec tion to share, What a balm for the tells uS we may cast at His feet ev ery care, What a balm for the sym pa thizing heart He removes every care , What a balm for the full ness of this trust we shall lose ev ery care , What a balm for the [NEWLINE] wea ry! 0 how sweet to be there!   Blessed hour of prayer, Blessed [NEWLINE] hour of prayer; What a balm for the weary! 0 how sweet to be   therel"
361,https://hymnary.org/page/fetch/SSSH1989/361/high,"Thy Word Have I Hid in My Heart 359 From Psalm 119 Adapted by Ernest 0. Sellers ERNEST O. SELLERS [NEWLINE] 1. Thy Word is a lamp to my feet, A light to my path al 2. For ev er, 0 Lord, is Thy Word Es tablished and fixed on 3 At mom ing; at noon, and at night 1 ev er will  give Thee 4. Thru Him whom Thy Word hath  fore told; The Saviour and Morn-= -ing B8D [NEWLINE] way, To guide and to save me from sin And   show me the  heav'nly high; Thy faith fulness un to all men A bid eth for ev er praise; For Thou art my por tion, 0 Lord And   shall be thru all my Star, Sal va tion and peace have been  brought To those who have strayed a [NEWLINE] JB} [NEWLINE] way. nigh. Thy Word have I hid in my  heart, (in my   heart,) That 1 might not days! far; [NEWLINE] sin against Thee; (against Thee;) That [NEWLINE] might not sin, that [NEWLINE] might not sin, Thy Word have hid in my heart:"
362,https://hymnary.org/page/fetch/SSSH1989/362/high,[This image is under copyright]
363,https://hymnary.org/page/fetch/SSSH1989/363/high,[This image is under copyright]
364,https://hymnary.org/page/fetch/SSSH1989/364/high,[This image is under copyright]
365,https://hymnary.org/page/fetch/SSSH1989/365/high,[This image is under copyright]
366,https://hymnary.org/page/fetch/SSSH1989/366/high,"364 Standing on the Promises R. KELSO CARTER R. KELSO CARTER [NEWLINE] 13 Standing on  the promis es of Christ my King, Thro e ter nal a ges 2. Standing on the   promis es   that can not  fail, When the   howling storms of 3. Stand-= ing on the   promis es of Christ the Lord, Bound to Him e ter nal 4. Standing on the   promis es 1 can not   fall, List ning ev ry moment [NEWLINE] let His prais es ring; Glory in the high est I will shout and sing, doubt and fear as sail, By the liv ing Word of God 1 shall pre vail, ly by love's   strong cord, Over-com- -ing dai ly with the Spir it'$ sword, to the Spir it'$ call, Resting in my Saviour, as my all in all, [NEWLINE] Standing on the   promis es of God:. [NEWLINE] Stand ing, Standing on the   promis es, [NEWLINE] stand ing, Stand ing on the prom is es of stand ing on the prom is es, [NEWLINE] God my Sav iour; Stand ing; stand Standing on the   prom is es, stand ing on the"
367,https://hymnary.org/page/fetch/SSSH1989/367/high,"ing; Im stand ing on the prom is es of God. prom is es, [NEWLINE] Break Thou the Bread of Life 365 [NEWLINE] MARY ANN LATHBURY [NEWLINE] WILLIAM F SHERWIN [NEWLINE] 1. Break Thou the bread of life, Dear   Lord, to me, As Thou didst 2 Bless Thou the truth, dear Lord, to me, to me, As Thou didst 3. Thou art the Bread of life, 0 Lord, to me, Thy ho ly 4. 0 send Thy Spir it, Lord, Now un to me, That He may [NEWLINE] break   the loaves Be side the sea; Be yond the sa cred page bless the bread By Gal lee; Then shall all bond age cease, Word the truth  That sav eth me; Give me to eat and live touch my eyes, And make me see; Show me the truth concealed [NEWLINE] seek Thee, Lord; My spir _ it pants for   Thee, 0 liv ing Word: AlI fet ters fall; And 1 shall find my  peace, My AlI in All: With Thee a bove; Teach me to love Thy  truth, For Thou art love With in Thy Word, And in Thy Book re vealed 1 see the Lord."
368,https://hymnary.org/page/fetch/SSSH1989/368/high,"366 The Old Book and the Old Faith GEORGE H. CARR GEORGE H. CARR [NEWLINE] 1. 'Mid the stors of doubt and un be lief we fear,  Stands a Book 2, 'Tis the Book that tells uS of the Father's   love, When He sent His 3.'Tis the Book that tells uS of the will of God And the Saviour' $ [NEWLINE] ter nal that the saints hold   dear; Thru the rest less a ges it re Son to uS from Heav 'n a bove, Who by rich est promise cre ates teach-= ings while the earth He trodHow He   soothed earth '$ SOr rows and re [NEWLINE] mains  the same 'Tis the Book of God, and the Bi ble is its namel hope with in, For tis thru His blood we are saved from ev Ty sin! lieved its woe, Thru whom strength is giv en t0 conquer ev Ty foel [NEWLINE] The old Book and the old Faith Are the Rock on which [ stand! The grand old Book and the dear  old Faith on   which [ stand!"
369,https://hymnary.org/page/fetch/SSSH1989/369/high,"The old Book  and the old Faith Are the bulwark of the   landl The grand old Book and the dear old Faith [NEWLINE] Thru storm and stress they stand the test, In ev ry clime and na tion   blest; [NEWLINE] The old Book and the old Faith Are the hope of ev 'ry land! The grand old Book and the dear   old Faith [NEWLINE] GRAND CHORUS AT CLOSE (May be omitted) [NEWLINE] the grand old Book and the dear old Faith Are the Rock on which 1 stand! [NEWLINE] 7N 0 the grand old Book and the dear  old   Faith Are the hope of ev ry land! 66F6F 6"
370,https://hymnary.org/page/fetch/SSSH1989/370/high,"My Mother's Bible MB. WILLIAMS CHARLIE D. TILLMAN Duet [NEWLINE] 1 There '$ a dear and precious Book; Tho it' $ worn and  fad ed now, Which re When [ stood at   Mother's knee, With her hand up on my   brow, and 1 2. As she read the Sto ries 0 er, Of those mighty men of old, Of Of lit tle Da vid bold, Who be came a king at last; Of 3 Then   she read of Je suS love, As He blest   the   children  dear, How He Of His heav y load  of care , Then   she dried my flowing tears With her 4. Well, those days are   past and gone, But their mem- 'ry lin gers   still, And the And 1 seek to do His will, As my moth er taught me then, And [NEWLINE] calls those hap py days of long g0; Jo seph, and of Dan iel and their trials; suf fered, bled and died up on the tree; dear old Book each day has been my guide; [NEWLINE] heard her voice in gen tle tones and low. Sa tan with his man y wick ed wiles. kiss es as she said it was for me_ ev er in my heart His words a bide. [NEWLINE] Bless ed [NEWLINE] Book, precious Book, On   thy dear old tearstained Blessed  Book, precious Book, PT"
371,https://hymnary.org/page/fetch/SSSH1989/371/high,"leaves 1 love to look; Thou art sweeter day by day, As I love to look; [NEWLINE] 3AN [NEWLINE] walk the narTOw way That leads at last to that   bright Home a bove. [NEWLINE] Holy Bible, Book Divine 368 JOHN BURTON Wm. B. BRADBURY [NEWLINE] 1. Ho ly Bi ble, Book di vine, Pre cious treasure, thou art mine; 2. Mine to chide me when 1 rove; Mine to show a Sav iour'$ love; 3. Mine to comfort in dis tress, Suffer-; -ing in  this wil der ness; 4. Mine to tell of joys to come, And the reb el sin ner '$ doom; [NEWLINE] Mine to tell me whence 1 came; Mine to teach me what 1 am; Mine   thou art to guide and guard; Mine to pun ish Or re ward; Mine to show, by liv ing faith , Man can tri umph ver death; thou ho ly Book di vine, Pre cious treas ure , thou art mine."
372,https://hymnary.org/page/fetch/SSSH1989/372/high,"IKnow the Bible Is True GENE ROUTH B. B. McKINNEY [NEWLINE] L. I know the Bi ble was sent   from God, The Old, as well as the New; 2. [ know the sto ry of Christ is true, His vir gin, glo ri ouS birth, 3. 1 know the Bi ble is whol ly true, For peace it gave me with in; 4. Tho' foes de ny with a spir it bold The message old, but still new, [NEWLINE] In spired and ho ly, the liv ing Word, I know the Bi ble is true His life , His death, and the pen tomb, And His retum t0 the earth: It finds me, comforts me day by day, And   gives me vict'ry 0'er   sin. Its truth is sweet er each time 'tis told, 1 know the Bi ble is true [NEWLINE] know, 1 know, know the Bi ble is true; T know, 1 know, is true; [NEWLINE] Di vine ly inspired the  whole way thro'_ [ know the Bi ble is true [NEWLINE] Copyright 1926. Renewal 1954, Broadman Press. All rights reserved: Used by permission:"
373,https://hymnary.org/page/fetch/SSSH1989/373/high,"Throw Out the LifeLine 370 EDWARD S. UFFORD EDWARD S. UFFORD Arranged by George C. Stebbins [NEWLINE] + 1. Throw out the LifeLine a cross the dark wave, There is a brother whom 2. Throw out the LifeLine with hand quick and strong: Why do you tar Ty, why 3. Throw out the LifeLine t0 danger-fraught men, Sinking in anguish where 4. Soon will the sea son of res cue be 0 'er, Soon will they drift to [NEWLINE] 7 EX someone should save; Somebod y' $ brother! who then  will dare To lin ger SO long? Seel he is sink ing; has ten to dayAnd you 've nev er been; Winds   of tempta tion and bil lows of woe Will ter ni ty' $ shore; Haste then,  my brother, no time for de lay, But [NEWLINE] JEN 041 throw out the LifeLine, his per il to share? out with the LifeBoat! a way, then, a wayl Throw out the   LifeLinel soon hurl them out   where the dark wa ters flow, throw out the LifeLine and save them to day: [NEWLINE] Throw out the LifeLinel Someone is drifting a way; [NEWLINE] Throw out the [NEWLINE] 0 LifeLinel Throw out the LifeLine! Someone is sinking t0 day."
374,https://hymnary.org/page/fetch/SSSH1989/374/high,"Bring Your Loved Ones JOHN R. RICE JOHN R. RICE [NEWLINE] 1. How can 1 meet Him without my loved ones, How can [ smile and 2. Time now for waming; time now for plead ing; Time now to weep, to 3. Sol emn aC counting; fac ing our Sav iour: Rewards re ceiv ing; 4 How poor in vest ment; in land or bus ness; What cheap returs we'II 5 How glad the greet ing; praises and singing; When we meet Je suS, 2588|  [NEWLINE] know they are lost, When [ see Je suS, up in the glo Ty cling to the crosS. Too   late in Heav en, to win our loved ones; suf fer ing loss! Judgment  seat, fac ing Je suS in Heav en; have for our pains! But how the wise will shine in their glo TY, with all our own! Then will our la bor seem but tri fle, [NEWLINE] Without the souls He   bought at such cost? Too late to pray, to weep 0 er the lost. Wood, hay and stub ble, bum-= ing as dross. When souls ap pear, what ter nal gain! And all our tears, and toil ing be donel [NEWLINE] bring your loved   ones, [NEWLINE] Bring them to Je sus! Bring ev ry broth er and sis ter to [NEWLINE] Him! When come the reap ers, [NEWLINE] Home with the har vest,"
375,https://hymnary.org/page/fetch/SSSH1989/375/high,"all our dear ones [NEWLINE] be safe gath ered in! [NEWLINE] Let the Lower Lights Be Burning 372 PHILIP P. BLISS PHILIP P; BLISS [NEWLINE] 1. Brightly beams our Father' $ mer cy From His lighthouse ev er more , 2. Dark the night of sin has set tled, Loud the an gry   billows roar; 3. Trim your fee ble lamp; my brother; Some poOr sail Or tempest-tossed, ) 11 [NEWLINE] But to uS He gives the keepL ing Of the lights a long the shore. Eager eyes are watching,  longing, For the lights a long the shore. Trying now to make the har bOr, In the darkness may be lost. FB [NEWLINE] PA Let the low er lights be burning! Send a gleam aCIOSS the  wavel [NEWLINE] Some poor faint ing; struggling  seaman You may res cue, you may  save. [NEWLINE] May"
376,https://hymnary.org/page/fetch/SSSH1989/376/high,[This image is under copyright]
377,https://hymnary.org/page/fetch/SSSH1989/377/high,"Send the Light 374 CHARLES H. GABRIEL CHARLES H. GABRIEL [NEWLINE] 1. There' $ a call comes ringing 0'er the restless wave, ""Send the light! 2 We have heard the Mace donian call to day, ""Send the light! 3. Let uS pray that grace may ev rywhere abound; Send the light! 4. Let uS not grow wea ry in the work of  love, Send the light! Send the light! [NEWLINE] 1M Send the light!' There are souls to res cue, there are souls to save, Send the light!' And a golden off' 'ring at the cross we Jay, Send the light! And a Christlike spir it ev 'rywhere be   found, Send the light! Let uS gath er jewels for a crown a bove, Send the light! [NEWLINE] Send the light! Send the light! Send the light! the Send the light! Send the light! Send the light! [NEWLINE] bless ed gos pel light; Let it shine from shore to the blessed gos pel light; Let it shine 3 [NEWLINE] PTL shore! shine for ev er more . from shore to shore! Let it   shine forev ermore."
378,https://hymnary.org/page/fetch/SSSH1989/378/high,"375 Work, for the Night Is Coming ANNIE L. COGHILL LOWELL MASON Altered by Lowell Mason [NEWLINE] 1. Work;  for the night is com ing; Work through the moming hours; 2. Work, for the night is com ing, Work through the sun ny noon; 3. Work, for the night is com ing; Un der the sun set skies; [NEWLINE] Work while the dew is spark ling; Work mid springing flow' rs. Fill brightest hours with la bor, Rest  comes sure and soon_ While   their bright tints are glow ing; Work; for daylight flies. [NEWLINE] Work when the day grows bright er, Work in the glow ing sun; Give ev ry   fly ing min ute Something to keep in store; Work till the last   beam fad eth, Fad eth to shine no more; [NEWLINE] Work; for the night is com ing; When man '$ work is done. Work; for the night is com ing; When man works no more_ Work, while the night is dark ning, When man '$ work is 0 'er. [NEWLINE] 376 In Christ There Is No East or West JOHN OXENHAM ALEXANDER R REINAGLE [NEWLINE] 1. In Christ there is no East Or West; In Him no South Or North; 2. In Him shall true hearts ev 'rywhere Their high commun-ion find; 3. Join hands, then, brothers of the   faith, Whate'er your race may be; 4 In Christ now meet both East and West, In Him meet South and North; [NEWLINE] Words from 'Bees in Amber;' by John Oxenham. Used by permission of Miss Erica Oxenham."
379,https://hymnary.org/page/fetch/SSSH1989/379/high,"But one great fel low ship of love Throughout the whole wide earth; His serv ice is the golden cord Closebind-ing all man kind: Who serves my Fa ther as a son Is sure ly kin to me. AlL Christly souls are one in Him Throughout the whole wide earth [NEWLINE] Rescue the Perishing 377 FANNY J. CROSBY WILLIAM H: DOANE [NEWLINE] 1. Res cue the per ish ing, Care for the dy ing; Snatch them in pit y from 2 Though they are slighting Him, Still He is wait ing; Wait ing the   pen tent 3. Down in the hu man heart, Crushed by the tempter, Feelings lie  bur ied that 4. Res cue the   per ish ing; Du ty demands it;  Strength for thy la bor the [NEWLINE] sin and the grave; Weep 0'er the er ring ones, Lift up the fall en, child to receive; Plead with them earnest ly, Plead with them gen tly, grace can re store; Touched by a loving heart, Wakened   by  kindness, Lord will   provide; Back to the narrow way Pa tiently win   them; [NEWLINE] Tell  them of Je sus the might y to save. He will for give if they on ly believe. Res cue the per ishing; Chords that   are bro ken   will vi brate once more. Tell the poor wand 'rer a Saviour has died: [NEWLINE] Care for the dy ing; Je sus is merci ful, Je sus will save."
380,https://hymnary.org/page/fetch/SSSH1989/380/high,"Passion for Souls HERBERT G. TOVEY FOSS L. FELLERS [NEWLINE] 1. Give me a passion for   souls, dear Lord, A passion to save the lost; 2. Though there are   dangers un told and stern Con fronting me in the way, 3. How shall this   passion   for souls be mine? Lord, make Thou the an swer clear; [NEWLINE] 0 that Thy love were  by all adored, And welcomed at an y cost_ Willing-ly still would [ g0, nor tum, But trust Thee for grace each day. Help me to throw out the old LifeLine To those who are strug gling near [NEWLINE] ] 4} Je suS, long, long to be win ning Men who are [NEWLINE] pL60 [NEWLINE] lost, and con stant ly sin ning; [NEWLINE] may this hour be [NEWLINE] one of be gin ning The sto Ty of par don t0 tell."
381,https://hymnary.org/page/fetch/SSSH1989/381/high,"Bringing in the Sheaves 379 KNOWLES SHAW GEORGE A. MINOR [NEWLINE] 1. Sowing in the mom ing; Sow ing seeds of kind ness, Sow ing in the 2. Sowing in the sun shine, Sow ing in the shad owS, Fear . ing nei ther 3. Go ing forth with weep ing; Sow ing for the   Mas ter,  Though the   loss suS [NEWLINE] noon tide and the dew y eve; Wait ing for the har vest, clouds nor win ter' $ chill ing breeze; By and by the har vest, tained our spir it of ten grieves; When our weeping"" S 0 ver, [NEWLINE] and the time of  reap ing; We shall come re joic ing, bring-1 ing in the   sheaves: and the la bor end ed, We shall come re joic ing; bringing in the   sheaves. He will bid us   welcome, We shall come re joic ing; bring-! -ing in the  sheaves. [NEWLINE] Bringing in the sheaves, bringing in the sheaves, We shall come re joic [NEWLINE] AL6 [NEWLINE] ing, bringing in the sheaves; ing; bring- -ing in the   sheaves."
382,https://hymnary.org/page/fetch/SSSH1989/382/high,"He Was Not Willing LUCY R MEYER LUCY R MEYER [NEWLINE] 1, ""He was  not willing  that an y should per ish' Je suS enthroned in  the 2. ""He was not willing   that an y should per ish Clothed in our flesh with His 3. Plen ty for pleasure, but lit tle for Je sus; Time for   the world with its 4.""He was  not willing that an y should per ish""; Am His fol low er; [NEWLINE] Glo ry a bove, Saw our poor   fall en world, pit ied our SOr rows, sor row and pain, Came He to seek the lost, com fort the mourn er, troubles   and toys, No time for Je suS work, feed ing the hun gry, and can 1 live Long er at ease with a soul going downward, [NEWLINE] HAAA [NEWLINE] Poured out His life for uS, won der ful   lovel Per ish-= ing' Per ish ing! Heal the heart bro ken by sOr row and shame_ Per ishing! Per ish ing! Lift ing lost   souls to ter ni ty's   joys. Per ishing! Per ish ing' Lost for the  lack of the help I might give? Per ishing! Per ish ing' 6 [NEWLINE] HAAN) Thronging our path way, Hearts break with burdens too heav y to bear; Har vest is pass ing; Reap ers are   few and the night draweth near; Hark, how they : call uS: ""Bring uS your Saviour, tell uS of Him! Thou wast not   will ing; Master, for give, and in spire uS a new;"
383,https://hymnary.org/page/fetch/SSSH1989/383/high,"Je sus   would save, but there' $ no one to tell them, Je sus is call ing thee, haste to the reap ing; We are SO wea Ty , SO heav ly la den, Ban ish our world li ness, help uS to ev er [NEWLINE] No one to lift them from sin and des pair. Thou shalt have souls, pre cious souls for thy hire. And with long weep ing our eyes have grown dim_ Live with ter ni ty' $ val ues in view. [NEWLINE] Fight the Good Fight 381 JOHN $. B. MONSELL WILLIAM BOYD [NEWLINE] 1. Fight   the good fight with all thy might! Christ   is thy   strength, and 2 Run the   straight race through God'$ good grace, Lift up thine eyes, and 3_ Cast care a side, lean on thy Guide, His boundless mer cy 4. Faint not nor fear, His arms are near, He   changeth not, and [NEWLINE] Christ thy right; Lay hold on life, and it shall be seek His face; Life with its way be fore uS lies; will pro vide; Trust, and thy trust ing soul shall prove thou art dear; On ly be lieve, and thou shalt see 38 [NEWLINE] Thy   joy and crown ter nal ly Christ is the path, and Christ the prize. Christ is its life, and Christ its love. That Christ is all in all to thee. [NEWLINE] men."
384,https://hymnary.org/page/fetch/SSSH1989/384/high,"Seeking the Lost WILLIAM A. OGDEN WILLIAM A. OGDEN [NEWLINE] 1. Seek ing the lost, yes, kindly en treat ing Wander ers 2. Seek ing the lost and point ing to Je suS Souls   that are 3. Thus 1 would g0 on mis sions of mer cy, Fol low ing [NEWLINE] on [NEWLINE] the mountain a stray; weak and hearts that are sore , Christ from day un to day, [NEWLINE] ""Come un to Me; His Leading them forth in Cheering the faint and [NEWLINE] mes sage re peating; Words of  the Mas ter   speaking to day. ways of sal va tion, Show- -ing the path to life ev er more . rais ing the fall en, Pointing the lost to JeSuS, the Way. [NEWLINE] Going a far Into the fold [NEWLINE] upon the mountain, of my Redeem-er, [NEWLINE] (Going a far In to the fold [NEWLINE] upon the moun tain, of my Re deem er, [NEWLINE] Bringing the Je SuS the [NEWLINE] Bringing the wand 'rer back a ~gain, back again, JeSus, the Lamb for sin ners slain, for sinners slain. [NEWLINE] wan [NEWLINE] d'rer back a gain, for sin ners [NEWLINE] Lamb [NEWLINE] slain."
385,https://hymnary.org/page/fetch/SSSH1989/385/high,"Make Me a Channel of [NEWLINE] Blessing 383 H,G. SMYTH [NEWLINE] H,G. SMYTH [NEWLINE] 1 Is   your life a chan nel of bless ing? Is the love of God 2. Is  your life a chan nel of bless ing? Are you burdened by 3_ Is  your life a chan nel of bless ing? Is it dai ly 4 We cannot be chan nels   of bless ing If our lives are not [NEWLINE] 1d 1} flowing through you? Are  you tell ing the lost of the Sav iour? Are you those that   are lost? Have you urged up on those who are   stray ing; The tell ing for Him? Have you spo ken   the word of sal va tion To free from known   sin; We  will bar ri ers be and a hindrance To [NEWLINE] read y His service to do? Saviour who died on the cross? those who are dy-= -ing in sin? those we are trying to win: [NEWLINE] Make me a channel of [NEWLINE] blessing   today, [NEWLINE] Fd [NEWLINE] Make me a channel of blessing; 1 pray; My life pos sessing, [NEWLINE] rit [NEWLINE] DdRA my serv ice blessing; Make me a channel of blessing to day."
386,https://hymnary.org/page/fetch/SSSH1989/386/high,"384 In the Service of the King ALFRED H. ACKLEY BENTLEY D. ACKLEY [NEWLINE] 1. 1 am hap Py in the serv ice of the King, 2. [ am hap py in the serv ice of the King; 3. 1 am hap py in the serv ice of the King, [NEWLINE] am [NEWLINE] am [NEWLINE] am [NEWLINE] FV [NEWLINE] hap PY , hap PY, hap pY, [NEWLINE] SO [NEWLINE] hap py; have peace and joy that SO hap py; Through the sun shine and the SO hap py; AlI that pos sess to [NEWLINE] P nothing else can bring; In the serv ice of the King: shad ow can sing, In the serv ice of the King: Him I glad ly bring; In the serv ice of the King: [NEWLINE] In the serv ice of the King, Ev ry tal ent 1 will bring; [NEWLINE] have peace and   joy and bless ing In the serv ice of the King: [NEWLINE] Copyright 1912 by Bentley D. Ackley: Renewed 1940 (extended) , The Rodeheaver Co , Owner: Used by Permission."
387,https://hymnary.org/page/fetch/SSSH1989/387/high,"Go Ye Into All the World 385 [NEWLINE] JAMES McGRANAHAN [NEWLINE] JAMES McGRANAHAN [NEWLINE] 1. Far, far away, in heathen darkness dwelling, Mil lions of souls for 2. See 0 'er the world wide 0 pen doors invit ing; Soldiers of Christ, a 3.""Why will ye die?"" the voice of God is call ing;"" ""Why will ye die?"" re 4. God speed the day, when those   of ev ry na tion, ""Glo ry to Godl"" tri [NEWLINE] ev er may be lost; Who, who will g0, sal vation '$ sto ry tell ing, rise   and en ter in! Christians, awakel your forc es all nit ing; ech in His name; Je suS hath died to save from death appal ling; umphant-ly shall sing; Ransomed, redeemed, rejoic ing in sal va tion, [NEWLINE] Looking to Jesus, minding not the cost? Send forth the Gospel, break the chains of sin. ~All pow'r is given un to Me, Life and salva-tion therefore g0 pro claim. Shout; ""Halle-lujah! "" for the Lord is King: 2344 [NEWLINE] AII pow r is giv en un to Me; Go ye in to all the world, and [NEWLINE] preace the Gos pel, And Io, [NEWLINE] am with you al [NEWLINE] way."
388,https://hymnary.org/page/fetch/SSSH1989/388/high,"It Pays to Serve Jesus FRANK C. HUSTON FRANK C. HUSTON [NEWLINE] 1 . The serv ice of Je sus true pleas ure af fords, In 2. It pays t0 serve Je sus what e'er may be tide, It 3. Though some times   the shad ows may hang 0'er the way, And [NEWLINE] Him there   is joy with out an al loy; 'Tis Heav en to pays to be true what e'er you may do; 'Tis rich es of sor rows may come to beck on uS Home, Our pre cious Re [NEWLINE] trust   Him   and rest on His words; It pays to serve Je suS each mer cy in Him to a bide; It pays to serve Je sus each deem er each toil will re pay; It pays to serve Je sus each [NEWLINE] It pays to serve Je suS, it pays ev 'ry [NEWLINE] EEI 7A day, It pays ev 'ry step of the way; Though the ev ry step of the way; [NEWLINE] day. day: day."
389,https://hymnary.org/page/fetch/SSSH1989/389/high,"path way to Glo Ty may sometimes be drear, You'II be [NEWLINE] hap py each step [NEWLINE] the way. [NEWLINE] Must I Go, and EmptyHanded? 387 C.C: LUTHER GEORGE C. STEBBINS [NEWLINE] 1, ""Must 1 g0, and emp tyhand ed, Thus my dear Redeem er meet? 2. Not at death 1 shrink nor fal ter, For my Sav iour saves me now; 3. 0 the years in sin ~ning ` wast ed, Could [ but re call them now 4 0 ye  saints, arouse , be earnest, Up and work while yet 'tis day; [NEWLINE] Not one [NEWLINE] day of serv ice give Him, Lay no tro phy at His   feet? But to meet Him emp tyhand ed, Thought of that now clouds my brow 1 would give them to my Saviour, To His will Td glad ly bow Ere the night of death 0'ertake thee, Strive for souls while still you may. [NEWLINE] ""Must I g0, and emp ty hand ed?"" Must [ meet my Saviour so? [NEWLINE] Not one soul with which to greet Him: Must emp ty hand ed g0?"
390,https://hymnary.org/page/fetch/SSSH1989/390/high,"Speak, My Lord GEORGE BENNARD GEORGE BENNARD [NEWLINE] 1. Hear the   Lord of harvest   sweetly call ing, 2. When the coal of fire   had touched the proph et, 3. Mil lions   now in sin and shame are dy ing; 4 Soon the   time for  reaping will be 0 ver; [NEWLINE] ""Who will g0 and Mak ing him as Lis ten t0 their Soon we 'II gath er [NEWLINE] work   for Me to day? pure, as pure can be; sad and bit ter cry; for  the har vesthome; [NEWLINE] Who will bring to Me the lost and dy _ ing? When the voice of God said, Who'Il go for us?"" Has ten,   brother, has ten to the res cue; May the Lord of harvest smile up on uS, [NEWLINE] Who will point them to the nar row way? Then he answered, ""Here [ am, send me. Speak, my Lord, speak, my Quick ly answer; "" Mas ter; here am I May we hear His blessed, ""Child, well done. Speak, my Lord, [NEWLINE] 847 V [ Lord, Speak, and ['IL be quick to an swer Thee; Speak, my speak, my Lord, to answer Thee; [NEWLINE] Copyright 1911 by George Bennard. @ Copyright Renewed 1939 by George Bennard; The Rodeheaver Co., Owner. Used by Permission."
391,https://hymnary.org/page/fetch/SSSH1989/391/high,"Tvvt Lord, speak, my Lord, Speak, and [ will answer, ""Lord, send me. Speak, my Lord, ~Lord, send me: [NEWLINE] Bring Them In 389 ALEXCENAH THOMAS WILLIAM A. OGDEN [NEWLINE] 1. Hark! 'tis the Shepherd'$ voice [ hear, Out in the desert dark and drear, 2 Who 'Il go and help this Shepherd kind, Help Him the wand  ring ones t0 find? 3 Out in the desert hear their CrY, Out on the mountains wild and high; [NEWLINE] Calling the sheep who've gone astray Far from the Shepherd's fold away_ Who 'II bring the lost ones to the fold, Where they' 'Il be sheltered from the cold? Hark! 'tis the Master speaks to thee, ""Go find My sheep where'er they be. [NEWLINE] Bring them in, bring them in, Bring them in from the fields of sin; [NEWLINE] rit. [NEWLINE] Bring them in, bring them in, Bring the wand 'ring "" ones t0 Je suS."
392,https://hymnary.org/page/fetch/SSSH1989/392/high,"390 Have I Done My Best for Jesus? EDWIN YOUNG HARRY E. STORRS [NEWLINE] 1.1 wonder; have 1 done my best   for Je suS, Who died up on the 2. The hours that 1 have wasted are SO man Y, The hours ['ve spent for 3. 1 wonder, have 1 cared enough for Oth ers, Or have let   them 4 No long er will stay with in the val leyFI climb to mountain [NEWLINE] cru el tree? To think   of His great  sacri fice at Cal _ V ry! Christ so few; Be cause of all my   lack of love   for Je suS, die a lone? 1 might have helped a wand'rer to the Saviour, The heights a bove; The world is dy ing now for want of some one To [NEWLINE] FH [NEWLINE] X know my Lord expects   the best from me. wonder if His heart is breaking too_ How man y are the lost  that seed of   precious Life 1 might have sown_ tell them of the Savjour'$ matchless love. [NEWLINE] HA [NEWLINE] EA] J88 1 have lifted? How many are   the chained I 've helped to free? [NEWLINE] Copyright 1924. Renewal 1952 by Harry E Storrs Assigned to Singspiration, Inc. All rights reserved. Used by permission."
393,https://hymnary.org/page/fetch/SSSH1989/393/high,"434 EXKHI wonder; have [ done my best   for Jesus, When He has   done So much for me? [NEWLINE] pp| Ready A. C. PALMER [NEWLINE] A C.PALMER [NEWLINE] 1. Ready to suf fer grief Or pain, Ready to stand the test; 2. Ready to g0, read y to bear, Ready to watch and pray; 3. Ready to speak, read y to think, Ready with heart and mind; 4 ReadY to speak; read y to warn, Ready 0 'er souls to yearn; [NEWLINE] 8BI [NEWLINE] Ready to stay at home and send Others if He sees best: Ready to stand 4 side and give Till He shall clear the way_ ReadY to stand   where He sees fit, Ready His will to find. Ready in life Or read y in death, Ready for His re turn [NEWLINE] ReadY to g0, read y to stay , Ready my place to fill; [NEWLINE] Ready for serv ice lowly or great, ReadY t0 do His will."
394,https://hymnary.org/page/fetch/SSSH1989/394/high,"A Soul Winner for Jesus J. W. FERRILL J   W. FERRILL [NEWLINE] 1. want t0 be a soul win ner for Je suS ev 'ry day, He 2. [ want to be a soul win ner and bring the   lost to Christ, That 3. 1 want t0 be a soul win ner till Je suS   calls for me, To [NEWLINE] does SO much for me; want to aid the lost sinner to leave his  err ing they His grace may know; want to live for Christ ever, and do His bless ed lay my bur dens down; [ want to hear Him say, ""Servant, you've gathered many [NEWLINE] 7V|| JE way, And be   from   bondage free. will, A Be cause He loves me soul SO. winner for sheaves, Re ceive a winner crown. for Je starTy sus [NEWLINE] Je suS, A soul win ner   for Je suS, Christ  the Lord, win ner   for Je suS Christ the Lord, [NEWLINE] let me be each day; A soul winner   for Je suS, A win ner for Je sus Christ the Lord,"
395,https://hymnary.org/page/fetch/SSSH1989/395/high,"34 soul winner for Je sus, He'$ done so much for me_ winner for Je suS Christ the Lord, [NEWLINE] 0 Zion, Haste MARY A. THOMSON [NEWLINE] JAMES WALCH [NEWLINE] 1.0 Zi on, haste, thy mission high ful fill ing; To tell to all the 2 Be hold how man y thousands still are ly ing; Bound in the darksome 3. Proclaim t0 ev Ty people, tongue and na tion That   God in Whom they 4. Give of   thy sons to bear the message   glorious; Give of   thy wealth to [NEWLINE] world that God is Light; That He who made   all nations is not will ing pris onhouse of sin, With none to tell them of   the Saviour' $ dy ing; live and move is love; Tell how He   stooped to save His lost cre a tion, speed them on  their way; Pour out thy soul for them in prayer vic to rious; [NEWLINE] One soul should per ish, lost in shades of night Or of the life He died for them to win. Pub lish glad ti dings, And   died on earth that man might live a bove. And all   thou   spendest Je suS will re pay. [NEWLINE] 3F4 Tidings   of peace; Tidings of Je suS; Redemp-tion and re lease ."
396,https://hymnary.org/page/fetch/SSSH1989/396/high,"To the Work! [NEWLINE] FANNY J. CROSBY [NEWLINE] WILLIAM H: DOANE [NEWLINE] 1. To the work! to the work! we are servants   of God, Let uS fol low the 2. To the work! to the work! let the hun gry be   fed, To the fountain of 3. To the work! to the work! there is la bor for all, For the kingdom of 4. To the work! to the work!  in the   strength of the Lord, And a robe and 0 [NEWLINE] path that our Mas ter hath trod; With the balm of His coun sel our Life let   the wea ry be led; In the cross and its   ban ner our dark ness and er ror shall   fall; And the name of Je ho vah ex crown shall our la bor reward When the Home of the   faith ful our [NEWLINE] strength to re new, Let uS do with our might what our hands find to do. glo ry shall be, While we her ald the tidings, ""Sal va tion is freel"" alt ed shall be, In the loud swelling cho rus, ""Sal va tion is freel"" dwelling shall be And we shout with the ransomed,""Sal va tion is freel"" [NEWLINE] 080 Toil ing on, toil ing on, Toil ing Toil ing on, toil ing on, [NEWLINE] on, [NEWLINE] toil ing on; Let uS hope , Toil ing on, toil ing on; and trust,"
397,https://hymnary.org/page/fetch/SSSH1989/397/high,"let uS watch [NEWLINE] And [NEWLINE] Ia bor till the Mas ter comes. [NEWLINE] and pray, [NEWLINE] Help Somebody Today 395 CARRIE E. BRECK CHARLES H. GABRIEL [NEWLINE] 1. Look all around you, find someone in need, Help somebod y to day! 2. Man y are waiting a kind, lov-- ing word Help somebod y to day 3. Man y have burdens too heav y to   bear, Help somebod y to day! 4 Some are discour-aged and weary in  heart, Help somebod y to day! #UA [NEWLINE] 2 Though it be lit tle a neighbor ly deed Help somebod y to day! Thou hast a message, 0 let it be   heard, Help somebod y to day Grief is the por tion of some ev 'rywhere, Help somebod y to day! Someone the journey to Heaven should start,  Help somebod y to day [NEWLINE] Help somebod y to day, Some bod y a ~long life'$ way; Let to day, Home ward way; [NEWLINE] }NNNA [NEWLINE] SOrrow be ended, The friendless befriend-ed, 0 help somebod y to day!"
398,https://hymnary.org/page/fetch/SSSH1989/398/high,[This image is under copyright]
399,https://hymnary.org/page/fetch/SSSH1989/399/high,[This image is under copyright]
400,https://hymnary.org/page/fetch/SSSH1989/400/high,"Tell It Again R. M. McINTOSH [NEWLINE] MARY B. C. SLADE [NEWLINE] 1L. In to the tent where a gYpsy boy lay, Dy ing alone at the 2. ""Did He SO love me, a poor   lit tle   boy? Send un to me the good 3_ Bend ing we caught the last   words of   his breath; Just as he entered the 4. Smil ing he   said, as his last   sigh he   spent; 4 am SO glad that  for 2F [NEWLINE] close of the day, News of sal va tion we car ried, said he: tidings of joy? Need I not per ish? my hand   will He hold? val ley of   death: ""God sent His Son! Whoso ev er, said He: me He was sent! Whispered, while low sank the sun in the  West; 2#|4 [NEWLINE] 4|} ""No bod y ev er has told it to mel' No bod y ev er the sto Ty has told!"" Then 1 am sure that He sent Him for mel"" ""Lord, 1 believe, tell it now to the rest! [NEWLINE] Tell it again! [NEWLINE] Tell it again! Sal vation '$ sto ry re peat 0'er and 0'er, Till none can 28|| [NEWLINE] UNE EFXN say of the children  of  men, ""Nobod - y ev er has told me before VFFVHL6"
401,https://hymnary.org/page/fetch/SSSH1989/401/high,"Shall I EmptyHanded Be? 399 N.A. McAULA Y and MAUD FRAZER JOHN P. HILLIS [NEWLINE] 1. Shall [ empty -hand ed be When be side the crys tal sea 2 What re gret must then be mine When [ meet my Lord di vine, 3. If my grat 1 tude Id show Un to Him who loves me SO, 4. When the har vest days are past, Shall I hear Him say at last, 5 When the books are 0 pened wide_ And the deeds   of all are tried, [NEWLINE] shall   stand be fore   the ev er last ing throne? If I ve wast ed all the tal ents He doth lend? Let me la bor till the ev 'ning shadows fall; ""Welcome, toil er, Ive   pre pared for thee a place?"" May 1 have rec ord whit er than the snow; [NEWLINE] Must [ have a heart of shame As I answer to my name, If no soul to me can say, ' am glad you   passed my way; That some lit tle gift of love 1 may bear to realms a bove, Shall 1 bring Him gold en sheaves, Ripened fruit, not fad ed leaves, When my race on earth is run; May I hear Him say, ""Well donel [NEWLINE] Tdtld| [NEWLINE] With no works that my Re deemer there can own? (there can own?) For twas you who told me of the sinner' $ Friend. (sinner's Friend:) And not empty -handed be when comes the call: (comes the call: ) When [ see the blessed Savjour  face to face? (face to face?) Take the crown that love im mor tal doth be stow (doth be stow. )"
402,https://hymnary.org/page/fetch/SSSH1989/402/high,[This image is under copyright]
403,https://hymnary.org/page/fetch/SSSH1989/403/high,[This image is under copyright]
404,https://hymnary.org/page/fetch/SSSH1989/404/high,"Our Best [NEWLINE] S.C. KIRK [NEWLINE] GRANT C. TULLAR [NEWLINE] 1. Hear ye the Mas ter' $ call, ""Give Me thy best! 2 Wait not for men to laud, Heed not their slight; [NEWLINE] For, be it great or small, That is His test. Do then the Winning the smile of God Brings its de light! Aid ing the [NEWLINE] best you can, Not for re ward, Not for the praise of  men, But good and true Ne'er goes un blest, AII that we think Or do, Be [NEWLINE] for the Lord. it the best. [NEWLINE] Ev 'ry work for Je suS will be [NEWLINE] blest; But He asks from ev Ty one his [NEWLINE] best. [NEWLINE] E3EZ2 [NEWLINE] Our [NEWLINE] tal ents may be few, These may be small, [NEWLINE] Copyright 1912. Renewal, 1940, by TullarMeredith Co. Intemational copyright secured. Used by Permission."
405,https://hymnary.org/page/fetch/SSSH1989/405/high,"But un [NEWLINE] to [NEWLINE] Him is due Our best, our all. [NEWLINE] The Call for Reapers 403 JOHN O. THOMPSON J.B. 0. CLEMM F [NEWLINE] 1_ Far and near the fields are teem ing With the waves of 2 Send them forth with morn '$ first  beam ing, Send   them in the 3. 0 thou, whom thy Lord is send ing, Gath er now the [NEWLINE] pened  grain; Far and near their gold is gleam ing noon tide' $ glare; When the sun' $ last rays are gleam ing; sheaves of gold; Heav 'nward then at ev 'ning wend ing; [NEWLINE] DS : Send them now the   sheaves to gath er [NEWLINE] Fine [NEWLINE] 0'er the sun ny slope and plain: Bid them gath er ev 'ry where. Lord of har vest, Thou shalt come with joy un told: [NEWLINE] Ere the har [NEWLINE] vest time pass by [NEWLINE] D.S. al fine [NEWLINE] send forth reap ers! Hear uS, Lord, to Thee we cry;"
406,https://hymnary.org/page/fetch/SSSH1989/406/high,"When the Battle's Over ISAAC WATTS English: ArTr: by WM: B. BLAKE [NEWLINE] [ Am a sol dier of the cross, A follower of the Lamb, And shall [ fear to own His cause, Or blush to speak His name? 2. Must 1 be car ried to the skies On flow ery beds of ease While oth ers fought t0 win the prize, And sailed thro blood y seas? 3. Sure 1 must fight if 1 would reign, In crease my cour age, Lord; II bear the toil, en dure  the pain, Support ed by Thy Word. [NEWLINE] And when the bat tle' $ [NEWLINE] ver [NEWLINE] we shall wear a crown!   Yes, [NEWLINE] 1 AA we shall wear a crown! Yes, we shall wear a crown! And when the bat tle'$ [NEWLINE] NVL| [NEWLINE] FINE [NEWLINE] LE [NEWLINE] ver we shall wear a crown In the new Je ru sa lem: [NEWLINE] DS. [NEWLINE] Wear a crown, wear a crown, Wear a bright   and shin-= -ing crown; Wear a   crown, wear a crown,"
407,https://hymnary.org/page/fetch/SSSH1989/407/high,"The Banner of the Cross 405 DANIEL W. WHITTLE JAMES McGRANAHAN [NEWLINE] 13 There ' $ a roy al ban ner giv en for dis play To the sol diers 2 Though the foe may rage and gath er as the flood, Let the stand ard 3  0 ver land and sea, wher ev er man may dwell, Make the glo rious 4. When the glo ry dawns 'tis drawing ver near It is hast ning [NEWLINE] of the King; be   dis played: ti dings known; day by day [NEWLINE] As an en sign   fair we lift it up to day, And beneath its   folds, as sol diers   of the Lord, Of the crimson ban ner now the sto ry tell, Then be fore our King the foe   shall dis ap pear, [NEWLINE] 5 VpD| [NEWLINE] While as ransomed ones we sing: For the Truth be not dismayed! While the Lord   shall claim His own! And the cross the world shall   swayl [NEWLINE] Marching on, marching on, on, [NEWLINE] on, [NEWLINE] For Christ count ev rything but loss! And to on, on, ev rything, ev 'rything but  loss! [NEWLINE] crown Him [NEWLINE] King, toil and sing 'Neath the ban ner of the cross! we 'Il Be neath"
408,https://hymnary.org/page/fetch/SSSH1989/408/high,"406 Who Is on the Lord's Side? FRANCES R. HA VERGAL C. LUISE REICHARDT Arr: by John Goss [NEWLINE] 1. Who is on the Lord' $ side? Who will serve the King? 2. Not for   weight of glo ry, Not for crown and palm, 3. Je suS, Thou hast bought uS, Not with gold Or gem, 4 Fierce may be the con flict, Strong   may be the foe, [NEWLINE] Who will be His help ers, Oth er lives to bring? En ter we the ar my, Raise the war rior psalm; But with Thine own life blood, For Thy di a dem; But the King"" S own ar my None can ver throw; [NEWLINE] Who will   leave   the world $ side? Who will face the foe? But for Love that claim eth Lives  for whom He died: With Thy bless ing fill ing Each who comes to Thee, Round His stan dard rang ing; Vic ~try is se cure, [NEWLINE] Who IS on the Lord's   side? Who for Him will He   whom Je suS nam eth Must be on His Thou hast made uS will ing; Thou hast made uS For His truth un changing Makes   the tri umph [NEWLINE] g0? side_ free_ [NEWLINE] sure. [NEWLINE] By Thy call of mer cy, By Thy love con strain ing; By Thy grace di vine, By Thy grand re demp tion , Joy ful ly en list ing;"
409,https://hymnary.org/page/fetch/SSSH1989/409/high,"We are on the Lord ' $ side, [NEWLINE] Sav iour, we are Thinel [NEWLINE] Faith of Our Fathers [NEWLINE] FREDERICK W. FABER [NEWLINE] HENRI F. HEMY ALT. BY JAMES G. WALTON [NEWLINE] 1 Faith   of our fa thers! liv ing still In spite of dungeon, 2 Our fa thers, chained in pri sons dark, Were still in heart and 3_ Faith   of our fa thers , we still strive To win all na tions 4 Faith   of our fa thers! we will love Both friend and foe in [NEWLINE] fire and sword: how our hearts beat high with joy con science   free: How sweet would be their chil dren '$   fate, un to theel And thro' the truth that comes from God all our strife, And preach thee, too, as love knows how, [NEWLINE] Whene'er we hear that glo rious word! Faith of our fa thers! If they, like them , could die for thee! Faith of our fa thers! Mankind shall then in deed be free: Faith of our fa thers! By   kind ly words and vir tuous life: Faith of our fa thers! [NEWLINE] BB ho ly faith! We will be true to thee ho ly faith! We will be true to thee ho ly faith! We will be true to thee ho ly faith! We will be true to thee [NEWLINE] till death! till death! till death! till death!"
410,https://hymnary.org/page/fetch/SSSH1989/410/high,"Loyalty to Christ E: TAYLOR CASSEL FLORA H. CASSEL [NEWLINE] 1. From ver hill and plain There comes   the sig nal strain , 'Tis 2. 0 hear, ye   brave, the sound That moves the earth a round, 'Tis 3. Come,  join our loy al throng; We 'II rout the gi ant wrong; 'Tis 4 The strength of   youth we Iay At Je suS feet to day, 'Tis [NEWLINE] Ioy al ty, Ioy al ty, Ioy al ty to Christ; Its Ioy al ty, Ioy al ty, Ioy al ty to Christ; A Ioy al ty, loy al ty, Ioy al ty to Christ; Where loy al ty, Ioy al ty loy al ty to Christ; His [NEWLINE] mu sic rolls a long; The hills take up the song; rise to dare and do, Ring out the watchword true, Of Sa tan $ ban ners float We'I send the bu gle note, Gos pel we'Il pro claim Thro out the world' $ do main, [NEWLINE] VH4 loy al ty, loy al ty, Yes, loy al ty to Christ."
411,https://hymnary.org/page/fetch/SSSH1989/411/high,"""On to vic to ryl On [NEWLINE] to vic to ryl"" Cries our [NEWLINE] FXX great Command er: ""On! We'II move at His com great Command er: ""Onl"" [NEWLINE] mand, We'Il soon pOS sess the land, [NEWLINE] Thro Ioy al ty, [NEWLINE] P 4 Joy al ty,  Yes, loy al ty to Christ. A [NEWLINE] men."
412,https://hymnary.org/page/fetch/SSSH1989/412/high,"The Fight Is On LEILA N. MORRIS [NEWLINE] LEILA N. MORRIS [NEWLINE] 1. The fight is on the trumpet   sound is ring ing out, The cry ~To 2 The fight is on a rouse , ye soldiers   brave and truel Je ho vah 3. The fight is lead ing on to cer tain vic to Ty, The bow of [NEWLINE] arms! is heard a far and near; leads, and vic t'ry will as sure; prom ise spans the east em sky; [NEWLINE] The Lord of hosts Go buck le on His glorious name [NEWLINE] is [NEWLINE] the in [NEWLINE] 44 marching on to vic to Ty, The tri umph   of the Christ will soon appear: armor God has giv en you, And in His   strength for ev er we 'II endure. ev-'ry land shall honored be, The morn will break _ the dawn of peace is   nigh: [NEWLINE] EE The fight is on, 0 Christian sol dier, And face  to face in stern ar"
413,https://hymnary.org/page/fetch/SSSH1989/413/high,"ray_ [NEWLINE] With ar mor gleam- -ing and col ors streaming, The right and [NEWLINE] wrong en gage to day! [NEWLINE] The   fight is on, but be not [NEWLINE] HS [NEWLINE] wea Ty, [NEWLINE] Be   strong and in His might hold fast; [NEWLINE] If God be [NEWLINE] for uS, His banner 0 'er uS, We'Il sing the victor' $ song at last! for uS, 0'er uS,"
414,https://hymnary.org/page/fetch/SSSH1989/414/high,"Faith Is the Victory! JOHN H. YATES IRA D. SANKEY [NEWLINE] 1. Encamped a long the hills of light; Ye Christian soldiers, rise, And 2 His ban ner ver uS is   love, Our  sword the Word of God; We 3. On ev ry hand the foe we find Drawn up in dread ar ray; Let 4 To him that 0 vercomes the foe , White raiment shall be giv'n; Be [NEWLINE] press the bat tle ere the night Shall veil the   glow ing skies. A tread the road the saints a bove With shouts of tri umph trod. By tents of ease be left be hind, And on ward to the fray. Sal fore the an gels he shall know His name confessed in Heav n. Then [NEWLINE] gainst   the foe in vales be low Let all our strength be hurled; Faith faith, they like a whirlwind's  breath, Swept on 0 'er ev ry field; The va tion' $ hel met on each head, With truth all girt a bout, The on ward   from the hills of light; Our  hearts  will love a flame; We 'Il [NEWLINE] is the vic t0 Ty, we know, That vercomes the world. faith by which they conquered  Death Is still our shin ing shield. earth shall trem ble 'neath our tread, And ech with our shout. van quish all the hosts of night, In Je sus conqu ring name [NEWLINE] Faith is the vic to ry! Faith is the vic tory! Faith is the vic to ryl Faith is the vic to ~ryl"
415,https://hymnary.org/page/fetch/SSSH1989/415/high,"Oh, glo ri ous vic to ry, That [NEWLINE] vercomes the world. [NEWLINE] Hold the Fort [NEWLINE] P. P: BLISS [NEWLINE] P. P. BLISS [NEWLINE] 1. Ho, my comrades! see the sig nal, Wav ing in the sky! 2. See the might y host ad vancing; Sa tan lead ing on; 3. See the glo rious ban ner wav ing! Hear the trumpet blow! 4. Fierce and long the bat tle rag es, But our  Help is near; [NEWLINE] Re in forcements now ap pear ing, Vic to ry is nigh. Might y men a round uS fall ing; Cour age al most gonel In our Lead er $ name we 'II tri umph 0 ver ev ry foe. On ward comes our great Command er, Cheer; my comrades, cheer. [NEWLINE] ""Hold the fort, for [NEWLINE] am com [NEWLINE] ing; Je suS sig nals still; [NEWLINE] Wave   the an swer back to Heav en, ""By Thy grace we will:'"
416,https://hymnary.org/page/fetch/SSSH1989/416/high,"412 Onward; Christian Soldiers SABINE BARINGGOULD ARTHUR S. SULLIVAN [NEWLINE] 1. Onward, Chris tian sol 2. At the sign of tri 3. Like a might y ar 4. Onward,  then, ye peo [NEWLINE] diers , Marching as to war, umph Sa tan' $ host doth flee, my Moves   the Church of God; ple, Join our hap Py throng; [NEWLINE] With the cross of Je suS Go ing on be forel On, then, Chris tian sol diers, On to vic to ry! Broth ers, we are tread ing Where  the saints  have trod, Blend with ours your voic es In the tri umph song [NEWLINE] Christ;, the roy al Mas Hell 's foun da tions quiv We are not di vid Glo ry, laud and hon [NEWLINE] ter, Leads a gainst the foe; er At the shout of praise; ed AII one bod y we Or Un to Christ the King 00 [NEWLINE] For ward in to bat Brothers, lift your voic One in hope and doc This thru count less [NEWLINE] tle [NEWLINE] See His ban ner go! Loud your an thems raise! One in char ty Men and an gels sing: [NEWLINE] es, trine, ges [NEWLINE] On ward, Christian sol [NEWLINE] diers, Marching as to [NEWLINE] war,"
417,https://hymnary.org/page/fetch/SSSH1989/417/high,"With the cross of Je sus [NEWLINE] Go ing on be forel [NEWLINE] Stand Up; Stand Up for Jesus 413 GEORGE DUFFIELD GEORGE J. WEBB [NEWLINE] 1. Stand up,  stand up for Je suS, Ye sol diers of the cross, Lift 2.0 Stand up, stand up for Je SuS, The trumpet call 0 bey; Forth 3. Stand up, stand up for Je suS, Stand in His   strength a lone; The [NEWLINE] #| high His roy al ban ner, It must not suf fer loss; to the   mighty con flict, In this His glo rious day. arm of flesh will fail you, Ye dare not trust your own; [NEWLINE] From Ye Put [NEWLINE] vic t'ry un to vic try, His ar my   shall He lead, Till that are men now serve Him,' A gainst un numbered   foes; Let on the gos pel ar mor; And, watching un to prayer, Where [NEWLINE] ev Ty foe is van quished And Christ is Lord in deed: cour age rise with dan ger, And strength to strength op pose . du ty calls, Or dan ger, Be nev er want ing there."
418,https://hymnary.org/page/fetch/SSSH1989/418/high,"414 Stand Up, Stand Up for Jesus GEORGE DUFFIELD ADAM GEIBEL Unison [NEWLINE] 1. Stand up, stand up for Je 2. Stand up, stand up for Je 3 Stand up, stand up for Je 4 Stand up, stand up for Je [NEWLINE] suS, Ye sol diers of the suS, The trum pet call suS, Stand in His strength a suS, The strife will not be [NEWLINE] cross; bey; lone; long; [NEWLINE] Lift high His roy al ban Forth to the might y con The arm of flesh will fail This day the noise of bat [NEWLINE] ner, It flict, In you, Ye tle, The [NEWLINE] must not suf fer loss: this His glo rious day: dare not trust your own: next, the vic tor' $ song: [NEWLINE] From vic t 'ry un to ""Ye that are men now Put on the gOS pel To Him that ver [NEWLINE] vic [NEWLINE] rry His ar my shall He lead, Him A gainst un num bered foes; mor, Each piece put on with prayer; eth, A crown of life shall be: [NEWLINE] Till Let Where He [NEWLINE] serve [NEWLINE] ar [NEWLINE] com"
419,https://hymnary.org/page/fetch/SSSH1989/419/high,"rit. [NEWLINE] ev ry foe is van quished, And Christ is Lord in cour age rise with dan ger, And strength to strength op du ty calls, Or dan ger, Be nev er want ing with the King of Glo ry Shall reign ter nal [NEWLINE] deed. [NEWLINE] Stand up [NEWLINE] for Je suS, [NEWLINE] pose. there_ ly. [NEWLINE] Ye [NEWLINE] Stand up, stand up for Je suS, [NEWLINE] sol diers [NEWLINE] of the cross; [NEWLINE] Lift high His roy al [NEWLINE] ban ner, It must not, [NEWLINE] It must not suf fer [NEWLINE] loss."
420,https://hymnary.org/page/fetch/SSSH1989/420/high,"Victory Through Grace FANNY J. CROSBY JOHN R. SWENEY [NEWLINE] 1. Conquer ing now and still 2 Conquer - ing now and still 3. Conquer - ing now and still [NEWLINE] to con quer, Rid eth the to con quer, Who is this to con quer, Je suS Thou [NEWLINE] King in His won der ful Rul er of [NEWLINE] might! Lead ing the host of all the King? Whence are the ar mies which He all! Thrones and their scep ters all shall [NEWLINE] faith ful In to the midst of the fight; lead eth, While of His glo ry they sing? per ish, Crowns and their splen dor shall fall, [NEWLINE] See them   with He is our Yet shall the"
421,https://hymnary.org/page/fetch/SSSH1989/421/high,"cour age ad vanc ing, Clad in their bril liant ar Lord and Re deem er, Sav iour and Mon arch di ar mies Thou lead est, Faith ful and true to the [NEWLINE] ray, vine; last, [NEWLINE] Shout ing the name of their They are the stars that for Find in Thy man sions [NEWLINE] Lead er, Hear them ex ev er Bright in His ter nal Rest; when their [NEWLINE] DS_ U Yet to the true and the [NEWLINE] faith ful Vic try is [NEWLINE] FINE [NEWLINE] ult ing ly say: King dom will shine. war fare is past. [NEWLINE] Not to the strong [NEWLINE] is [NEWLINE] the [NEWLINE] prom ised through grace. [NEWLINE] DS. [NEWLINE] bat tle, Not to the swift is [NEWLINE] the [NEWLINE] race,"
422,https://hymnary.org/page/fetch/SSSH1989/422/high,"As a Volunteer [NEWLINE] W.S. BROWN [NEWLINE] CHARLES H. GABRIEL [NEWLINE] 1.A call for loyal soldiers Comes to one and all; 2. Yes, Je sus calls for soldiers Who are filled with pow r, 3. He calls you, for He loves you With a heart most kind, 4 , And when the war is ver, Andthe vic try won, [NEWLINE] Sol diers for the con flict, Sol diers who will serve Him He whose heart was bro ken, When the true and faith ful [NEWLINE] Will you heed the call? Ev ry day and hour; Bro ken for man kind; Gath er one by one, [NEWLINE] Will you an swer quick ly, He will not for sake you, Now, just now He calls   you, He will crown with glo ry [NEWLINE] With a read y cheer, He is ev er near, Calls in aC cents clear, AlI who there ap pear;"
423,https://hymnary.org/page/fetch/SSSH1989/423/high,"Will you be en list ed As a vol un teer? [NEWLINE] vol unteer for [NEWLINE] Je suS, [NEWLINE] A sol dier truel [NEWLINE] Oth ers have en list ed, [NEWLINE] Why not you? Je sus is the Captain, 0 why not? [NEWLINE] We will nev er [NEWLINE] fear; [NEWLINE] Will you be en list ed As a vol un teer? A men_"
424,https://hymnary.org/page/fetch/SSSH1989/424/high,"TrueHearted; WholeHearted FRANCES R. HA VERGAL GEORGE C. STEBBINS [NEWLINE] 1. True heart ed, wholeheart-ed, faith ful and Joy al, King of our 2 True heart ed, wholeheart-ed, full est al le giance Yield-= -ing hence- 3. True heart ed, wholeheart-ed, Sav iour all glo rious! Take Thy great [NEWLINE] lives, by Thy grace we will be; forth to our glo ri ous King; pow er and reign there a lone , [NEWLINE] Un der the stan dard ex Val iant en deav Or and 0 ver our wills and af [NEWLINE] alt ed and roy al, Strong in Thy strength we will bat tle for Thee lov ing 0 bedience, Free ly and joy ous ly now would we bring: fections vic to rious, Free ly sur rendered and whol ly Thine own: [NEWLINE] Peal out  the watchwordl si lence it nev er! Song of our Peal out the watchword! silence it nev er! Song of our"
425,https://hymnary.org/page/fetch/SSSH1989/425/high,"spir its, re joic ing and  free; spir its, rejoic-ing and free; [NEWLINE] Peal out the   watchword! Peal out the watchword! [NEWLINE] Ioy al for ev er, King of our lives, by Thy grace we will be. Joyal for ev er, King of our lives, by Thy grace we will be. [NEWLINE] Am Ia Soldier of the Cross? 418 [NEWLINE] ISAAC WATTS [NEWLINE] THOMAS A. ARNE [NEWLINE] 1. Am [ a sol dier of the cross, A fol low r of the Lamb? 2. Must be car ried to the skies On flow 'ry beds of ease, 3. Are there no foes for me to face? Must [ not stem the flood? 4 Sure 1 must fight, if 1 would   reign; In crease my courage, Lord; [NEWLINE] And shall fear to own His cause, Or blush to speak His name? While oth ers fought to win the prize , And sailed   thro blood y seas? Is this vile world a friend t0 grace, To help me on to God? FI bear the toil, en dure the pain, Sup port ed by Thy Word."
426,https://hymnary.org/page/fetch/SSSH1989/426/high,"Sound the Battle Cry WILLIAM F: SHERWIN WILLIAM F: SHERWIN [NEWLINE] 1. Sound the bat tle   cry! See, the foe is nigh; Raise the standard high 2. Strong t0 meet   the   foe, Marching on we g0, While our cause we know 3. 0l Thou God of all, Hear uS when we call, Help uS one and all [NEWLINE] For the Lord; Gird your armor on, Stand firm, ev ry one; Rest   your Must pre vail; Shield and banner bright; Gleaming in the light, Bat tling By Thy grace; When the battle's   done, And the vic t'ry'$ won, May we [NEWLINE] cause up on His ho ly Word: for the right We ne er can fail_ Rouse, then,  soldiers, ral ly round the wear the crown Be fore Thy face_ [NEWLINE] banner, ReadY, steadY, pass the word   along; [NEWLINE] Onward, forward, [NEWLINE] shout aloud Hosan na! Christ is Captain  of the might y throng:"
427,https://hymnary.org/page/fetch/SSSH1989/427/high,"There's a Song in the Air 420 JOSIAH G. HOLLAND KARL P. HARRINGTON [NEWLINE] 1. There ' $ a song in the air! There S a star in the sky! There' $ a 2. There'$ a tu mult of joy 0'er the won der ful birth, For the 3. In the light of that star Lie the a ges impearled; And that 4 We re joice in the light, And we ech the song That comes [NEWLINE] moth er' $ deep prayer, And a ba by' $ low cry! And the Vir gin'$ sweet boy Is the Lord of the earth. Ayl the song from a far Has swept 0 ver the world. Ev ry down through the night From the heav en ly throng: Ayl we [NEWLINE] star rains its fire while the beau ti ful sing, For the star rains its fire while the beau ful sing, For the hearth is a flame, and the beau ful sing In the shout to the love ly van gel they bring, And we [NEWLINE] man ger of Beth le hem cra dles King' man ger of Beth le hem cra dles King' homes of the na tions that Je sus is King' greet in His cra dle our Sav iour and King!"
428,https://hymnary.org/page/fetch/SSSH1989/428/high,"The First Noel [NEWLINE] Old English Carol [NEWLINE] Traditional melody from W. Sandy's ""Christmas Carols [NEWLINE] 1. The first No el the angel did say Was to certain poOr 2. And by the light of that same star, Three wise men 3 This star drew nigh to the north west; 0'er Beth le 4. Then en tered in those wise men three, Full rev rent [NEWLINE] shepherds in fields where they lay; In fields where they lay came from coun try far; To seek for a King was hem it took its rest, And there it did both ly up on their knee, And of fered there in [NEWLINE] keep-; ing their sheep; On a cold winter's night that was SO deep: their in tent, And to follow the star wher ev er it went: stop and stay, Right ver the place where Je sus Iay. His pres ence, Their gold, and myrrh, and frank in cense  [NEWLINE] No [NEWLINE] el, [NEWLINE] No [NEWLINE] el, No [NEWLINE] el, [NEWLINE] No [NEWLINE] el, [NEWLINE] Bom is the King [NEWLINE] of Is [NEWLINE] ra [NEWLINE] el."
429,https://hymnary.org/page/fetch/SSSH1989/429/high,"Thou Didst Leave Thy Throne 422 EMILY E. S. ELLIOTT Margaret TIMOTHY R MATTHEWS [NEWLINE] 1. Thou   didst leave Thy throne And   Thy king ly crown, When Thou 2. Heav en $ arch es rang When the an gels sang, Pro 3. The fox es found rest, And   the birds their nest In the 4. Thou cam est, 0 Lord, With the liv ing Word That should 5. When   the heav ens shall ring; And the an gels sing; At Thy [NEWLINE] cam est to earth for me; claim ing Thy roy al de gree; shade of the for est tree; set Thy peo ple free; com ing to vic to Ty [NEWLINE] But in Beth lehem 's home But of low ly birth But Thy couch was the sod, But with mock ing scor, Let Thy voice call me Home, [NEWLINE] 1 Was   there   found no room For   Thy ho ly na tiv ty. Didst Thou come to earth, And in great hu mil ty: 0 Thou Son of God, In the des erts of Gal lee. And with crown of thom, They bore Thee to Cal va ry. Saying, ""Yet there is room There is room at My side for thee  [NEWLINE] 154.0 come t0 my heart, Lord Je suS, There is room in my heart for Thee. 5.My heart shall rejoice, Lord Je suS, When Thou comest and call est for me."
430,https://hymnary.org/page/fetch/SSSH1989/430/high,"Joy to the World? ISAAC WATTS Based on Psalm 98 Arranged from George F. Handel [NEWLINE] 1. Joy to the world! the Lord is come; Let earth re 2 Joy to the world! the Sav iour reigns; Let men their 3 No more let sins and sOr rows grow Nor thorns in 4 He rules the world with truth and grace, And makes the [NEWLINE] ceive her King; Let ev ry heart pre pare Him room_ songs employ; While fields and floods, rocks, hills, and plains fest the   ground; He comes to make His bless ings flow na tions prove The glo ries of His   right eous ness, [NEWLINE] And Heav'n and na ture sing, And Heav 'n and na ture Re peat   the sound- -ing joy, Re peat   the sound-= -ing Far as the curse is found, Far as the curse is And wonders of His love, And wonders of His 1. And Heav'n and na ture sing; And [NEWLINE] Ba [NEWLINE] sing, And Heav'n, and Heav'n joy, Re peat, re peat found, Far as, far as love, And wonders, and won Heav'n and na ture sing, [NEWLINE] and na ture sing: the sound ing joy. the curse is found. ders of His love."
431,https://hymnary.org/page/fetch/SSSH1989/431/high,"0 Come, All Ye Faithful 424 LATIN HYMN From John F, Wade' $ Translated by Frederick Oakeley ""Cantus Diversi [NEWLINE] 1. 0 come; all ye faith ful, joy ful and tri um phant, 2. Sing; choirs of an gels, sing in ex ul ta tion , 3. Yea, Lord, we greet Thee, born this hap PY morn ing, [NEWLINE] come sing; Je [NEWLINE] ye, come ye to Beth all ye bright hosts of Heav 'n suS, to Thee be all glo [NEWLINE] le hem; a bove; ry giv'n; [NEWLINE] Come and be hold Him born the King of an gels; Glo ry to God, all glo Ty in the high est; Word of the Fa ther, now in flesh ap pear ing; [NEWLINE] +A come; let uS a dore   Him, 0 come, let uS a dore Him, 0 [NEWLINE] come; let uS a dore [NEWLINE] Him, Christ, [NEWLINE] the Lord."
432,https://hymnary.org/page/fetch/SSSH1989/432/high,"No Room in the Inn A. L. SKILTON E: GRACE UPDEGRAFF [NEWLINE] 1 No beau ti ful cham ber, 2 No sweet conse cra tion, 3. No one to re ceive Him, [NEWLINE] No soft cra dle bed, No seeking His part, No welcome while here, [NEWLINE] No place but man ger, No where for His head; No hu mil 1 a tion No place in the heart; No balm t0 re lieve Him, No staff   but spear; #p: 6 [NEWLINE] No prais es of glad ness, No thought of their sin, No thought of the Sav iour, No sor row for sin, No seeking His treas ure , No weeping for sin, [NEWLINE] rit. [NEWLINE] No glo Ty but sad ness, No room in the inn_ No prayer  for His fa VOr, No room in the inn_ No do ing His pleas ure, No room in the inn. [NEWLINE] No [NEWLINE] room, no room for Je suS, [NEWLINE] give Him welcome free, [NEWLINE] Lest"
433,https://hymnary.org/page/fetch/SSSH1989/433/high,"rit, [NEWLINE] you should hear at Heav en' $ gate, ""There is no room for thee. [NEWLINE] I Heard the Bells on Christmas Day 426 HENRY W. LONGFELLOW J. BAPTISTE CALKIN [NEWLINE] heard the bells on Christ mas day, Their old fa 2. [ thought how, as the day had come, The bel fries 3. And in des pair bowed my head: ""There is no 4 Then   pealed the bells more loud and deep: ""God is not 5. Till, ring ing; sing ing on its way, The world re [NEWLINE] mil iar car ols play, And wild and sweet the of all Chris ten dom Had rolled a Jong th'un peace on earth;' 1 said, For hate is strong; and dead, nor doth He sleep; The wrong shall fail, the volved from night to day, A voice, a chime, [NEWLINE] words re peat Of peace on earth, good will to men. bro ken  song peace on earth, good will to men mocks the song Of peace on earth; good will to men: right pre vail, With peace on earth; good will to men: chant sublime, Of peace on earth, good will to men!"
434,https://hymnary.org/page/fetch/SSSH1989/434/high,"427 We Three Kings of Orient Are JOHN H. HOPKINS JOHN H. HOPKINS [NEWLINE] 1 We three kings of 0 rient are, Bearing gifts we traVerse a far 2.0 Born a King on Bethle-hem '$ plain, Gold 1 bring to crown Him a gain, 3 Frankin-cense to of fer have 1, Incense owns a Dei ty nigh; 4. Myrrh is mine; its bit ter perfume Breathes a life of gather-ing   gloom; 5 Glorious now be hold Him a rise, King and God and Sac ri fice; [NEWLINE] Field and foun tain, moor and moun tain, Fol low ing yon der star. King for ev er, ceas ing nev er ver uS all to reign: Prayer and prais ing; all men rais ing, Worship Him, God on high. Sorrowing, sigh ing, bleed ing, dy ing, Sealed in the stonecold tomb Al le lu ia, Al le ia! Peals through the earth and skies. [NEWLINE] EE} [NEWLINE] star of won der, Star of night; Star   with roy al beau ty [NEWLINE] bright. Westward leading; still   pro ceeding; Guide us to thy per fect   light:"
435,https://hymnary.org/page/fetch/SSSH1989/435/high,"It Came Upon the Midnight Clear 428 EDMUND H. SEARS RICHARD S. WILLIS [NEWLINE] 1. It came up on the  midnight clear; That glo rious song of old, 2. Still through the clo ven skies they come, With peace ful wings un furled, 3_ And ye, beneath life'$ crushing load, Whose forms are bend ing low, 4 For lo, the days are hast ning on, By   proph et bards foretold, [NEWLINE] From an gels bend ing near the   earth; To touch their harps of gold: And still their heav 'n ly mu sic floats 0 er all the wea ry world: Who toil a long the climbing way With   painful steps and slow,  When with the ev er cir_ ~cling years Comes round the age of gold; [NEWLINE] ""Peace on the   earth, goodwill to men, From Heav'n's all gra cious King A bove its   sad and low ly plains They bend on hov 'ring wing: Look now! for glad and golden hours Come swift ly on the wing; When peace shall 0 ver all the   earth Its an cient splen dors fling: [NEWLINE] The world in sol emn   still ness lay To hear the an gels sing: And ev er 0 'er its Babel sounds The bless ed an gels sing: 0 rest beside the wea ry road, And hear the an gels sing: And the whole world give back the song Which now the an gels sing:"
436,https://hymnary.org/page/fetch/SSSH1989/436/high,"429 Hark! the Herald Angels Sing CHARLES WESLEY FELIX MENDELSSOHNBARTHOLDY Arranged by William H. Cummings [NEWLINE] 1. Hark! the her ald an gels sing; ""Glory to the newbom King: 2 Christ, by  high est Heav 'n adored, Christ, the ev er last ing Lord: 3 Hail the Heav 'nborn Prince of  Peace! Hail the Sun of righteous-ness! 4. Come, De sire of nations, comel Fix in uS Thy humble home: [NEWLINE] Peace on earth, and mer cy mild: God and sin ners rec on ciled:' Late in time be hold Him come, Offspring of vir gin'$ womb: Light and life to all He brings; Ris 'n with heal ing in His wings: Rise, the Wo man ' $ conqu ring Seed, Bruise in uS the serpent's   head; [NEWLINE] Joyful, all ye nations,   rise, Join  the tri umph of the skies; Veiled in flesh   the Godhead see, Hail th'incar nate De ty! Mild He lays His glo Ty by, Bom that man no more may  die; Ad am'$ likeness now ef face, Stamp Thine image in its place: [NEWLINE] With an gel ic hosts   proclaim, ""Christ is bom in Beth le hem. Pleased as man with men to dwell, Je sus our Im man u el. Bom to raise   the sons of earth; Bor to give them sec ond birth. Sec ond Ad am from a bove, Re in state uS in Thy love. [NEWLINE] px"
437,https://hymnary.org/page/fetch/SSSH1989/437/high,"Hark! the her ald an gels sing; ""Glo Ty to the newborn King: [NEWLINE] While Shepherds Watched Their Flocks   430 NAHUM TATE GEORGE F: HANDEL [NEWLINE] 13 While shepherds watched their flocks by night, All seated on the 2. ""Fear not! said he; for mighty dread Had seized their trou bled 3.""To you, in Dav id'$ town this day, Is bomn of Dav id' $ 4.""The heav'nly Babe you there shall find To human view dis 5. AlI glo ry be to God on high, And to the   earth be [NEWLINE] ground, mind, line, played, peace: [NEWLINE] The an gel of the Lord came down, And ""Glad ti dings of great joy bring, To The Sav iour who is Christ the Lord; And AlI mean ly wrapped in swath-| ing bands, And Good will hence forth   from   Heav' n to men, Be [NEWLINE] glo ry shone a round, you and all man kind, this shall be the sign: in a manger laid, gin and nev er cease, [NEWLINE] And glo ry shone a round. To you and all man kind. And this shall be the sign: And in a man ger laid_ Be gin and nev er cease."
438,https://hymnary.org/page/fetch/SSSH1989/438/high,"Silent Night! Holy Night! JOSEPH MOHR FRANZ GRUBER [NEWLINE] 1, Si lent  night, ho ly night; AII is calm, all is bright 2 Si lent   night, ho ly night, Shepherds quake at the sight, 3_ Si lent  night, ho ly night, Son of God, love' $ pure light 4. Si lent   night, ho ly night; Wondrous star, lend thy light; [NEWLINE] Round yon vir gin mother and child. Ho ly infant SO ten der and mild, Glories   stream from Heaven a far , Heav'nly hosts sing Al le lu ia; Radiant beams from Thy ho ly face, With the dawn of re deem ing grace, With the an gels let uS sing, Al le lu ia to our King; [NEWLINE] Sleep in heav en ly peace, Christ the Sav iour is born! Je suS, Lord, at   Thy birth, Christ the Sav iour is bom. [NEWLINE] Sleep in heav en ly peace_ Christ the Sav iour is born! Je sus, Lord, at Thy birth. Christ the Sav iour is bom. [NEWLINE] 432 Angels, From the Realms of Glory JAMES MONTGOMERY HENRY SMART [NEWLINE] 1. An gels, from the realms   of Glo Ty, Wing  your flight 0'er all the earth; 2. Shepherds, in the field a bid ing; Watching 0'er your flocks by night, 3. Sa ges, leave your con templa tions, Brighter vi sions beam a far; 4. Saints, be fore the al tar bending,   Watching long in hope and fear,"
439,https://hymnary.org/page/fetch/SSSH1989/439/high,"Ye; who sang cre a tion S Sto Ty, Now   proclaim Mes si ah S birth: God   with man is now re sid ing; Yonder   shines the In fantLight: Seek   the   great De sire of na tions, Ye have seen His na tal star; Sudden ly the Lord, descend-ing, In His temple  shall ap pear; [NEWLINE] Come and worship, come and worship, Worship Christ the newborn King: [NEWLINE] Away in a Manger 433 MARTIN LUTHER MARTIN LUTHER [NEWLINE] 1. A way in a manger, No crib for a bed, The lit tle Lord 2. The cat tle are low ing; The Ba by a wakes, But lit tle Lord 3 Be near me, Lord Je suS, 1 ask Thee to stay Close by me for [NEWLINE] Je suS Laid down His sweet head; The stars in the sky Looked Je suS, No cry ing He makes; love   Thee, Lord Je sus! Look ev er, And love me, I pray; Bless all the dear chil dren  In [NEWLINE] down where He layThe lit tle Lord Je suS, A sleep on the hay. down from the sky, And stay by my cra dle, Till moming is nigh. Thy ten der care, And take uS to Heaven, To live with Thee there."
440,https://hymnary.org/page/fetch/SSSH1989/440/high,"434 0 Little Town of Bethlehem PHILLIPS BROOKS LEWIS H. REDNER [NEWLINE] L. 0 lit tle town of Beth lehem, How still we see thee liel A 2. For Christ is bom of Ma ry; And gathered all a bove, While 3. How si lent ly,, how si lently The wondrous gift is giv'n! So 4 0 ho ly Child of Bethle- hem, Descend to uS, we pray; Cast [NEWLINE] bove   thy deep and dreamless sleep The si lent stars g0 by; Yet Mor tals sleep; the an gels keep Their watch   of wond ring love. 0 God im parts to hu man hearts The blessings of His Heav'n. No out our sin and en ter in Be born in uS to day. We [NEWLINE] in thy dark   streets shin eth The ev er last ing Light; The morning   stars, to geth er Pro claim the ho ly birth And ear may hear His com ing; But in this world  of sin, Where hear   the Christ mas an gels The great   glad ti dings tell [NEWLINE] hopes and fears of all the years Are met in thee to night: prais es sing to God the King; And peace to men on earth. meek souls will re ceive Him still, The dear Christ en ters in. come to uS, a bide with uS, Our Lord Em man el: [NEWLINE] BR"
441,https://hymnary.org/page/fetch/SSSH1989/441/high,"0 Beautiful for Spacious Skies 435 KATHERINE L. BATES SAMUEL A. WARD [NEWLINE] 1.0 beau ti ful for spacious skies, For am ber waves   of grain, 2. 0 beau ful for pil grim feet; Whose stern, impas-sioned stress 3. 0 beau ful for he roes proved In lib er at ing strife, 4 0 beau ti ful for patriot dream That sees beyond the years [NEWLINE] For pur ple mountain maj esties A bove the fruit ed plain! A thorough-fare for free dom beat A cross the wil der ness! Who more than self their coun try loved, And mer cy more than lifel Thine al abas ter cit ies gleam; Undimmed by hu man tears! [NEWLINE] A mer A mer [NEWLINE] ca! A mer [NEWLINE] cal God shed His   grace on thee, ca! A mer ca! God mend thine ev ry flaw, A mer ca! A mer ca! May God thy gold re fine , A mer ca! A mer ca! God shed His   grace on thee, [NEWLINE] And crown thy good with broth erhood From sea to shining sea! Con fir thy soul in self con trol, Thy lib er ty in law! Till all SuCcess be no ble ness And ev ry gain di vinel And crown thy good with broth erhood From sea to shining sea!"
442,https://hymnary.org/page/fetch/SSSH1989/442/high,"The StarSpangled Banner FRANCIS SCOTT KEY FRANCIS SCOTT KEY [NEWLINE] 1.0 say, can you see, by the dawn'$ ear ly   light, What so proudly we 2. On the shore, dimly seen through the mists   of the deep; Where the foe's haughty 3 And where is that band, who s0 vaunting ly swore That the hav OC of 4. 0 thus be it ev er when   free men shall   stand Be tween their loved [NEWLINE] hailed at the twilight's last gleaming? Whose broad stripes and bright stars, thro' the host in dread silence re pOS es, What   is that which the   breeze, 0 'er the war and the bat tle' $ con fusion, A home and a coun try should homes and the war' $ des Ia tion; Blest with vic t'ry and peace, may the [NEWLINE] per il ous fight, O0'er the ram parts we watched, were sO gal lant ly tow er ing steep, As it fit fully blows, half con ceals, half dis leave uS no more? Their blood has washed out their foul footsteps' pol Heav'nres-cued land Praise the Pow' r that hath made and preserved uS"
443,https://hymnary.org/page/fetch/SSSH1989/443/high,"streaming? And the rocket' $ red glare, the bombs   bursting in air, Gave closes? Now it catches the gleam of the moming' S first beam , In full lu tion; No ref uge could save the hire ling and slave From the nation! Then conquer we must, when our cause it is just; And [NEWLINE] proof through the night that our flag was still there. say, does   that glo ry re flect ed, now shines on the stream: Tis  the Starspan-gled ter ror of flight Or the   gloom  of the grave; And the Starspan-gled this be our mot to: ""In God is our trust! And the Starspan-gled [NEWLINE] Star span gled Ban ner yet Ban ner; long may it Ban ner in tri umph doth Ban ner in tri umph shall [NEWLINE] wave [NEWLINE] 0'er the land 0'er the land 0'er the land O'er the land [NEWLINE] wave [NEWLINE] wave [NEWLINE] wave [NEWLINE] of the free, of the free, of the free, of the free , [NEWLINE] and the home of the brave? and the home of the brave. and the home of the brave. and the home of the brave."
444,https://hymnary.org/page/fetch/SSSH1989/444/high,"437 Battle Hymn of the Republic JULIA WARD HOWE WILLIAM STEFFE [NEWLINE] 1 Mine eyes have seen the glory of the com ing of the  Lord; He is 2 1 have seen Him in the watchfires of a hundred circling camps; They have 3. He has sounded forth the trumpet that shall nev er sound retreat; He is 4. In the beau ty of the lil ies Christ was born aCrOSS  the sea, With a [NEWLINE] PL| [NEWLINE] trampling out the   vintage where the grapes of wrath are stored; He hath loosed the build ed Him an al tar in the ev- 'ning dews and damps; 1 can read His sift ing out the  hearts of men be fore   His judgment seat. 0 be swift, my glo ry in His bos om that trans fig ures you and me; As He died to #x4FF [NEWLINE] fateful lightning of  His ter ri ble swift sword; His truth is   marching on. righteous sentence by the dim and flaring lamps; His day is marching on. soul, to answer Him! be ju bilant, my feet! Our God is   marching on. make men ho ly, let uS die to make men free; While God is   marching on. [NEWLINE] Glory! glory, hal le lu jah! Gloryl glory, hal le lu jah! Glory! glory, hal le lu jah! Glo ~ry! glory, hal le lu jah! Glory! glory, hal le lu jah! Glo ry! glo ry, hal le lu jah! Glory! glory, hal le lu jah! Glo ~Tyl glo Ty , hal le lu jah!"
445,https://hymnary.org/page/fetch/SSSH1989/445/high,"Glo ryl glo ry, hal le lu jah! His truth is march-= -ing on. Glo ry!glo ry, hal le lu jah! His day is march-= -ing on. Glo ry! glo ry, hal le lu jah! Our God is march-= -ing on: Glo ry!glo ry, hal le lu jah! While God is marching on. [NEWLINE] My Country, 'Tis of Thee 438 SAMUEL FRANCIS SMITH Anonymous From ""Thesaurus Musicus' [NEWLINE] L. My coun try, tis of thee, Sweet land of lib er ty, 2. My na tive coun try, thee, Land of the no ble free , 3. Let mu sic swell the breeze, And ring from all the trees 4. Our fa thers God, to Thee, Au thor of lib er ty, [NEWLINE] Of thee sing: Land where my fa thers died, Land of the Thy name love: 1 love thy rocks and rills, Thy woods and Sweet freedom S song: Let mor tal tongues a wake, Let all that To Thee we sing: Long may our land be bright With freedom S [NEWLINE] pil grims pride, From ev ry mountain side Let free dom   ring! tem pled hills;  My heart with rap ture thrills Like that a bove. breathe   partake; Let rocks their si lence break, The sound pro _ long: ho ly light; Pro tect uS by Thy might, Great God, our King!"
446,https://hymnary.org/page/fetch/SSSH1989/446/high,"Count Your Blessings JOHNSON OATMAN, JR EDWIN 0. EXCELL [NEWLINE] L When up on life' $ billows you are tem pesttossed, When you are dis 2 Are you ev er burdened with a load of care? Does the cross seem 3 When you look at oth ers with their lands and gold, Think that Christ has 4 So, a mid the conflict, whether   great Or small Do not be dis [NEWLINE] couraged, thinking all is lost, Count your man y bless-= ings, name them heav y you are called t0 bear? Count your man y blessings, ev ry promised   you His   wealth un told; Count your man y blessings, money couraged, God is ver all; Count your man y blessings,   angels [NEWLINE] one by one, And it will sur prise you what the Lord hath done doubt will fly, And you will be sing ing as the days g0 by. can not buy Your reward in Heaven, nor your Home on high. will at tend, Help and comfort give  you to  your journey' $ end. [NEWLINE] Vv | [NEWLINE] Count [NEWLINE] your blessings, name them one by one; Count your Count your many blessings, name them one by one; Count your man y [NEWLINE] 8R blessings, See what God hath done; Count your blessings, bless-= -ings, See what God hath   done; Count your many blessings, #2"
447,https://hymnary.org/page/fetch/SSSH1989/447/high,"rit. [NEWLINE] a tempo FE60| TW Name them one by one: Count your many blessings, See what God hath done. A+L [NEWLINE] Thanks to God [NEWLINE] From the Swedish Translated by C. E. Backstrom [NEWLINE] J.A. HULTMAN [NEWLINE] 1. Thanks to God for my Re deem er, Thanks for all Thou dost providel 2 Thanks for prayers that Thou hast   answered, Thanks for what Thou dost de ny! 3 Thanks for ros es by the wayside, Thanks for thorns their stems contain! [NEWLINE] Thanks for times now but a mem ry, Thanks for Je suS by my sidel Thanks for  storms that 1 have   weathered, Thanks for all Thou dost sup ply! Thanks for home and thanks for fireside, Thanks for hope , that sweet re frain! [NEWLINE] Thanks for pleas ant, balmy springtime,  Thanks for dark and dreary falll Thanks for   pain, and thanks for pleas ure, Thanks for com fort in de spair! Thanks for joy and thanks for sor Fow, Thanks for heav'n-'ly peace with Theel [NEWLINE] Thanks for tears by now for got ten, Thanks for peace with in my soull Thanks for grace that none can measure , Thanks for love beyond compare. Thanks for hope in the to morrow_ Thanks through all ter ni ty"
448,https://hymnary.org/page/fetch/SSSH1989/448/high,"Great Is Thy Faithfulness THOMAS 0. CHISHOLM WILLIAM M RUNYAN [NEWLINE] 1. ""Great is Thy faith fulness, God my Fa ther, There is no 2 Summer and win ter, and springtime and harvest, Sun, moon, and 3. Par don for sin and a peace that en dur eth; Thy own dear [NEWLINE] shad ow of tum ing with Thee; Thou changest not; Thy com stars in their cours es a bove, Join with all na ture in pres ence to cheer and to guide; Strength for to day and bright [NEWLINE] TT [NEWLINE] passions, they fail not; As Thou hast been Thou for ev er wilt man 1 fold wit ness, To Thy   great   faith ful ness, mer cy and hope for to mor row, Blessings, all mine, with ten thousand be [NEWLINE] be love_ ""Great is   Thy   faithful-ness! sidel [NEWLINE] Great   is   Thy faithful-ness!"" [NEWLINE] )ES [NEWLINE] Morning   by moming new mercies 1 see; AlL [ have need ed Thy [NEWLINE] Copyright 1923. Renewal 1951 by William M Runyan. Assigned to Hope Publishing Co. All rights reserved. Used by permission. Favorite sOng of Dr. Clyde Narramore."
449,https://hymnary.org/page/fetch/SSSH1989/449/high,"hand hath pro vid ed ""Great is Thy faithful-ness; Lord, unto mel [NEWLINE] We Gather Together 442 Anonymous Netherlands Folk Song Translated by Theodore Baker Arranged by Edward Kremser [NEWLINE] 1. We gath er to geth er to ask the   Lord' s bless ing; 2. Be side uS to guide uS, our God with uS join ing; 3 We all do ex tol Thee, Thou Lead er in bat tle, [NEWLINE] He chas tens and has tens His will to make known; Or dain ing; main tain ing His king dom di vine; And pray that  Thou still our De fend er wilt be. [NEWLINE] The wick ed op press ing cease them from dis tress ing, So from the be gin ning the fight we were win ning; Let Thy con gre ga tion es cape trib la tion; [NEWLINE] Sing prais es to His name, Thou, Lord, wast at our side Thy name be ev er praised. [NEWLINE] He for gets not His own. the glo ry be Thinel 0 Lord, make uS freel"
450,https://hymnary.org/page/fetch/SSSH1989/450/high,"443 Lead Me Gently Home; Father WILL L. THOMPSON WILL L: THOMPSON [NEWLINE] L Lead me gen tly   Home, Father, Lead me gen tly Home, 2. Lead me gen tly   Home, Father, Lead me gen tly Home, 3 Lead me gen tly   Home, Father; Lead me gen tly Home, [NEWLINE] BT [NEWLINE] When   life's  toils are end ed, and part ing days have come; In life' $ dark est hours, Fa ther, when life' $ trou bles come; In temp tation '$ hours, Fa ther, when sore tri als come; [NEWLINE] BI| [NEWLINE] Sin no more   shall tempt me, Keep my feet from wan dering, Be Thou near to keep me, [NEWLINE] Ne'er   from Thee T roam, Lest from Thee roam, Take me as Thine own, [NEWLINE] rit. p [NEWLINE] If  Thou'It on ly lead me, Fa ther, Lest fall up on the  wayside, Lead me gen tly   Home. For can not live without Thee, [NEWLINE] Lead me gen tly Home, Father, lead me gen tly, Lead me gen tly Home, Father, Lead me gen tly Home, Father,"
451,https://hymnary.org/page/fetch/SSSH1989/451/high,"rit [NEWLINE] Lest 1 fall up on the   wayside, Lead me gently Home. gen tly Home. [NEWLINE] Almost [NEWLINE] PP. BILHORN [NEWLINE] P. P. BILHORN [NEWLINE] 13 Almost, but still re sist ed, Almost, but nev er believed; 2 Almost at one time I yield ed, Almost at one time was  saved; 3. Almost, why long  er re fuse Him? Almost, 0 lost one, be lieve; [NEWLINE] rit. [NEWLINE] Almost, but wait ed   and wait ed, Till the sweet  Spir it was grieved. Almost;, but drift ed   and drift ed, Sa tan thus held me en slaved: Almost, swing 0 pen thy heart'$   door, Je sus the Savjour re ceive. [NEWLINE] ff ^ p [NEWLINE] Now is the   time to re ceive   Him, Now is the time t0 be saved; [NEWLINE] 44 66 ff cresc. rit. Bi HKY Now, while the   Spir it is plead ing; Now, Je sus wait eth to save."
452,https://hymnary.org/page/fetch/SSSH1989/452/high,"Friendship With Jesus J.C. LUNDGATE S. FOSTER [NEWLINE] L.A friend of Je suS, oh, what bliss That one SO weak as 2. A Friend   when oth er friendships cease, A Friend   when oth ers fail; 3. A Friend to lead me in the dark, A Friend who knows the way; 4. A Friend   when sickness lays me low, A Friend   when death draws near; 5. A Friend when life'$ rough voyage is 0'er, A Friend   when death is past; [NEWLINE] Should ev er have a Friend   like this To lead me to the sky. A Friend who gives me joy and peace, A Friend who will pre vail. A Friend to steer   my weak, frail bark, A Friend my debts to pay. A Friend as thro the vale I g0, A Friend to help and cheer. A Friend to greet on Heaven'$ shore, A Friend when Home at last: [NEWLINE] Friend ship with Je sus, Fel low ship di vine; [NEWLINE] rit. [NEWLINE] 4} 4 Oh, what   blessed sweet com mun ion, Je suS is a Friend  of mine."
453,https://hymnary.org/page/fetch/SSSH1989/453/high,"Ivory Palaces 446 HENRY BARRACLOUGH HENRY BARRACLOUGH [NEWLINE] 1. My Lord has garments s0 wondrous fine, And myrrh their texture   fills; 2. His life had al SO its SOrrowS sore, For al oes had part; 3 His   garments tOO were in cas sia dipped, With heal ing in a touch; 4 In garments  glo ri ouS He will come; To pen wide the   door; [NEWLINE] Its   fragrance reached to this heart of  mine, With joy my be ing thrills. And when [ think of the cross He bore, My eyes with teardrops start. Each time my feet in some sin have slipped, He took me from its clutch: And 1 shall en ter my heav'nly Home, To dwell forev er more . [NEWLINE] DUET Slowly, softly, and with much expression PN 34 Out of the 1 Vo Ty pal a ces In to a world of woe, [NEWLINE] FULL CHORUS [NEWLINE] DUETVery softly [NEWLINE] PH Only His great e ter nal  love [NEWLINE] made my Saviour go."
454,https://hymnary.org/page/fetch/SSSH1989/454/high,[This image is under copyright]
455,https://hymnary.org/page/fetch/SSSH1989/455/high,[This image is under copyright]
456,https://hymnary.org/page/fetch/SSSH1989/456/high,"Dwelling in Beulah Land C:. AUSTIN MILES C. AUSTIN MILES [NEWLINE] 1. Far away the noise of strife up on my ear is fall ing; 2. Far below the storm of doubt up on the world  is beat ing; 3. Let the storm y breez es blow, their cry cannot a larm me; 4. View ing here the works of God, 1 sink in con tem pla tion, [NEWLINE] Then 1 know the sins of earth be set on ev ry hand: Sons of men in bat tle long the en my with stand: am safe ly shel tered here, pro tect ed by God $ hand: Hear ing now His bless ed voice, 1 see the way He planned: [NEWLINE] Doubt and  fear and things of earth in vain to me are call ing, Safe am with in the cas tle, ofGod's Word re treat ing, Here the sun is al ways shin ing, here there'$ naught can harm me, Dwell ing in the Spir it here, I learn of full sal va tion , [NEWLINE] Copyright 191 by HallMack Co. @ Copyright Renewed 1942 (extended), The Rodeheaver Co , Owner: Used by Permission:"
457,https://hymnary.org/page/fetch/SSSH1989/457/high,"None of these shall move me from Beu lah Land: Noth ing then can reach me tis Beu lah Land 1 am safe for ev er in Beu lah Land: Glad ly will tar ry in Beu lah Land. [NEWLINE] Tm Tm Im Im [NEWLINE] TA 9 liv ing on the   mountain, under - neath a cloudless sky, Tm Praise God! [NEWLINE] drinking at the fountain that nev er shall run dry; 0 yes! Im [NEWLINE] feast ing on the man na from a boun ti ful sup ply, For [NEWLINE] am [NEWLINE] dwell ing in [NEWLINE] Beu [NEWLINE] lah [NEWLINE] Land"
458,https://hymnary.org/page/fetch/SSSH1989/458/high,"The Lights of Home FANNY J. CROSBY CHARLES H. MARSH Duet [NEWLINE] 1. 0 the  friends that now are wait ing; In the cloudless realms of day, 2 They have laid aside their ar mor For the robe of spotless white; 3. On those dear famil-iar fac es There will be no trace of  care; [NEWLINE] 94 Pyy [NEWLINE] Who are call And with Je Ev ry sigh [NEWLINE] ing me to fol low Where their steps have led the suS they are walk ing Where the riv er sparkles was hushed forev er At the palace gate SO [NEWLINE] way; bright. fair. [NEWLINE] They have laid a side their ar mor, And their earth ly We have   la bored here to geth er, We have la bored [ shall see them, [ shall know them; [ shall hear their [NEWLINE] 45 They have kept the faith with pa tience And their Just a lit tle while be fore me They have And we'II all sing hal le lu jah In our [NEWLINE] course is run; side by   side, song of love,"
459,https://hymnary.org/page/fetch/SSSH1989/459/high,"crown of life is won crossed the roll ing tide. They are call ing, gen tly call ing; Sweetly Father' s house a bove. [NEWLINE] call ing me to come, And Tm look ing through the RaR rit. ] [NEWLINE] shad Ows For the bless ed lights of Home. [NEWLINE] Where Could [ Go? 451 J.B. COATS [NEWLINE] J,B. COATS [NEWLINE] 1. Liv ing below in this   old sinful world, Hardly a comfort can af ford; 2. Neighbors are kind, [ love them ev-'ryone;, We get along in  sweet accord; 3. Life   here is grand, with friends [ love $0 dear; Comfort [ get from God '$ own Word; [NEWLINE] Cho Where could [ g0, 0 where could [ g0; Seeking a refuge for my soul? [NEWLINE] D.C: for Chorus [NEWLINE] Striving alone to face tempta-tions sore, But when my soul needs manna from a bove, Where could  go but to the Lord? Yet when 1 face the chilling hand of Death, 66 [NEWLINE] Needing a friend to help me in the end, Where could [ g0 but to the Lord? Copyright 1940, by StampsBaxter Co. in ""Golden Key."
460,https://hymnary.org/page/fetch/SSSH1989/460/high,[This image is under copyright]
461,https://hymnary.org/page/fetch/SSSH1989/461/high,"The Touch of His Hand on Mine 453 [NEWLINE] JESSIE BROWN POUNDS [NEWLINE] HENRY P MORTON [NEWLINE] 1. There are days So dark that 1 seek in vain For the face of my 2. There are times, when tired of the toilsome   road, That   for ways of the 3_ When the way is dim, and can not see Through the mist of His 4. In the last sad hour, as [ stand a lone Where  the pow ers of [NEWLINE] Friend Di vine; But though darkness hide, He is there to guide world 1 pine; But He draws me back to the up ward   track wise de sign, How my glad  heart yearns   and my faith re tums death com bine , While the dark waves roll He will guide my soul [NEWLINE] By the touch of His   hand on mine. [NEWLINE] the touch of His   hand on [NEWLINE] mine, the touch of His hand on minel There is grace  and on mine, on minel [NEWLINE] HVE [NEWLINE] pow' 1, in the try ing hour, In the  touch of His   hand on mine. [NEWLINE] Copyright 1913. Renewal 1941 by Henry P. Morton. Assigned to Hope Publishing Co. All rights reserved: Used by permission."
462,https://hymnary.org/page/fetch/SSSH1989/462/high,"He Will Hold Me Fast [NEWLINE] ADA R HABERSHON [NEWLINE] ROBERT HARKNESS [NEWLINE] 1. When 1 fear my faith will fail, Christ will hold me fast; 2. [ could nev er keep my hold, He will hold me fast; 3. [ am pre cious in His  sight; He will hold me fast; 4. He'Il not let my soul be lost, Christ will hold me fast; XV [NEWLINE] rall: [NEWLINE] When the tempt er would pre vail, He can   hold me fast. For my love is oft en cold, He can hold me fast. Those He saves are His de light, He  can hold me fast; Bought by Him at such a cost, He can hold me fast. 1E E [NEWLINE] a tempo [NEWLINE] He will hold me fast, hold me fast, [NEWLINE] He will hold me fast; hold me fast; [NEWLINE] rall. [NEWLINE] For my Sav iour loves me So [NEWLINE] He will hold me fast, [NEWLINE] Copyright 1906. Renewal 1934 extended. Hope Publishing Co. owner. All rights renewed: Used by permission:"
463,https://hymnary.org/page/fetch/SSSH1989/463/high,"0 Perfect Love [NEWLINE] DOROTHY F GURNEY [NEWLINE] JOSEPH BARNBY [NEWLINE] 13 0 per fect Love, all hu man thought  tran scend ing; 2 0 per fect Life, be Thou   their full as sur ance 3. Grant   them the joy which bright ens earth ly SOr row 4 Hear US, 0 Fa ther; gra cious and for giv ing, [NEWLINE] Low ly we kneel in prayer be fore Thy throne , Of ten der char ty and stead fast faith, Grant them the peace which calms all earth ly strife, Through Je suS Christ; Thy Co ter nal Word, [NEWLINE] That theirs may be the love which knows no end ing; Of pa tient hope, and qui et, brave en dur rance, And to life' $ day the glo rious, un known mor row Who, with the Ho ly Ghost, by all   things liv ing [NEWLINE] Whom Thou for ev er more dost join in one. With child like trust that fears no pain and death: That dawns up on ter nal love and life_ Now and to end less a ges art a dored."
464,https://hymnary.org/page/fetch/SSSH1989/464/high,[This image is under copyright]
465,https://hymnary.org/page/fetch/SSSH1989/465/high,[This image is under copyright]
466,https://hymnary.org/page/fetch/SSSH1989/466/high,"458 The Church in the Wildwood WILLIAM $. PITTS WILLIAM $. PITTS [NEWLINE] 1.. There' $ a church in the   valley by the wildwood, No love li er 2 0 come to the church in the wildwood, To the trees where the 3 How sweet on a clear Sunday morn ing; To list to the 4. From the   church in the valley by the wildwood, When day fades a [NEWLINE] spot in the dale; No place is SO dear to my child hood As  the wild flowers   bloom; Where the   part ing hymn will be chant ed, We will clear ring-! ing bell; Its tones SO sweetly are call ing; 0 way in to night; [would fain from this spot of my child hood Wing my [NEWLINE] DS : No spot is so dear to my child hood As the [NEWLINE] Fine [NEWLINE] lit tle   brown church in the vale weep by the side of the tomb come to the church  in the  vale. way to the mansions of  light: [NEWLINE] come, come, come, come, [NEWLINE] lit tle   brown church in the vale. [NEWLINE] Come to [NEWLINE] the church in [NEWLINE] the wild [NEWLINE] wood, [NEWLINE] come; come; [NEWLINE] come, come, [NEWLINE] come, come; come, come;"
467,https://hymnary.org/page/fetch/SSSH1989/467/high,"D.S. al fine [NEWLINE] come [NEWLINE] to [NEWLINE] the church in [NEWLINE] the vale; [NEWLINE] come, come; [NEWLINE] come, come, [NEWLINE] come, come, come, [NEWLINE] Fairest Lord Jesus [NEWLINE] Ath Verse Tr. JOSEPH A. SEISS [NEWLINE] Arr. by Richard S. Willis [NEWLINE] 1. Fair est Lord Je 2. Fair are the mead 3 Fair is the sun 4 Beau ti ful Sav [NEWLINE] sus! Ru ler of all na turel owS, Fair er still the wood lands, shine, Fair er still the moon light, iour! Lord of all the na tions! [NEWLINE] 0 Thou of God and man the Son! Thee will 1 cher ish, Robed in the blooming garb of spring; Je suS is fair er, And all the twinkling star ry host; Je sus  shines   bright er, Son of God and Son of Man! Glo ry and hon Or, [NEWLINE] Yd Thee   will hon Or, Thou, my soul's glo Ty, joy, and crown! Je sus is pur er, Who makes the woe ful heart to sing"" Je sus shines er, Than all the an gels Heav'n can boast! pur Praise, a dor a tion, Now and for ev er more be Thinel [NEWLINE] Favorite song of Dr. William Culbertson."
468,https://hymnary.org/page/fetch/SSSH1989/468/high,"From Every Stormy Wind H. STOWELL S. WILDER Solo Obligato 3 [NEWLINE] Accompanying voices pp HA [NEWLINE] L From ev ry stor y wind 2. There is a place where Je 3, There is a scene where spir 4 0 let my hand for get [NEWLINE] that [NEWLINE] blows; From sheds The blend, Where skill, My [NEWLINE] suS [NEWLINE] its her [NEWLINE] JHE [NEWLINE] ev [NEWLINE] Ty swell of glad holds fel be Si [NEWLINE] tide [NEWLINE] of woes; There our heads: A with friend; Though and still, This [NEWLINE] oil friend tongue [NEWLINE] ing ness on low ship lent; cold, [NEWLINE] Fi [NEWLINE] is place sun [NEWLINE] calm, than all dered far , ing heart [NEWLINE] sure be sides by faith for get [NEWLINE] re [NEWLINE] treat: 'Tis more sweet: It they meet A to beat, If [NEWLINE] bound"
469,https://hymnary.org/page/fetch/SSSH1989/469/high,"found is round [NEWLINE] be neath the blood [NEWLINE] the mer bought mer mon mer the mer [NEWLINE] cy seat. cy seat cy seat: cy seat! [NEWLINE] one com [NEWLINE] for get [NEWLINE] 461 Resting in His Promise JOHN R RICE JOHN R RICE [NEWLINE] 1a AlI my sins were laid on Je sus; On the cross my debt He paid. 2 Now there is no con dem na tion; Not a blot my re cord bears . 3 I have tak en life ter nal; 1 am now a son of God 4,""[ will nev er leave, forsake   thee;' None can take me from His hand  [NEWLINE] CHO. Rest ing sweet ly in His prom ise , Rest my soul on what He said. [NEWLINE] DC: [NEWLINE] Then He cried out, MIt is finished!- Ere He in the   tomb was laid. For my sins   the blood  all cov ers, Je suS righteous   robe wear. Of God s na ture now par tak er, Now no fear of   judgment'$ rod_ So the Saviour'$ promise claim-= ing; Now 1 live in Beu lah Land. [NEWLINE] 1+ Trust ing ful ly, whol ly trust ing, In the price my  Saviour paid."
470,https://hymnary.org/page/fetch/SSSH1989/470/high,"Christ Is King CHARLES R. SCOVILLE [NEWLINE] De LOSS SMITH [NEWLINE] 1. Come, friends 2. Cru ci 3. At His [NEWLINE] of the  faith that'$ So dear to thus He suffered and bled for on old 0l vet's Hill they [NEWLINE] sing, fied, feet, [NEWLINE] me, me, [NEWLINE] Re vealed through God $ Son, Death and the grave won Cloud char iots halt ed, [NEWLINE] say [NEWLINE] BT [NEWLINE] in sin' $ took [NEWLINE] Gal lee; vic to Ty; Christ a way; [NEWLINE] He brought peace on Then the sky grew Then the an gels [NEWLINE] earth dark [NEWLINE] and good will to the sons of men, and the tem ple veil rent in twain, and to wond 'ring dis ci ples said [NEWLINE] came [NEWLINE] Go Rocks He 'Il [NEWLINE] tell it to the world, her King reigns rent, and an gels came, for He lived come, and earth and sea shall yield up their"
471,https://hymnary.org/page/fetch/SSSH1989/471/high,"Unison ]H 1 p gain. gain. am SO hap Py in Je suS, Cap dead  1 1 44 J4 [NEWLINE] tivi ty'$   Captor is He; KFi [NEWLINE] Angels rejoice when [NEWLINE] soul '$ saved, [NEWLINE] Someday we   like Him shall be, [NEWLINE] Sorrow and joy have the same [NEWLINE] Lord, [NEWLINE] Val Iey of   shadows shall [NEWLINE] cresc [NEWLINE] Death has its   life, its door 0-pens in Heaven [NEWLINE] Harmony [NEWLINE] ter nal ly, Christ [NEWLINE] is [NEWLINE] King: [NEWLINE] sing;"
472,https://hymnary.org/page/fetch/SSSH1989/472/high,"Awakening Chorus CHARLOTTE G. HOMER CHARLES H. GABRIEL [NEWLINE] 1.A wakel a wakel and sing the blessed Sto ry; A Awakel awakel 2. Ring out! ring out! bells  of joy ad  gladness! Re Ring out! ring out! 4460 [NEWLINE] wakel wakel and let your song of praise a rise; A Awakel awakel peat; re peat, new the Sto Ty 0 'er again, Till Repeat, repeat, [NEWLINE] #XN wakel a wakel the earth is full of glo Ty, And Awakel awakel all the earth shall lose its weight of sad ness, And Till all the   earth [NEWLINE] Men in Unison [NEWLINE] light is beam ing from the ra diant skies; The rocks and And light is   beam-= ing shout new the glo ri ouS re frain; With angels And shout anew [NEWLINE] rills, the vales and hills resound with glad ness, All na ture in the heights sing of the great sal va tion  He wrest ed"
473,https://hymnary.org/page/fetch/SSSH1989/473/high,"joins from [NEWLINE] to sing the triumph song: the hand of sin and death. The Lord Je ho vah reigns and [NEWLINE] sin is   backward hurled! Rejoicel P rejoice! lift heart sin is backward hurled! [NEWLINE] and [NEWLINE] voice, [NEWLINE] Je ho [NEWLINE] vah reigns! Pro claim His SOv 'reign [NEWLINE] pow r to all the world, And let His glo rious pow r to all the   world, And let His grand and   glorious [NEWLINE] banner be un furled! Je ho vah reigns! Re joicel re banner be un furled! Je hovah reigns! Jeho- vah   reigns! Rejoicel [NEWLINE] joice! re joicel Je ho vah reigns! A re joicel re joicel  [NEWLINE] men_"
474,https://hymnary.org/page/fetch/SSSH1989/474/high,"God So Loved the World [NEWLINE] John 3.16, altered P Andante ma non lento [NEWLINE] JOHN STAINER [NEWLINE] cresc. [NEWLINE] God SO loved the world, [NEWLINE] God SO loved the   world, [NEWLINE] mf, 2 #F that He gave His on ly be got ten Son, that who SO be that [NEWLINE] cresc [NEWLINE] lieveth, be lieveth in Him should not per ish, should not [NEWLINE] per ish, but have ev er last ing life. [NEWLINE] For God sent not His [NEWLINE] Tenors only [NEWLINE] cresc [NEWLINE] mfi [NEWLINE] Son in to the world to condemn the world, God sent not   His Son in to the TB. [NEWLINE] world to con demn the world; But that the world through Him might be sav"
475,https://hymnary.org/page/fetch/SSSH1989/475/high,"pp [NEWLINE] cresc [NEWLINE] ed. God so loved the   world, [NEWLINE] God SO loved the  world, [NEWLINE] mf; 3 EEE that He gave His on ly be got ten Son, that who SO be that [NEWLINE] cresc. [NEWLINE] lieveth, be lieveth in Him should not perish, should not J [NEWLINE] cresc. [NEWLINE] per ish, but have ev er last ing life, ev life, ev er er last ing [NEWLINE] dim. e rall. [NEWLINE] PpP [NEWLINE] last ing, ev er last ing life. ev er last ing life. [NEWLINE] God so loved the   world, [NEWLINE] PPP rall. [NEWLINE] God SO loved the world, [NEWLINE] God SO loved the   world."
476,https://hymnary.org/page/fetch/SSSH1989/476/high,"The Ninety and Nine ELIZABETH C. CLEPHANE IRA D. SANKEY [NEWLINE] 1. There were nine ty and nine that safe ly Iay In the 2. ""Lord, Thou hast here Thy nine ty and nine; Are 3. But none of the ran somed ev er knew How 4. ~Lord, whence are   those blood drops all the way That 5_ But all   through the moun tains, thun der riv'n, And [NEWLINE] shel ter of the fold, But one was out on the they not e nough for Thee?"" But the   Shepherd made an swer: deep were the wa ters crossed; Nor how dark was   the   night that the mark out the mountain S track?"" ~They were shed for one who had up fromthe rock y steep, There a rose a glad cry to the 3P8 [NEWLINE] hills a way, Far off from the gates of gold ""This of Mine Has wan dered away from Me, Lord  passed through Ere He found His sheep that was lost. gone a stray Ere   the Shep _ herd could bring him back. gate of Heav'n, ""Re joice! 1have   found My sheepl [NEWLINE] And al [NEWLINE] ""Lord, And the [NEWLINE] rit_ [NEWLINE] way on the moun tains wild and   bare, A way from the ten der though the road be rough and   steep, I g0 to the   desert to Out in the des ert He heard its cry Sick and helpless, and whence are Thy hands So rent and torn?"" ~They' re pierced tonight by an gels echoed round the throne, ""Re joice, for the Lord brings"
477,https://hymnary.org/page/fetch/SSSH1989/477/high,"Shep herd  $ care, A way from the ten der Shep herd $ care. find My sheep; g0 t0 the des ert to find My sheep: read to die; Sick and   help less, and read y to die. y man y a thorn; They' re pierced to night by man y a thorn. back His own! Re joice, for the Lord brings back His own [NEWLINE] Breathe on Me, Breath of God 466 EDWIN HATCH ROBERT JACKSON [NEWLINE] 1. Breathe on me, Breath   of God, Fill me with life a new, That [ may 2. Breathe on me, Breath   of God, Un til my heart is pure, Un til with 3 Breathe on me, Breath   of God, Till 1 am whol ly Thine, Till all this 4 Breathe on me, Breath   of God, So shall I nev er die, But  live   with [NEWLINE] love what Thou dost love, And do what Thou wouldst do. Thee will one will, To do or to en dure . earth ly pant of me, Glows with Thy fire di vine. Thee the per fect life Of Thine ter ni ty."
478,https://hymnary.org/page/fetch/SSSH1989/478/high,"The BI-BL-E [NEWLINE] Anonymous [NEWLINE] Anonymous [NEWLINE] # The B - [ - BL - E, Yes, that'$  the Book for me; [NEWLINE] 3MF d|| [NEWLINE] stand a lone on the Word of God: The B - [ - BL ~ E_ DTPPEX 85 [NEWLINE] Isn't He Wonderful? [NEWLINE] S. JONES [NEWLINE] Arranged [NEWLINE] Is n't He won der ful, won der ful, won der ful? Is nt [NEWLINE] Je suS my Lord wonder ful? Eyes have   seen; ears   have heard; It's re"
479,https://hymnary.org/page/fetch/SSSH1989/479/high,"cord ed in God $ Word. Isn't Je suS my Lord wonder ful? [NEWLINE] Jesus Bids Us Shine 469 SUSAN WARNER EDWIN G. EXCELL [NEWLINE] 1. Je sus bids uS shine, With a clear,   pure  light; Like a lit tle 2. Je sus bids uS shine, First of all for Him; Well He sees and 3. Je suS bids us   shine,   Then, for all a round Man y kinds of 4 Je suS bids uS shine, As we work for Him, Bringing in the [NEWLINE] } 4 can dle Burn ing in the night; In this world of dark ness knows it If our light is dim; He looks down from Heav en, dark ness In this world a bound Sin, and want, and sor row: wan d'rer From   the paths of sin; He will ev er help uS, [NEWLINE] We must shine, You in your   small cor ner, And Sees uS shine, You in your   small cor ner, And We must shine, You in your   small cor ner, And As we shine, You in your   small cor ner, And [NEWLINE] in mine. in mine. in mine. in mine."
480,https://hymnary.org/page/fetch/SSSH1989/480/high,[This image is under copyright]
481,https://hymnary.org/page/fetch/SSSH1989/481/high,[This image is under copyright]
482,https://hymnary.org/page/fetch/SSSH1989/482/high,"Cleanse Me [NEWLINE] J. EDWIN ORR [NEWLINE] Maori Melody [NEWLINE] 1. Search me; 0 God, 2  praise Thee, Lord, 3. Lord, take my life, 4 0 Ho ly   Ghost; [NEWLINE] and know my heart t0 day; for   cleansing me   from sin: and make it whol ly Thine: re viv al comes from Thee: [NEWLINE] Try me, 0 Sav iour; know my thoughts, 1 pray: Ful fill Thy   Word, and make me pure with in; Fill my poor heart with Thy great love di vine; Send a re viv al start the work in me: [NEWLINE] See if there be Fill me with fire , Take all my will, Thy Word de clares [NEWLINE] some wick ed way in me: where once [ burned with shame: my passion, self and pride; Thou wilt sup ply our need: [NEWLINE] Cleanse me from ev ry sin, and set me free_ Grant my de sire to mag ni fy Thy name 1 now sur ren der: Lord, in me a bide. For bless ing now, 0 Lord, 1 hum bly plead. 4e: be"
483,https://hymnary.org/page/fetch/SSSH1989/483/high,"This Is My Father's World 472 MALTBIE D. BABCOCK FRANKLIN L. SHEPPARD [NEWLINE] 1. This is my Father' $ world, And to my list 'ning ears, AlI 2. This is my Father'  $ world, The birds   their car ols raise, The 3. This is my Father' $ world, let me ne er for get That [NEWLINE] na ture sings, and round me rings The mu sic of the spheres. morn ing light;, the lil y white, De clare their  Maker' $ praise. though the wrong seems oft SO strong, God is the Rul er yet: [NEWLINE] This is my Fa ther' $ world, 1 rest me in the   thought Of This is my Fa ther' $ world, He shines   in all that' $ fair; In the This is my Fa ther' $ world, The bat tle is not done, Je [NEWLINE] rocks and trees, of skies and seas,  His hand the won ders wrought: rus tling grass hear Him pass, He speaks to me ev-'rywhere_ sus who died shall be sat is fied, And   earth and Heav n be one."
484,https://hymnary.org/page/fetch/SSSH1989/484/high,"473 M J. CARTWRIGHT Effective Solo [NEWLINE] Ship Ahoy! [NEWLINE] D. B. TOWNER [NEWLINE] 1 [ was drift ing a way on life '$ pit less sea, And the 2. 'Twas the ""old ship of Zi on, thus sail ing a long; AII a 3. The   good Cap tain command ed a boat to be low' red, And with 4 0 soul sink ing down neath   sin ' $ mer ci less wave, The strong [NEWLINE] an gry waves threat ened my ru in to be, When a way at my board her seemed   joy ouS, heard their sweet song; And the Captain 's kind ten der com pas sion He took me on board; And [m hap Py to arm of our Captain is might y to save;  Then trust Him to [NEWLINE] side, there dim ly de scried A state ly old ves sel, and ear, ev er read y to hear, Caught my wail of dis tress, as day, all my sins   washed a way In the blood of my Sav iour, and day, no lon ger de Jay, Board the old ship of Zi on, and [NEWLINE] loud ly [ cried:  ""Ship a hoyl cried out in fear: ""Ship a hoy! now I can say: ""Bless the Lord! shout on your way: ""Je sus saves! [NEWLINE] Ship a hoy!' Ship a hoy!"" Bless the Lord! Je sus saves! [NEWLINE] And loud ly cried: ""Ship hoy! As cried out in fear: ""Ship a hoy! From my soul 1 can say: Bless the Lordl"" Shout and sing on your way: ""Je sus saves!"
485,https://hymnary.org/page/fetch/SSSH1989/485/high,"Though Your Sins Be As Scarlet 474 FANNY J. CROSBY WILLIAM H: DOANE DUET Gently [NEWLINE] 1, ""Tho' your sins be as scar Jet, They shall be as white as snow; 2. Hear the voice that en treats you, 0 re turn ye un to God! 3_ He'l for give your transgres-sions, And re member them no more; [NEWLINE] Tho"" your sins be as scar let, They shall be as white as snow; Hear the voice that en treats you, 0 re tur ye un to Godl He'Il for give your transgres sions, And re member   them no more; [NEWLINE] QUARTET [NEWLINE] Tho they be red He is of great ~Look un to Me, [NEWLINE] like crimson, They shall be as wooll"" com passion, And of wondrous love; ye people;' Saith the Lord your Godl [NEWLINE] 1 Tho' they be  red DUET p [NEWLINE] QUARTET [NEWLINE] Tho your   sins be as scar let, Tho your sins be as scar let, Hear the voice that en treats you, Hear the voice that en treats  yoU, He'Il for give   your trans gressions, He'II for give your trans gressions, [NEWLINE] P rit, [NEWLINE] #+ They shall be as  white as snow, They shall be as white as snow re turn ye un to Godl re turn ye un to Godl And re mem ber them no more , And re mem ber them no more."
486,https://hymnary.org/page/fetch/SSSH1989/486/high,"Jesus, Lover of My Soul CHARLES WESLEY REFUGE JOSEPH P. HOLBROOK [NEWLINE] 1. Je suS, Lov er of my soul, Let me to Thy bosom fly, While the 2. Oth er ref uge   have [ none; Hangs my helpless   soul on Thee; Leave, 0 3. Thou, 0 Christ, art all I want; More   than all in Thee 1 find: Raise the 4. Plenteous grace with Thee is  found, Grace to Cov er all   my sin; Let the [NEWLINE] near leave fall heal [NEWLINE] er wa [NEWLINE] ters roll; While   the tem me not a lone, Still sup port en, cheer the faint, Heal the sick, ing streams a bound; Make me, keep [NEWLINE] pest still is high! and com fort me: and lead the blind. me pure with in. [NEWLINE] Hide me, my Sav iour, hide, Till the storm of life is past; AlI my trust on Thee is stayed, AlI my help  from Thee 1 bring; Just and ho ly is Thy name, am all unright-eousness; Thou of life the foun tain art, Free ly let me take of Thee. [NEWLINE] Safe in to the ha ven guide, re ceive my soul at last. Cov er my de fense less head With the shad Ow of Thy wing: Vile, and full of sin 1 am, Thou art full of truth and grace. Spring Thou up with in my heart, Rise to all ter ni ty."
487,https://hymnary.org/page/fetch/SSSH1989/487/high,"My Plea [NEWLINE] 476 J.L; BAKER [NEWLINE] J.L: BAKER [NEWLINE] 1. Should 1 at the gates of Heaven ap pear To an swer the 2 Of all earth ly treas ures nothing Ive brought; No great deeds of 3 My sins, they are man Y, my virtues are few. The   blood of my 2 4 [NEWLINE] challenge; ' What claim hast   thou   here, What hast thou to of fer, yea, mer it have ev er wrought Tho vile and un worth y as Sav iour will car ry me through: When Christ in my place   died on [NEWLINE] what is   thy plea?"" With bless ed as SUIance my answer would be, mortal could be, I ve nothing to offer but this is my plea, Cal va ry $ tree, Halle lu jah, that   0-pened  God's Heaven to mel [NEWLINE] H E AlL that [ have is Je [NEWLINE] suS, [NEWLINE] AII that [ [NEWLINE] B claim is Je [NEWLINE] suS, [NEWLINE] AlI [NEWLINE] that 1 want, [NEWLINE] AII that 1 need, [NEWLINE] AIl that 1 plead is Je [NEWLINE] sus."
488,https://hymnary.org/page/fetch/SSSH1989/488/high,"Jesus in My Heart [NEWLINE] J.L: BAKER [NEWLINE] J.L. BAKER [NEWLINE] 1. You may won der why it is Tm al ways hap PY, You  may 2 You  may won der why I seek no earth ly treas ure , And the 3. It is Je suS who has   purchased my re demp tion, It was [NEWLINE] won der why Im sing ing all day long, You may won der at the lux ur y that gold a lone can buy, You may won der why I Je sus who transformed this   heart of mine, He who loved me and from [NEWLINE] joy with in my be ing That can on ly find expres-sion in my song: crave no worldly pleas ure . If you lis ten I will tell the rea son   why: all my sin has  washed me In the fountain of His   precious blood  di vine. [NEWLINE] It is Je suS, on ly Je [NEWLINE] suS; It is Je sus in my [NEWLINE] 3 4 heart. It is Je suS, on ly Je [NEWLINE] sus; It is [NEWLINE] Je suS in my heart. [NEWLINE] in my heart."
489,https://hymnary.org/page/fetch/SSSH1989/489/high,"Onward; Christian Soldiers 478 SABINE BARINGGOULD W.H JUDE Tempo di marcia Unison [NEWLINE] 1. On ward, Chris tian sol 2. On ward,  then, ye peo [NEWLINE] diers! plel [NEWLINE] Marching as to Join our hap Py [NEWLINE] war, throng; [NEWLINE] With the cross of Je Blend with ours your voic [NEWLINE] suS [NEWLINE] es [NEWLINE] Go ing on be fore. In the tri umph song; [NEWLINE] Christ; the roy al Glo ry, laud, and [NEWLINE] Mas hon [NEWLINE] ter, [NEWLINE] Leads Un [NEWLINE] against the foe; to Christ the King; [NEWLINE] or [NEWLINE] For ward in to bat This through count less a [NEWLINE] tle [NEWLINE] See, His ban ner Men and an gels [NEWLINE] ges"
490,https://hymnary.org/page/fetch/SSSH1989/490/high,"All Parts 8 > [NEWLINE] Onward, Christian sol [NEWLINE] diers! [NEWLINE] Marching as to war, O [NEWLINE] With the cross   of [NEWLINE] Je [NEWLINE] suS [NEWLINE] Go ing on be fore. [NEWLINE] Marching, [NEWLINE] marching, [NEWLINE] Marching as to [NEWLINE] war, [NEWLINE] With the cross of Je [NEWLINE] suS [NEWLINE] Go ing on be [NEWLINE] Fine Final ending only Men in Unison [NEWLINE] fore. [NEWLINE] men. [NEWLINE] At the   sign of tri Crowns and thrones may per mf [NEWLINE] umph ish, [NEWLINE] go! sing;"
491,https://hymnary.org/page/fetch/SSSH1989/491/high,"/ Sa tan' $ host doth flee; On, then, Chris tian King doms rise and wane, But the cross of [NEWLINE] sol Je [NEWLINE] diers , [NEWLINE] On to vic to Con stant will re [NEWLINE] ry! main; [NEWLINE] suS [NEWLINE] All Voices T Hell's foun da tions quiv er At the   shout, at the shout of Gates of Hell can nev er Gainst the crOSS , gainst the cross pre [NEWLINE] ff [NEWLINE] praise; vail; [NEWLINE] Broth ers, lift your voic es, We have Christ' s own   prom ise , [NEWLINE] bi: [NEWLINE] D.S. al fine [NEWLINE] Loud your an thems raise. And that can not fail, [NEWLINE] ax"
492,https://hymnary.org/page/fetch/SSSH1989/492/high,479 Hallelujah Chorus (The vocal score is complete and uniform with the Messiah edition) GEORGE FREDERICK HANDEL Allegro = 72) [NEWLINE] 7010 Halle lujah! Hal le lu jah! Hal le lujah! Halle - lujah! Hal- [NEWLINE] Halle lujah! Hal le lu jah! Halle lujah! Halle - lujah! HalL 65P806 [NEWLINE] Halle lu jah! Hal le lu jah! Halle lu jah! Halle lujah! Half [NEWLINE] Hal le lu jah! Hal le lu jah! Hal le lu jah! Halle lu jah! Hal- [NEWLINE] le [NEWLINE] lu jah! Hal le lu jah! Hal le lu jah! Halle [NEWLINE] le [NEWLINE] lu jah! [NEWLINE] Hal le lu jah! Hal le lu jah! Halle [NEWLINE] le [NEWLINE] u jah! [NEWLINE] Hal Je lu jah! Hal le lu jah! Halle [NEWLINE] le [NEWLINE] lu jah! [NEWLINE] Hal le lu jah! Hal le lu jah! Halle
493,https://hymnary.org/page/fetch/SSSH1989/493/high,lu jah! Halle lu jah! Hal le [NEWLINE] lu [NEWLINE] jah! for the Lord [NEWLINE] lu jah! Halle lu jah! Hal le PPP [NEWLINE] lujah! [NEWLINE] for the Lord [NEWLINE] lu jah! Halle lu jah! Hal le [NEWLINE] lu jah! [NEWLINE] for the Lord [NEWLINE] lu jah! Halle lu jah! Hal le [NEWLINE] lu jah! [NEWLINE] for the Lord [NEWLINE] God [NEWLINE] omnip 0 tent reign eth: Halle lu jah! Hal le lujah! Halle [NEWLINE] God omnip 0 tent reign eth_ Halle lu jah! Hal le lujah! Hal le TPP & [NEWLINE] God omnip 0 tent reign eth_ Halle lu jah! Hal le lujah! Hal le [NEWLINE] God omnip 0 tent reign eth: Halle lu jah! Hal le lu jah! Hal le [NEWLINE] lu jah! Hal le lu jah! [NEWLINE] lu jah! Hal le lu jah! For the Lord God omnip 0 tent 1 [NEWLINE] lu jah! Hal le lu jah! [NEWLINE] For the Lord God om nip 0 tent [NEWLINE] lu jah! Halle lu jah! [NEWLINE] For the Lord God   om nip 0 - tent
494,https://hymnary.org/page/fetch/SSSH1989/494/high,68 11 Halle lu jah! Hal le lu jah! Halle [NEWLINE] reign eth. [NEWLINE] Halle lu jah! Halle lu jah! Halle [NEWLINE] eth: [NEWLINE] Halle lu jah! Hal le u jah! Halle [NEWLINE] reign 94 [NEWLINE] reign eth: [NEWLINE] Halle lu jah! Hal le lu jah! Halle [NEWLINE] lu jah! Hal le lu jah! [NEWLINE] for [NEWLINE] the Lord [NEWLINE] jah! Hal lelu jah! [NEWLINE] lu jah! Hal lelu jah! [NEWLINE] Hal le lu jah! Hal le [NEWLINE] lu jah! Hal le lu jah! [NEWLINE] God omnip [NEWLINE] 0 tent [NEWLINE] reign [NEWLINE] eth; [NEWLINE] Hal le [NEWLINE] Hal le lu jah! Halle - lujah! Halle- lujah! WPP #88 lu jah! Hal le lu jah! Hal le lu jah! Halle lu jah! [NEWLINE] Hal le u jah!
495,https://hymnary.org/page/fetch/SSSH1989/495/high,#0 lujah! Halle lujah! Halle lu jah! Halle lujah! Hal 4 [NEWLINE] Hal le lujah! Hal le lu jah! [NEWLINE] Hal lelu - jah! Hal [NEWLINE] for [NEWLINE] the [NEWLINE] Lord [NEWLINE] God om nip [NEWLINE] tent [NEWLINE] for [NEWLINE] the [NEWLINE] Lord [NEWLINE] God om nip [NEWLINE] 0 tent [NEWLINE] 2#1 le lu jah! Halle-lujah! [NEWLINE] Halle-lujah! [NEWLINE] Halle lu jah! [NEWLINE] le lu [NEWLINE] jah! Hal le lujah! Hal le lujah! ph p Xh eth. Halle lu jah! Halle lujah! Halle lujah! [NEWLINE] reign [NEWLINE] reign [NEWLINE] eth. [NEWLINE] Halle Iu jah! [NEWLINE] Halle lujah! [NEWLINE] # Halle-lujah! Halle-lu jah! Halle-lujah! Halle-lujah! [NEWLINE] for [NEWLINE] the [NEWLINE] Lord [NEWLINE] God om nip [NEWLINE] tent [NEWLINE] for [NEWLINE] the [NEWLINE] Lord [NEWLINE] God om nip [NEWLINE] tent [NEWLINE] Halle-lu jah! Halle lu jah! Halle-lu jah! Halle-
496,https://hymnary.org/page/fetch/SSSH1989/496/high,"Hal lelu jah! Hal [NEWLINE] le lu [NEWLINE] jah! [NEWLINE] The p [NEWLINE] reign [NEWLINE] eth. Halle-lu jah! [NEWLINE] Hal le lu jah! [NEWLINE] The [NEWLINE] reign [NEWLINE] eth. [NEWLINE] Hal le [NEWLINE] lujah! [NEWLINE] The p [NEWLINE] lu jah! Hal le lu jah! Halle lujah! Halle-lu jah! [NEWLINE] The [NEWLINE] kingdom of this world [NEWLINE] is be come [NEWLINE] the [NEWLINE] kingdom of this world [NEWLINE] is [NEWLINE] be come the fe [NEWLINE] kingdom of this world [NEWLINE] is be come the f [NEWLINE] kingdom of this world [NEWLINE] is [NEWLINE] be come [NEWLINE] the [NEWLINE] kingdom of our Lord, and of His   Christ,  and of His   Christ; [NEWLINE] kingdom of our Lord, and of His   Christ,  and of His Christ; [NEWLINE] kingdom of our Lord, and of His   Christ,  and of His   Christ; [NEWLINE] kingdom of our Lord, and of His   Christ,  and of His   Christ; And He shall"
497,https://hymnary.org/page/fetch/SSSH1989/497/high,"And He shall reign for [NEWLINE] for ev er and ev [NEWLINE] er, [NEWLINE] for ev er, for [NEWLINE] And He shall [NEWLINE] ev [NEWLINE] er [NEWLINE] and ev [NEWLINE] And He shall [NEWLINE] ev [NEWLINE] er, [NEWLINE] And He shall reign, And He shall reign [NEWLINE] for [NEWLINE] And [NEWLINE] reign for [NEWLINE] er and ev [NEWLINE] er, for ev er [NEWLINE] reign [NEWLINE] for ev [NEWLINE] er and ev [NEWLINE] er, [NEWLINE] ev er, [NEWLINE] for ev er, [NEWLINE] for ev er, [NEWLINE] for [NEWLINE] reign [NEWLINE] er,"
498,https://hymnary.org/page/fetch/SSSH1989/498/high,"He shall reign for ev er and ev [NEWLINE] er, King of [NEWLINE] for ev er, [NEWLINE] for ev [NEWLINE] er [NEWLINE] and [NEWLINE] ev er, [NEWLINE] King of [NEWLINE] And He shall reign for ev= er and ev er, [NEWLINE] ever [NEWLINE] and ever, for ev er, for ev er, and ev er, [NEWLINE] and Lord of [NEWLINE] kings, and Lord   of PS#PR)4P [NEWLINE] for ever and ever, Halle-lujah! Halle lujah! 94 p AP [NEWLINE] for ever and ever, Halle-lu jah! Halle lujah! [NEWLINE] lords, [NEWLINE] King of [NEWLINE] lords, [NEWLINE] 94 HP P0VDPP for ever and ever, Halle-lu jah! Halle lu jah! px #ep# [NEWLINE] for ever and ever, Halle-lu jah! Halle lu jah! [NEWLINE] kings,"
499,https://hymnary.org/page/fetch/SSSH1989/499/high,"and Lord of [NEWLINE] for ever and ev -@r, Halle-lujah! Halle lu jah! [NEWLINE] for ever and ever, Halle-lu jah! Halle lu jah! [NEWLINE] # for ever and ever, Halle-lujah! Halle lu jah! [NEWLINE] lords, [NEWLINE] King of [NEWLINE] for ev er and ev er, Halle-lu jah! Halle lu jah! [NEWLINE] for ev er and ev er, Halle-lu jah! Halle lujah! [NEWLINE] for ev er and ev er, Halle-lujah! Halle lu jah! [NEWLINE] and Lord of [NEWLINE] for ev er and ev er, Halle-lujah! Halle lu jah! 94 3# [NEWLINE] for ev er and ever, Halle-lu jah! Halle lu jah! [NEWLINE] for ev er and ev er, Halle-lu jah! Halle lu jah! [NEWLINE] kings, [NEWLINE] kings,"
500,https://hymnary.org/page/fetch/SSSH1989/500/high,"lords , ff [NEWLINE] and Lord of lords, [NEWLINE] and He shall [NEWLINE] King of kings, and Lord of lords, ff 2 [NEWLINE] King of kings, and Lord of lords, ff [NEWLINE] King of kings, and Lord of lords, and He shall [NEWLINE] reign, [NEWLINE] and [NEWLINE] E)4 and He shall reign, and He shall [NEWLINE] and He shall   reign for ev [NEWLINE] er, [NEWLINE] reign for [NEWLINE] ev [NEWLINE] er and ev [NEWLINE] He shall reign for ev er and ev [NEWLINE] er, [NEWLINE] ff [NEWLINE] reign [NEWLINE] for ev er and ev [NEWLINE] er, King of ff [NEWLINE] and He shall reign for ev er and ev [NEWLINE] er, King of ff 2 [NEWLINE] and He shall reign for ev er and ev er, King of [NEWLINE] er,"
501,https://hymnary.org/page/fetch/SSSH1989/501/high,"ff [NEWLINE] 0 Halle-lu jah! Halle [NEWLINE] for ev er and ev er, [NEWLINE] kings; for ev er and ev er, and Lord of lords, Halle-lu jah! Halle [NEWLINE] and Lord of lords, [NEWLINE] kings, for ev er and ev er, and Lord of lords, Halle-lu jah! Halle [NEWLINE] lu jah! And He shall reign for ev er, for ev er and ev [NEWLINE] lu jah! [NEWLINE] And He shall   reign for [NEWLINE] ev er and ev [NEWLINE] And He shall reign for ev er, for ev er and ev [NEWLINE] lu jah! And He shall reign for ev er, for ev er and ev [NEWLINE] er, [NEWLINE] King of kings! and Lord of lords! King of [NEWLINE] er, [NEWLINE] King of kings! and Lord of lords! King of [NEWLINE] er, [NEWLINE] King of kings! and Lord of lords! King of [NEWLINE] er, [NEWLINE] King of kings! and Lord of lords! King of [NEWLINE] kings;"
502,https://hymnary.org/page/fetch/SSSH1989/502/high,"kings! andLord of lords! [NEWLINE] And He shall reign for ev er and ev [NEWLINE] kings! andLord of lords! [NEWLINE] And He shall reign for ev er and ev [NEWLINE] kings! andLord of lords! [NEWLINE] And He shall reign for ev er and ev [NEWLINE] kings! andLord of lords! And He shall reign for ev er and ev er and ev [NEWLINE] #4 er, King of kings! and Lord of lords! Halle-lujah! Halle- [NEWLINE] er [NEWLINE] for ev er and ev er, for ever and ever, Halle-lujah! Halle- 76 4I_ 86 1 86 [NEWLINE] er, for ev er and ev er, for ever and ever, Halle-lujah! Halle- [NEWLINE] )P}2 er, for ev er and ev er, for ever and ever, Halle-lujah! Halle- [NEWLINE] adagio [NEWLINE] 1 lujah! Halle-lujah! Halle lujah! Hal le lu jah! [NEWLINE] lujah! Halle-lujah! Halle lujah! [NEWLINE] Hal le lu jah! [NEWLINE] lujah! Halle-lu jah! Halle lu jah! [NEWLINE] Hal le lu jah! [NEWLINE] 1 lu jah! Halle-lujah! Halle lu jah! Hal le lu jah!"
